<?xml version="1.0" encoding="utf-8"?>
<COLLADA xmlns="http://www.collada.org/2005/11/COLLADASchema" version="1.4.1" xmlns:xsi="http://www.w3.org/2001/XMLSchema-instance">
  <asset>
    <contributor>
      <author>Blender User</author>
      <authoring_tool>Blender 4.5.2 LTS commit date:2025-08-19, commit time:15:00, hash:ab25eae04993</authoring_tool>
    </contributor>
    <created>2026-08-06T12:08:34</created>
    <modified>2026-08-06T12:08:34</modified>
    <unit name="meter" meter="1"/>
    <up_axis>Z_UP</up_axis>
  </asset>
  <library_effects>
    <effect id="材質-effect">
      <profile_COMMON>
        <technique sid="common">
          <lambert>
            <emission>
              <color sid="emission">0 0 0 1</color>
            </emission>
            <diffuse>
              <color sid="diffuse">0.8 0.8 0.8 1</color>
            </diffuse>
            <reflectivity>
              <float sid="specular">0.5</float>
            </reflectivity>
          </lambert>
        </technique>
      </profile_COMMON>
    </effect>
  </library_effects>
  <library_images/>
  <library_materials>
    <material id="材質-material" name="材質">
      <instance_effect url="#材質-effect"/>
    </material>
  </library_materials>
  <library_geometries>
    <geometry id="相機架組合-mesh" name="相機架組合">
      <mesh>
        <source id="相機架組合-mesh-positions">
          <float_array id="相機架組合-mesh-positions-array" count="16755">8.071436 33.99261 4.71584 8.071436 46.44261 4.715841 -0.008565545 46.44261 4.715842 -0.008569598 -46.56652 4.715837 8.071433 -46.56652 4.715837 -0.008568823 -28.06196 4.715838 8.071434 -34.11653 4.715837 27.99143 -0.06195998 4.715838 33.10342 -11.40196 4.715837 27.45342 5.400568 4.715838 25.86006 10.65318 4.715839 -0.008566379 27.93804 4.71584 5.453966 27.40003 4.71584 13.65135 32.16236 4.71584 10.70657 25.80667 4.71584 18.84671 29.42497 4.715839 15.5474 23.21919 4.71584 23.51128 25.85747 4.71584 19.79043 19.73703 4.715839 27.51374 21.56032 4.715839 23.27258 15.49401 4.715839 30.7414 16.65447 4.715838 33.10342 11.27804 4.715838 68.10343 11.27804 4.715837 68.10343 -11.40196 4.715836 27.45342 -5.524488 4.715838 25.86006 -10.7771 4.715838 30.7414 -16.7784 4.715837 23.27258 -15.61792 4.715837 27.51373 -21.68424 4.715837 23.51128 -25.98139 4.715837 19.79043 -19.86095 4.715837 18.84671 -29.54888 4.715837 15.5474 -23.34311 4.715838 13.65134 -32.28628 4.715837 10.70657 -25.93058 4.715837 5.453963 -27.52395 4.715838 33.10342 11.27804 -5.284162 30.7414 16.65447 -5.284162 27.51373 21.56032 -5.284161 23.51128 25.85747 -5.28416 18.84671 29.42497 -5.284161 13.65135 32.16236 -5.28416 8.071435 33.99261 -5.28416 8.071436 41.82825 -1.084158 8.071436 46.44261 -5.284159 8.071436 42.04261 -0.2841591 8.071436 41.82825 0.5158401 8.071436 39.05697 0.5158399 8.071436 38.84261 -0.2841593 8.071436 39.05697 -1.084158 8.071436 41.24261 -1.669798 8.071436 40.44261 -1.884158 8.071436 39.64261 -1.669798 8.071436 39.64261 1.10148 8.071436 40.44261 1.315839 8.071436 41.24261 1.10148 -0.008565962 46.44261 -5.284158 -0.008566081 39.05697 0.5158403 -0.008566081 38.84261 -0.2841589 -0.008566796 27.93804 -5.28416 -0.008566081 40.44261 -1.884157 -0.008566141 39.64261 -1.669798 -0.008566141 39.05697 -1.084158 -0.008566081 41.24261 -1.669798 -0.008566021 41.82825 -1.084158 -0.008565962 42.04261 -0.2841588 -0.008565902 41.82825 0.5158404 -0.008565902 41.24261 1.10148 -0.008565962 40.44261 1.31584 -0.008566021 39.64261 1.10148 5.453965 27.40003 -5.28416 10.70657 25.80667 -5.28416 15.5474 23.21919 -5.28416 19.79043 19.73703 -5.284161 23.27258 15.49401 -5.284161 25.86006 10.65318 -5.284161 27.45342 5.400569 -5.284162 27.99143 -0.0619595 -5.284162 27.45342 -5.524487 -5.284162 25.86006 -10.7771 -5.284162 23.27258 -15.61792 -5.284162 19.79043 -19.86095 -5.284162 15.5474 -23.34311 -5.284162 10.70657 -25.93058 -5.284162 5.453963 -27.52395 -5.284162 -0.00856924 -28.06196 -5.284162 -0.008569598 -41.95217 0.5158368 -0.008569657 -42.16652 -0.2841625 -0.008569657 -41.36653 -1.669802 -0.008569657 -40.56652 -1.884161 -0.008570075 -46.56652 -5.284163 -0.008569657 -41.95217 -1.084162 -0.008569598 -39.76653 -1.669801 -0.008569538 -39.18088 -1.084162 -0.008569478 -38.96652 -0.2841623 -0.008569478 -39.18088 0.515837 -0.008569478 -39.76653 1.101477 -0.008569478 -40.56652 1.315836 -0.008569538 -41.36653 1.101477 8.071433 -46.56652 -5.284163 8.071433 -39.18088 -1.084162 8.071433 -34.11653 -5.284162 8.071433 -38.96652 -0.2841627 8.071433 -39.18088 0.5158366 8.071433 -39.76653 1.101477 8.071433 -39.76653 -1.669802 8.071433 -40.56652 -1.884161 8.071433 -41.36653 -1.669802 8.071433 -40.56652 1.315836 8.071433 -41.36653 1.101476 8.071433 -41.95217 -1.084162 8.071433 -42.16652 -0.2841628 8.071433 -41.95217 0.5158364 13.65134 -32.28628 -5.284162 18.84671 -29.54888 -5.284162 23.51128 -25.98139 -5.284163 27.51373 -21.68424 -5.284163 30.7414 -16.7784 -5.284162 33.10342 -11.40196 -5.284162 76.10343 -11.40196 -5.284164 73.48907 -11.40196 23.48583 73.70343 -11.40196 24.28583 76.10343 -11.40196 28.71583 73.48907 -11.40196 25.08583 72.90343 -11.40196 25.67147 71.30343 -11.40196 22.90019 72.10343 -11.40196 22.68583 72.90343 -11.40196 22.90019 68.10343 -11.40196 28.71583 71.30343 -11.40196 25.67147 72.10343 -11.40196 25.88583 70.71779 -11.40196 23.48583 70.50343 -11.40196 24.28583 70.71779 -11.40196 25.08583 76.10343 11.27804 28.71584 76.10343 6.278038 28.71583 76.10343 6.278038 14.71584 76.10343 -6.401963 28.71583 76.10343 -6.401963 14.71583 76.10343 11.27804 -5.284163 70.71779 11.27804 23.48584 71.30343 11.27804 22.9002 72.10343 11.27804 22.68584 72.90343 11.27804 22.9002 70.50343 11.27804 24.28584 68.10343 11.27804 28.71584 70.71779 11.27804 25.08584 73.48907 11.27804 23.48584 73.70343 11.27804 24.28584 73.48907 11.27804 25.08584 72.90343 11.27804 25.67148 72.10343 11.27804 25.88584 71.30343 11.27804 25.67148 68.10343 -6.401962 28.71583 71.30343 -6.401963 25.67148 72.10343 -6.401963 25.88583 72.90343 -6.401963 25.67148 73.48907 -6.401963 23.48583 73.70343 -6.401963 24.28583 73.48907 -6.401963 25.08584 70.71779 -6.401962 23.48583 68.10343 -6.401962 14.71583 70.50343 -6.401962 24.28583 70.71779 -6.401963 25.08584 71.30343 -6.401963 22.90019 72.10343 -6.401963 22.68583 72.90343 -6.401963 22.90019 68.10343 6.278038 14.71584 72.90343 6.278038 22.90019 72.10343 6.278038 22.68583 71.30343 6.278038 22.90019 72.90343 6.278037 25.67148 73.48907 6.278037 25.08584 73.70343 6.278038 24.28583 73.48907 6.278038 23.48583 70.71779 6.278038 23.48583 70.50343 6.278038 24.28583 68.10343 6.278038 28.71583 70.71779 6.278038 25.08584 71.30343 6.278037 25.67148 72.10343 6.278037 25.88583 62.7085 -0.06196254 29.76073 63.71961 -6.401963 26.93625 62.7085 -16.80147 29.76073 63.71961 -32.56196 26.93625 62.7085 -32.56196 29.76073 62.70851 32.43803 29.76073 63.71961 32.43803 26.93625 62.70851 16.67755 29.76073 63.71961 -0.06196248 26.93625 63.71961 -2.901963 26.93625 73.13837 -2.901963 25.50604 74.7153 -2.901963 30.87251 73.60982 -2.901963 24.82509 76.40048 -2.901963 26.16505 73.67763 -2.901963 23.99965 72.38961 -2.901963 25.86003 71.56417 -2.901963 25.79222 65.90482 -2.901963 27.71851 76.69033 -2.901963 24.31554 76.2796 -2.901963 22.48908 73.32363 -2.901963 23.25089 75.22591 -2.901963 20.94169 72.64269 -2.901963 22.77945 73.67695 -2.901963 19.89031 71.81725 -2.901963 22.71163 71.81266 -2.901962 19.7198 70.01631 -2.901962 20.24693 71.06849 -2.901963 23.06563 68.53977 -2.901963 21.39779 70.59704 -2.901963 23.74657 67.59001 -2.901962 23.01106 70.52923 -2.901963 24.57202 70.88323 -2.901963 25.32077 71.56417 -6.401963 25.79222 74.7153 -6.401963 30.87251 70.88323 -6.401963 25.32077 65.90482 -6.401962 27.71851 70.52923 -6.401963 24.57202 73.32363 -6.401963 23.25089 76.2796 -6.401963 22.48908 73.67763 -6.401963 23.99965 76.69033 -6.401963 24.31554 73.60982 -6.401963 24.82509 76.40048 -6.401963 26.16505 73.13837 -6.401963 25.50604 72.38961 -6.401963 25.86003 71.06849 -6.401963 23.06563 70.01631 -6.401962 20.24693 71.81725 -6.401963 22.71163 71.81266 -6.401963 19.7198 72.64269 -6.401963 22.77945 73.67695 -6.401963 19.89031 75.22591 -6.401963 20.94169 70.59704 -6.401962 23.74657 67.59001 -6.401962 23.01106 68.53977 -6.401962 21.39779 73.32363 2.778037 23.25089 75.22591 2.778037 20.94169 76.2796 2.778037 22.48908 73.67763 2.778037 23.99965 76.69033 2.778037 24.31554 73.60982 2.778038 24.82509 76.40048 2.778037 26.16505 73.13837 2.778038 25.50604 74.7153 2.778037 30.87251 72.38961 2.778038 25.86003 73.67695 2.778038 19.89031 72.64269 2.778038 22.77945 71.81266 2.778038 19.7198 71.81725 2.778038 22.71163 70.01631 2.778038 20.24693 71.06849 2.778038 23.06563 68.53977 2.778038 21.39779 67.59001 2.778038 23.01106 70.59704 2.778037 23.74657 65.90482 2.778038 27.71851 70.52923 2.778038 24.57202 70.88323 2.778038 25.32077 71.56417 2.778038 25.79222 73.13837 6.278037 25.50604 74.7153 6.278037 30.87251 73.60982 6.278037 24.82509 76.40048 6.278037 26.16505 73.67763 6.278038 23.99965 76.69033 6.278038 24.31554 76.2796 6.278038 22.48908 73.32363 6.278038 23.25089 75.22591 6.278038 20.94169 72.64269 6.278038 22.77945 73.67695 6.278038 19.89031 71.81725 6.278038 22.71163 72.38961 6.278037 25.86003 71.56417 6.278037 25.79222 65.90482 6.278038 27.71851 71.81266 6.278038 19.7198 70.01631 6.278038 20.24693 71.06849 6.278038 23.06563 68.53977 6.278038 21.39779 70.59704 6.278038 23.74657 67.59001 6.278038 23.01106 70.52923 6.278038 24.57202 70.88323 6.278038 25.32077 53.8206 34.87773 53.07952 53.4568 32.43804 52.94929 68.32295 32.43804 58.2711 66.90336 37.0786 57.76292 65.25893 38.82522 57.17424 54.87639 37.0786 53.45747 68.32295 -32.56196 58.27109 53.45679 -32.56196 52.94928 67.95914 -35.00165 58.14086 67.95915 34.87773 58.14087 63.18682 39.94663 56.43246 60.88987 40.33304 55.6102 56.52082 38.82522 54.04616 58.59292 39.94663 54.78793 56.52081 -38.94915 54.04615 54.87638 -37.20252 53.45746 53.82059 -35.00165 53.07951 58.59292 -40.07055 54.78792 60.88986 -40.45696 55.61019 63.18681 -40.07055 56.43246 65.25892 -38.94915 57.17423 66.90335 -37.20252 57.76291 53.39635 -32.56196 52.82143 53.39635 32.43804 52.82143 53.76475 -35.03255 52.95331 54.83392 -37.26131 53.33605 56.49918 -39.03005 53.93219 58.59753 -40.16566 54.68336 60.92357 -40.55696 55.51604 63.24961 -40.16566 56.34872 65.34796 -39.03005 57.09989 67.01322 -37.26131 57.69603 68.08238 -35.03255 58.07876 68.45079 -32.56196 58.21065 68.4508 32.43804 58.21066 68.08239 34.90863 58.07877 67.01323 37.13738 57.69604 65.34797 38.90613 57.0999 63.24961 40.04173 56.34873 60.92357 40.43304 55.51604 58.59753 40.04173 54.68336 56.49918 38.90613 53.9322 54.83392 37.13738 53.33606 53.76476 34.90863 52.95332 53.60025 -32.56196 52.25182 53.60026 32.43804 52.25183 68.6547 -32.56196 57.64105 68.2863 -35.03255 57.50916 67.21714 -37.26131 57.12643 65.55187 -39.03005 56.53029 63.45352 -40.16566 55.77912 61.12748 -40.55696 54.94643 58.80144 -40.16566 54.11375 56.70309 -39.03005 53.36259 55.03783 -37.26131 52.76645 53.96866 -35.03255 52.38371 68.65471 32.43804 57.64106 53.96866 34.90863 52.38372 55.03783 37.13738 52.76646 56.70309 38.90613 53.36259 58.80144 40.04173 54.11376 61.12748 40.43304 54.94644 63.45352 40.04173 55.77913 65.55188 38.90613 56.5303 67.21714 37.13738 57.12643 68.2863 34.90863 57.50917 78.96179 33.38803 40.36355 79.51522 33.38803 40.56167 78.98837 32.56883 40.37306 79.54926 32.43803 40.57386 78.98837 8.988036 40.37306 79.54926 10.77137 40.57385 79.54926 9.068133 40.57385 79.50232 8.980635 40.55705 79.5134 8.988722 40.56101 79.54673 9.044878 40.57295 79.53443 9.013659 40.56854 79.48598 8.972586 40.5512 79.45508 8.966982 40.54014 78.96482 8.966982 40.36463 78.96482 8.988036 40.36463 79.45508 -9.09091 40.54014 78.96482 -9.09091 40.36463 79.24539 -8.879393 41.11346 78.8041 -8.795493 41.09827 78.61046 -8.09318 41.66862 78.54677 -7.311964 41.83527 78.92129 -7.311964 41.96934 78.95886 -7.916074 41.87191 78.98538 -8.093184 41.80284 78.64488 -8.268542 41.57807 79.07808 -8.489439 41.55967 79.19851 -8.795493 41.23946 78.92129 7.188036 41.96934 78.54677 7.188036 41.83527 78.96504 7.838446 41.85583 78.61046 7.969252 41.66862 78.98538 7.969256 41.80284 78.64488 8.144614 41.57807 79.07808 8.365508 41.55967 79.19851 8.671565 41.23946 78.8041 8.671565 41.09827 79.26026 8.778883 41.07331 79.54926 -10.8953 40.57385 79.54926 -32.56196 40.57385 78.98837 -32.69276 40.37306 78.96482 -9.111964 40.36463 78.98837 -9.111964 40.37306 56.95504 -35.77377 32.48552 56.23838 -35.00057 32.22897 56.57315 -32.69276 32.34881 56.01226 -32.56196 32.14802 78.60648 -35.77377 40.23635 62.17695 -43.00202 34.35487 61.24253 -42.95521 34.02037 59.85578 -41.11023 33.52394 59.45917 -41.40069 33.38195 58.07468 -38.64481 32.88633 57.9956 -39.50651 32.85802 56.90808 -37.34545 32.46871 73.38456 -43.00202 38.367 72.28437 -44.11032 37.97315 70.6815 -44.19124 37.39935 70.07668 -44.82164 37.18284 67.78076 -44.59686 36.36094 67.78076 -45.06182 36.36094 64.88002 -44.19124 35.32252 65.48484 -44.82164 35.53904 63.27714 -44.11032 34.74872 79.32313 -35.00057 40.4929 78.65344 -37.34545 40.25316 77.48683 -38.64481 39.83554 77.56591 -39.50651 39.86384 75.70574 -41.11023 39.19793 76.10234 -41.40069 39.33992 74.31899 -42.95521 38.7015 56.01226 -30.5653 32.14802 56.01214 -30.55456 32.14798 56.01211 -25.56196 32.14797 56.01211 -30.55131 32.14797 79.47474 -9.093138 40.54718 79.5042 -9.105765 40.55772 79.52823 -9.128363 40.56632 56.01211 -22.56196 32.14797 56.01211 -19.56196 32.14797 56.57315 -4.411152 32.34881 56.01211 -16.56196 32.14797 56.01211 -13.56196 32.14797 79.54926 -9.192061 40.57385 79.54386 -9.158308 40.57192 56.01211 -10.56196 32.14797 56.01211 -7.561962 32.14797 56.01211 -4.411152 32.14797 79.28841 -7.568807 38.29661 79.28224 -7.311963 38.27484 78.88883 -7.311964 38.134 79.30593 -7.81812 38.36046 78.91567 -7.929589 38.25968 79.3283 -8.022974 38.4468 79.44361 -8.713152 39.04435 79.41909 -8.584395 38.88342 78.99046 -8.575713 38.72081 79.37161 -8.318305 38.63354 79.33567 -8.079661 38.47657 79.46047 -8.801779 39.17755 79.03484 -8.993769 39.41676 79.49034 -8.96979 39.51647 79.50496 -9.111784 40.23935 79.50486 -9.081786 39.91778 79.00386 -9.111784 40.05996 79.50431 -9.074995 39.8807 79.49398 -8.993124 39.57933 79.28219 -0.06196367 38.27482 78.88883 7.188036 38.134 79.28221 3.563036 38.27483 79.28224 7.188037 38.27484 79.50496 8.987856 40.23935 79.00386 8.988036 40.05996 79.491 8.850016 39.52722 79.03484 8.869841 39.41676 79.47301 8.745432 39.2964 78.99046 8.451785 38.72081 79.4179 8.454085 38.87624 79.42463 8.489768 38.91724 79.46376 8.695338 39.20664 79.30731 7.708987 38.36564 78.91567 7.805663 38.25968 79.28768 7.429133 38.29401 79.2865 7.40129 38.28983 79.33776 7.971194 38.48516 79.35752 8.10657 38.56945 79.38094 8.249674 38.67811 79.39063 -34.92938 40.19842 79.53944 -33.87208 40.25169 79.08947 -9.111964 40.09061 57.39574 -38.12801 32.32464 58.13297 -39.47642 32.58856 58.1758 -38.64481 32.60389 79.60449 -32.56198 40.27498 79.60449 -9.211955 40.27498 79.59933 -9.18009 40.27313 56.67426 -32.69276 32.06636 56.15924 -32.56198 31.88201 56.2525 -34.12962 31.91539 57.05615 -35.77377 32.20307 56.70083 33.38803 32.07588 56.19343 33.38803 31.89424 56.67427 32.56883 32.06637 56.15925 32.43805 31.88201 79.58458 -9.151831 40.26785 79.56161 -9.129591 40.25963 79.53179 -9.115492 40.24895 70.69279 -44.64978 37.08475 70.78261 -44.19124 37.1169 69.23753 -44.92951 36.56379 67.88187 -44.59686 36.07849 68.23423 -45.00746 36.20463 64.33611 -44.42983 34.80917 64.98113 -44.19124 35.04008 62.96739 -43.8661 34.3192 62.27806 -43.00202 34.07242 62.2881 -43.50411 34.07602 59.72204 -41.50149 33.15741 59.95689 -41.11023 33.24149 58.72731 -40.33915 32.80132 58.40021 -39.88367 32.68422 56.5282 -35.66102 32.01408 56.81949 -36.68161 32.11835 57.13675 -37.53967 32.23193 79.31967 -35.28981 40.17301 79.08947 -32.69276 40.09061 79.02196 -36.43811 40.06644 78.70758 -35.77377 39.9539 78.47399 -37.8968 39.87028 77.58794 -38.64481 39.55309 78.00456 -38.84132 39.70223 64.74895 -44.56015 34.95696 65.30692 -44.70896 35.1567 66.76717 -44.95665 35.67945 60.13075 -41.90281 33.30373 60.83797 -42.51463 33.5569 61.66658 -43.11897 33.85353 56.15925 15.81562 31.88201 56.15924 -0.06196236 31.88201 56.15924 -15.93955 31.882 75.80684 -41.11023 38.91549 73.48567 -43.00202 38.08455 74.30098 -42.98046 38.37641 75.47663 -42.0466 38.79727 76.21446 -41.31986 39.0614 77.18629 -40.13584 39.4093 71.95915 -44.23566 37.53809 72.0931 -44.1819 37.58604 73.01496 -43.75595 37.91604 79.57032 33.38803 40.26275 79.06291 33.38803 40.08111 79.60449 32.43805 40.27499 79.08947 32.56883 40.09062 79.60449 9.088027 40.27498 79.08947 8.988036 40.09061 79.53934 8.994025 40.25166 79.55263 9.00009 40.25642 79.60311 9.071356 40.27449 79.56983 9.012049 40.26257 79.59197 9.039366 40.2705 53.45638 32.43803 41.03328 53.30755 29.64409 41.71897 52.59392 32.43804 45.57713 53.1584 29.40123 42.43936 53.04916 29.03217 42.99097 52.98768 28.70467 43.31141 52.95292 28.45476 43.49596 52.8993 27.87054 43.78579 52.86995 26.93804 43.94719 52.86995 19.90662 43.94718 52.83907 19.93804 44.11921 52.59392 19.93804 45.57713 52.87145 27.15469 43.93887 54.59727 32.43803 36.55123 56.01226 32.43803 32.14803 56.01226 30.44137 32.14803 55.05996 30.41035 35.00552 54.38562 30.25587 37.3017 53.99227 32.43803 38.78346 54.22407 30.1975 37.89558 53.50513 29.80242 40.81518 78.49411 34.08803 43.03789 77.99498 34.08803 42.85921 77.66194 34.27073 43.71551 78.12194 34.27073 43.88018 77.31765 34.79098 44.41926 77.73445 34.79098 44.56847 76.94678 35.64984 44.8726 77.35991 35.5696 44.98698 76.6529 36.48804 44.92792 77.0224 36.48804 45.06019 78.66079 34.08803 40.9993 79.20592 34.08803 41.19445 55.88375 34.08803 32.84553 56.42887 34.08803 33.04067 56.51282 34.03475 32.78619 55.96503 34.03475 32.59009 56.57256 33.88301 32.56637 56.02271 33.88301 32.36954 56.60202 33.65591 32.41575 56.05041 33.65591 32.21828 56.59972 33.38803 32.35833 56.04629 33.38803 32.16021 56.57315 32.56883 32.34882 56.01211 4.287228 32.14797 56.01211 10.43804 32.14797 56.57315 4.287228 32.34881 56.01212 13.43804 32.14797 56.01212 16.43804 32.14797 56.01212 19.43804 32.14797 56.01212 22.43804 32.14798 56.01212 25.43804 32.14798 56.01212 29.15772 32.14798 56.01212 30.42739 32.14798 56.01215 30.43063 32.14799 56.33412 -4.393696 33.32539 56.33412 -4.260006 33.32539 56.43523 -4.398933 33.04294 56.43523 -4.26786 33.04294 56.33412 4.136082 33.32539 56.33412 4.269772 33.32539 56.43523 4.143936 33.04294 56.43523 4.275009 33.04294 57.08731 -4.260006 33.59502 57.08731 -4.393696 33.59502 55.48566 -4.135567 38.06914 55.49661 -4.311314 38.03855 54.90267 -3.699708 39.69769 54.88407 -3.867795 39.74964 54.43828 -2.566777 40.99492 54.39506 -2.686867 41.11566 54.18149 -0.9538695 41.71227 54.12432 -0.9973418 41.87194 54.18149 0.829944 41.71227 54.12432 0.8734163 41.87194 54.43828 2.442852 40.99492 54.39506 2.562942 41.11566 54.90267 3.575782 39.69769 54.88407 3.743869 39.74964 55.48566 4.011642 38.06914 55.49661 4.187389 38.03855 57.08731 4.136082 33.59502 57.08731 4.269772 33.59502 76.40665 30.97919 44.42928 75.84295 30.68804 45.6947 75.75023 30.68804 45.9537 75.55454 30.56654 46.31833 74.46255 30.19262 48.55171 75.60654 30.61376 46.2479 74.8777 30.97919 48.70032 74.8777 31.89689 48.70032 76.79307 31.50327 43.52278 76.80164 31.44667 43.50229 76.8008 31.41608 43.50429 76.40665 31.89689 44.42928 76.61991 31.74225 43.93318 76.55182 31.35892 44.19503 76.77089 31.56115 43.57572 76.79653 31.38741 43.5145 76.76351 31.30086 43.59334 76.65059 31.16165 43.86096 75.47129 32.34243 46.49556 74.46255 32.68346 48.55171 74.8777 -25.10311 48.70032 74.8777 -26.02082 48.70032 74.46255 -24.31655 48.5517 74.46255 -26.80738 48.5517 52.09613 26.93804 43.14666 52.1078 26.93804 43.18331 52.14395 27.61747 43.08232 52.12932 26.93804 43.21686 52.14716 26.93804 43.23463 52.18388 27.62827 43.13204 52.76786 29.14285 41.50075 52.54548 28.91271 42.12194 52.81645 29.15208 41.51992 52.59314 28.92098 42.14371 52.51102 28.76959 42.37311 52.32275 28.37442 42.74413 52.36948 28.38043 42.76851 52.26562 27.89788 43.05863 52.23003 27.63116 43.15804 52.19316 26.93804 43.26106 52.13691 27.58495 42.97313 52.10249 26.93804 43.06928 52.09371 26.93804 43.12019 52.12897 27.60063 43.0217 52.26227 28.3169 42.64934 52.26705 28.28428 42.60957 52.47608 28.83363 42.05207 52.47581 28.78878 42.02643 52.68955 29.05455 41.45574 52.68423 29.00448 41.44422 52.28064 28.35195 42.70049 52.49989 28.88182 42.08803 52.71879 29.10835 41.47655 52.19315 -27.06197 43.26105 52.14739 -27.06197 43.23482 52.12931 -27.06197 43.21685 52.1081 -27.06197 43.18394 52.09613 -27.06197 43.14665 52.10249 22.43804 43.06928 52.10249 25.43804 43.06928 52.10249 19.43804 43.06927 52.10249 16.43804 43.06927 52.10249 13.43804 43.06927 52.10249 10.43804 43.06927 52.10248 -0.06196266 43.06927 52.10248 -7.561963 43.06927 52.10248 -10.56196 43.06927 52.10248 -13.56196 43.06927 52.10248 -16.56196 43.06927 52.10248 -19.56197 43.06927 52.10248 -22.56197 43.06927 52.10248 -25.56196 43.06927 52.09371 -27.06197 43.12128 52.10248 -27.06197 43.06927 52.14426 -27.74155 43.08293 52.12899 -27.72487 43.02275 52.18412 -27.75223 43.13223 52.23003 -27.75509 43.15803 52.26562 -28.02181 43.05862 52.32299 -28.49841 42.74431 52.36948 -28.50436 42.7685 52.51102 -28.89351 42.37311 52.54574 -29.03674 42.12208 52.59314 -29.04491 42.14371 52.76812 -29.26688 41.50086 52.81645 -29.276 41.51991 52.47581 -28.91271 42.02642 52.68423 -29.1284 41.44421 52.68984 -29.17949 41.45604 52.47627 -28.95847 42.05264 52.26235 -28.44148 42.6502 52.26705 -28.4082 42.60956 52.1369 -27.70888 42.97312 52.71923 -29.23277 41.4768 52.50028 -29.00619 42.08842 52.28098 -28.4762 42.70101 52.76873 -29.1731 41.20817 52.77576 -29.22853 41.22103 52.80339 -29.277 41.23997 52.84748 -29.30944 41.26181 52.9012 -29.32084 41.28316 52.98323 23.18804 41.20238 52.79493 22.98804 41.13498 52.85684 23.28852 41.55545 52.63484 23.11531 41.58219 52.76432 23.56304 41.8139 52.51764 23.46304 41.90956 52.73045 23.93804 41.9085 52.47475 23.93804 42.02939 52.76432 24.31304 41.8139 52.51764 24.41304 41.90956 52.85684 24.58756 41.55545 52.63484 24.76076 41.58219 52.98323 24.68804 41.20238 52.79493 24.88804 41.13498 52.98323 20.18804 41.20238 52.79493 19.98804 41.13497 52.85684 20.28852 41.55544 52.63484 20.11531 41.58218 52.76432 20.56304 41.8139 52.51764 20.46304 41.90956 52.73045 20.93804 41.9085 52.47475 20.93804 42.02939 52.76432 21.31304 41.8139 52.51764 21.41304 41.90956 52.85684 21.58756 41.55544 52.63484 21.76076 41.58218 52.98323 21.68804 41.20238 52.79493 21.88804 41.13498 52.98323 17.18804 41.20238 52.79493 16.98804 41.13497 52.85684 17.28852 41.55544 52.63484 17.11532 41.58218 52.76432 17.56304 41.8139 52.51764 17.46304 41.90956 52.73045 17.93804 41.9085 52.47475 17.93804 42.02939 52.76432 18.31304 41.8139 52.51764 18.41304 41.90956 52.85684 18.58756 41.55544 52.63484 18.76076 41.58218 52.98323 18.68804 41.20238 52.79493 18.88804 41.13497 52.98323 14.18804 41.20238 52.79493 13.98804 41.13497 52.85684 14.28852 41.55544 52.63484 14.11531 41.58218 52.76432 14.56304 41.8139 52.51764 14.46304 41.90956 52.73045 14.93804 41.9085 52.47475 14.93804 42.02939 52.76432 15.31304 41.8139 52.51764 15.41304 41.90956 52.85684 15.58756 41.55544 52.63484 15.76076 41.58218 52.98323 15.68804 41.20238 52.79493 15.88804 41.13497 52.98323 11.18804 41.20238 52.79493 10.98804 41.13497 52.85684 11.28852 41.55544 52.63484 11.11531 41.58218 52.76432 11.56304 41.8139 52.51764 11.46304 41.90956 52.73045 11.93804 41.9085 52.47475 11.93804 42.02939 52.76432 12.31304 41.8139 52.51764 12.41304 41.90956 52.85684 12.58756 41.55544 52.63484 12.76076 41.58218 52.98323 12.68804 41.20238 52.79493 12.88804 41.13497 52.98323 8.188038 41.20238 52.79493 7.988037 41.13497 52.85684 8.288521 41.55544 52.63484 8.115315 41.58218 52.76432 8.563038 41.8139 52.51764 8.46304 41.90956 52.73045 8.938038 41.9085 52.47475 8.938038 42.02939 52.76432 9.313038 41.8139 52.51764 9.413041 41.90956 52.85684 9.587559 41.55544 52.63484 9.760762 41.58218 52.98323 9.688038 41.20238 52.79493 9.888039 41.13497 52.98323 5.188037 41.20238 52.79493 4.988037 41.13497 52.85684 5.288516 41.55544 52.63484 5.115314 41.58218 52.76432 5.563037 41.8139 52.51764 5.463039 41.90956 52.73045 5.938037 41.9085 52.47475 5.938037 42.02939 52.76432 6.313037 41.8139 52.51764 6.41304 41.90956 52.85684 6.587558 41.55544 52.63484 6.760761 41.58218 52.98323 6.688037 41.20238 52.79493 6.888038 41.13497 52.98323 -6.811963 41.20238 52.79493 -7.011963 41.13497 52.85684 -6.71148 41.55544 52.63484 -6.884686 41.58218 52.76432 -6.436963 41.8139 52.51764 -6.536961 41.90956 52.73045 -6.061963 41.9085 52.47474 -6.061963 42.02939 52.76432 -5.686963 41.8139 52.51764 -5.586964 41.90956 52.85684 -5.412442 41.55544 52.63484 -5.239239 41.58218 52.98323 -5.311963 41.20238 52.79493 -5.111962 41.13497 52.98323 -9.811963 41.20238 52.79493 -10.01196 41.13497 52.85684 -9.71148 41.55544 52.63484 -9.884686 41.58218 52.76432 -9.436963 41.8139 52.51764 -9.536961 41.90956 52.73045 -9.061963 41.9085 52.47474 -9.061963 42.02939 52.76432 -8.686963 41.8139 52.51764 -8.586964 41.90956 52.85684 -8.412446 41.55544 52.63484 -8.239239 41.58218 52.98323 -8.311963 41.20238 52.79493 -8.111962 41.13497 52.98323 -12.81196 41.20238 52.79493 -13.01196 41.13497 52.85684 -12.71148 41.55544 52.63484 -12.88469 41.58218 52.76432 -12.43696 41.8139 52.51764 -12.53696 41.90956 52.73045 -12.06196 41.9085 52.47474 -12.06196 42.02939 52.76432 -11.68696 41.8139 52.51764 -11.58696 41.90956 52.85684 -11.41244 41.55544 52.63484 -11.23924 41.58218 52.98323 -11.31196 41.20238 52.79493 -11.11196 41.13497 52.98323 -15.81196 41.20238 52.79493 -16.01196 41.13497 52.85684 -15.71148 41.55544 52.63484 -15.88469 41.58218 52.76432 -15.43696 41.8139 52.51764 -15.53696 41.90956 52.73045 -15.06196 41.9085 52.47474 -15.06196 42.02939 52.76432 -14.68696 41.8139 52.51764 -14.58696 41.90956 52.85684 -14.41244 41.55544 52.63484 -14.23924 41.58218 52.98323 -14.31196 41.20238 52.79493 -14.11196 41.13497 52.98323 -18.81197 41.20238 52.79493 -19.01196 41.13497 52.85684 -18.71148 41.55544 52.63484 -18.88469 41.58218 52.76432 -18.43696 41.8139 52.51764 -18.53697 41.90956 52.73045 -18.06196 41.9085 52.47474 -18.06196 42.02939 52.76432 -17.68697 41.8139 52.51764 -17.58696 41.90956 52.85684 -17.41245 41.55544 52.63484 -17.23924 41.58218 52.98323 -17.31196 41.20238 52.79493 -17.11196 41.13497 52.98323 -21.81196 41.20238 52.79493 -22.01196 41.13497 52.85684 -21.71148 41.55544 52.63484 -21.88469 41.58218 52.76432 -21.43697 41.8139 52.51764 -21.53697 41.90956 52.73045 -21.06196 41.9085 52.47474 -21.06196 42.02939 52.76432 -20.68697 41.8139 52.51764 -20.58696 41.90956 52.85684 -20.41245 41.55544 52.63484 -20.23924 41.58218 52.98323 -20.31196 41.20238 52.79493 -20.11196 41.13497 52.98323 -24.81196 41.20238 52.79493 -25.01196 41.13497 52.85684 -24.71148 41.55544 52.63484 -24.88469 41.58218 52.76432 -24.43696 41.81389 52.51764 -24.53697 41.90956 52.73045 -24.06196 41.9085 52.47474 -24.06196 42.02939 52.76432 -23.68696 41.81389 52.51764 -23.58696 41.90956 52.85684 -23.41245 41.55544 52.63484 -23.23924 41.58218 52.98323 -23.31197 41.20238 52.79493 -23.11196 41.13497 52.98323 -27.81197 41.20238 52.79493 -28.01196 41.13497 52.85684 -27.71148 41.55544 52.63484 -27.88469 41.58218 52.76432 -27.43696 41.81389 52.51764 -27.53697 41.90956 52.73045 -27.06197 41.9085 52.47474 -27.06197 42.02939 52.76432 -26.68696 41.81389 52.51764 -26.58696 41.90956 52.85684 -26.41245 41.55544 52.63484 -26.23924 41.58218 52.98323 -26.31196 41.20238 52.79493 -26.11196 41.13497 52.98323 26.18804 41.20238 52.79493 25.98804 41.13498 52.85684 26.28852 41.55545 52.63484 26.11532 41.58219 52.76432 26.56304 41.8139 52.51764 26.46304 41.90956 52.73045 26.93804 41.9085 52.47475 26.93804 42.02939 52.76432 27.31304 41.8139 52.51764 27.41304 41.90956 52.85684 27.58756 41.55545 52.63484 27.76076 41.58219 52.98323 27.68804 41.20238 52.79493 27.88804 41.13498 52.77576 29.10461 41.22104 52.76873 29.04918 41.20818 52.8034 29.15308 41.23998 52.84748 29.18552 41.26181 52.9012 29.19692 41.28317 55.14027 23.18804 35.17684 54.95197 22.98804 35.10943 55.14027 24.68804 35.17684 54.95197 24.88804 35.10943 55.24995 24.61377 34.87047 55.09089 24.79396 34.72136 55.3379 24.40566 34.62477 55.2023 24.53035 34.41015 55.38671 24.10493 34.48843 55.26412 24.14943 34.23744 55.38671 23.77115 34.48843 55.26412 23.72664 34.23744 55.3379 23.47042 34.62477 55.2023 23.34572 34.41015 55.24995 23.26231 34.87047 55.09089 23.08212 34.72136 53.50105 24.68804 41.38776 53.37466 24.58756 41.74082 53.28214 24.31304 41.99927 53.24827 23.93804 42.09387 53.28214 23.56304 41.99927 53.37466 23.28852 41.74082 53.50105 23.18804 41.38776 54.57957 24.68804 38.37498 54.45318 24.58756 38.72804 54.36066 24.31304 38.9865 54.32679 23.93804 39.0811 54.36066 23.56304 38.9865 54.45318 23.28852 38.72804 54.57957 23.18804 38.37498 55.14027 20.18804 35.17684 54.95197 19.98804 35.10943 55.14027 21.68804 35.17684 54.95197 21.88804 35.10943 55.24995 21.61376 34.87046 55.09089 21.79396 34.72136 55.3379 21.40566 34.62477 55.2023 21.53035 34.41015 55.38671 21.10493 34.48842 55.26412 21.14943 34.23744 55.38671 20.77115 34.48842 55.26412 20.72664 34.23744 55.3379 20.47042 34.62477 55.2023 20.34572 34.41015 55.24995 20.26231 34.87046 55.09089 20.08212 34.72136 53.50105 21.68804 41.38775 53.37466 21.58756 41.74081 53.28214 21.31304 41.99927 53.24827 20.93804 42.09387 53.28214 20.56304 41.99927 53.37466 20.28852 41.74081 53.50105 20.18804 41.38775 54.57957 21.68804 38.37498 54.45318 21.58756 38.72804 54.36066 21.31304 38.98649 54.57957 20.18804 38.37498 54.45318 20.28852 38.72804 54.36066 20.56304 38.98649 54.32679 20.93804 39.0811 55.14027 17.18804 35.17684 54.95197 16.98804 35.10943 55.14027 18.68804 35.17684 54.95197 18.88804 35.10943 55.24995 18.61376 34.87046 55.09089 18.79396 34.72136 55.3379 18.40566 34.62477 55.2023 18.53035 34.41015 55.38671 18.10493 34.48842 55.26412 18.14943 34.23744 55.38671 17.77115 34.48842 55.26412 17.72665 34.23744 55.3379 17.47042 34.62477 55.2023 17.34572 34.41015 55.24995 17.26231 34.87046 55.09089 17.08212 34.72136 53.50105 18.68804 41.38775 53.37466 18.58756 41.74081 53.28214 18.31304 41.99927 53.24827 17.93804 42.09387 53.28214 17.56304 41.99927 53.37466 17.28852 41.74081 53.50105 17.18804 41.38775 54.45318 17.28852 38.72804 54.57957 17.18804 38.37498 54.36066 17.56304 38.98649 54.36066 18.31304 38.98649 54.45318 18.58756 38.72804 54.57957 18.68804 38.37498 54.32679 17.93804 39.0811 55.14027 14.18804 35.17684 54.95197 13.98804 35.10943 55.14027 15.68804 35.17684 54.95197 15.88804 35.10943 55.24995 15.61377 34.87046 55.09089 15.79396 34.72136 55.3379 15.40565 34.62477 55.2023 15.53035 34.41015 55.38671 15.10493 34.48842 55.26412 15.14943 34.23744 55.38671 14.77115 34.48842 55.26412 14.72664 34.23744 55.3379 14.47042 34.62477 55.2023 14.34572 34.41015 55.24995 14.26231 34.87046 55.09089 14.08212 34.72136 53.50105 15.68804 41.38775 53.37466 15.58756 41.74081 53.28214 15.31304 41.99927 53.24827 14.93804 42.09387 53.28214 14.56304 41.99927 53.37466 14.28852 41.74081 53.50105 14.18804 41.38775 54.45318 14.28852 38.72804 54.57957 14.18804 38.37498 54.36066 14.56304 38.98649 54.57957 15.68804 38.37498 54.45318 15.58756 38.72804 54.36066 15.31304 38.98649 54.32679 14.93804 39.0811 55.14027 11.18804 35.17684 54.95197 10.98804 35.10943 55.14027 12.68804 35.17684 54.95197 12.88804 35.10943 55.24995 12.61377 34.87046 55.09089 12.79396 34.72136 55.3379 12.40565 34.62477 55.2023 12.53035 34.41015 55.38671 12.10493 34.48842 55.26412 12.14943 34.23744 55.38671 11.77115 34.48842 55.26412 11.72664 34.23744 55.3379 11.47042 34.62477 55.2023 11.34572 34.41015 55.24995 11.26231 34.87046 55.09089 11.08212 34.72136 53.50105 12.68804 41.38775 53.37466 12.58756 41.74081 53.28214 12.31304 41.99927 53.24827 11.93804 42.09387 53.28214 11.56304 41.99927 53.37466 11.28852 41.74081 53.50105 11.18804 41.38775 54.57957 12.68804 38.37498 54.45318 12.58756 38.72804 54.36066 12.31304 38.98649 54.57957 11.18804 38.37498 54.45318 11.28852 38.72804 54.36066 11.56304 38.98649 54.32679 11.93804 39.0811 55.14027 8.188038 35.17684 54.95196 7.988037 35.10943 55.14027 9.688038 35.17684 54.95197 9.888039 35.10943 55.24995 9.613766 34.87046 55.09089 9.793957 34.72136 55.3379 9.405655 34.62477 55.2023 9.530354 34.41015 55.3867 9.104928 34.48842 55.26412 9.149434 34.23744 55.3867 8.771149 34.48842 55.26412 8.726643 34.23744 55.33789 8.470421 34.62477 55.2023 8.345723 34.41015 55.24994 8.26231 34.87046 55.09089 8.082119 34.72136 53.50105 9.688038 41.38775 53.37466 9.587559 41.74081 53.28214 9.313038 41.99927 53.24827 8.938038 42.09387 53.28214 8.563038 41.99927 53.37466 8.288521 41.74081 53.50105 8.188038 41.38775 54.45318 8.288521 38.72804 54.57957 8.188037 38.37498 54.36066 8.563038 38.98649 54.36066 9.313038 38.98649 54.45318 9.587559 38.72804 54.57957 9.688037 38.37498 54.32679 8.938038 39.0811 55.14027 5.188038 35.17684 54.95196 4.988037 35.10943 55.14027 6.688038 35.17684 54.95196 6.888039 35.10943 55.24994 6.613766 34.87046 55.09089 6.793957 34.72136 55.33789 6.405655 34.62477 55.2023 6.530354 34.41015 55.3867 6.104927 34.48842 55.26412 6.149433 34.23744 55.3867 5.771149 34.48842 55.26412 5.726643 34.23744 55.33789 5.470421 34.62477 55.2023 5.345722 34.41015 55.24994 5.26231 34.87046 55.09089 5.082119 34.72136 53.50105 6.688037 41.38775 53.37466 6.587558 41.74081 53.28214 6.313037 41.99927 53.24827 5.938037 42.09387 53.28214 5.563037 41.99927 53.37466 5.288516 41.74081 53.50105 5.188037 41.38775 54.57957 6.688038 38.37498 54.45318 6.587559 38.72804 54.36066 6.313038 38.98649 54.57957 5.188038 38.37498 54.45318 5.288517 38.72804 54.36066 5.563038 38.98649 54.32679 5.938038 39.0811 55.14027 -6.811962 35.17684 54.95196 -7.011963 35.10943 55.14027 -5.311962 35.17684 54.95196 -5.111961 35.10943 55.24994 -5.386234 34.87046 55.09089 -5.206043 34.72136 55.33789 -5.594345 34.62477 55.2023 -5.469646 34.41015 55.3867 -5.895073 34.48842 55.26412 -5.850567 34.23744 55.3867 -6.228851 34.48842 55.26412 -6.273357 34.23744 55.33789 -6.529579 34.62477 55.2023 -6.654278 34.41015 55.24994 -6.73769 34.87046 55.09089 -6.917881 34.72136 53.50105 -5.311963 41.38775 53.37466 -5.412442 41.74081 53.28213 -5.686963 41.99927 53.24827 -6.061963 42.09387 53.28213 -6.436963 41.99927 53.37466 -6.71148 41.74081 53.50105 -6.811963 41.38775 54.45318 -6.711479 38.72804 54.57957 -6.811962 38.37498 54.36066 -6.436962 38.98649 54.36066 -5.686962 38.98649 54.45318 -5.412441 38.72804 54.57957 -5.311962 38.37498 54.32679 -6.061962 39.0811 55.14027 -9.811963 35.17684 54.95196 -10.01196 35.10943 55.14027 -8.311963 35.17684 54.95196 -8.111962 35.10943 55.24994 -8.386235 34.87046 55.09089 -8.206044 34.72136 55.33789 -8.594346 34.62477 55.2023 -8.469647 34.41015 55.3867 -8.895073 34.48842 55.26412 -8.850567 34.23744 55.3867 -9.228852 34.48842 55.26412 -9.273358 34.23744 55.33789 -9.52958 34.62477 55.2023 -9.654278 34.41015 55.24994 -9.73769 34.87046 55.09089 -9.917881 34.72136 53.50105 -8.311963 41.38775 53.37466 -8.412446 41.74081 53.28213 -8.686963 41.99927 53.24827 -9.061963 42.09387 53.28213 -9.436963 41.99927 53.37466 -9.71148 41.74081 53.50105 -9.811963 41.38775 54.57957 -8.311964 38.37498 54.45318 -8.412446 38.72804 54.36066 -8.686963 38.98649 54.57957 -9.811964 38.37498 54.45318 -9.71148 38.72804 54.36066 -9.436963 38.98649 54.32679 -9.061963 39.0811 55.14027 -12.81196 35.17684 54.95196 -13.01196 35.10943 55.14027 -11.31196 35.17684 54.95196 -11.11196 35.10943 55.24994 -11.38623 34.87046 55.09089 -11.20604 34.72136 55.33789 -11.59434 34.62477 55.2023 -11.46965 34.41015 55.3867 -11.89507 34.48842 55.26412 -11.85057 34.23744 55.3867 -12.22885 34.48842 55.26412 -12.27336 34.23744 55.33789 -12.52958 34.62477 55.2023 -12.65428 34.41015 55.24994 -12.73769 34.87046 55.09089 -12.91788 34.72136 53.50105 -11.31196 41.38775 53.37466 -11.41244 41.74081 53.28213 -11.68696 41.99927 53.24827 -12.06196 42.09387 53.28213 -12.43696 41.99927 53.37466 -12.71148 41.74081 53.50105 -12.81196 41.38775 54.45318 -12.71148 38.72804 54.57957 -12.81196 38.37498 54.36066 -12.43696 38.98649 54.36066 -11.68696 38.98649 54.45318 -11.41244 38.72804 54.57957 -11.31196 38.37498 54.32679 -12.06196 39.0811 55.14027 -15.81196 35.17684 54.95196 -16.01196 35.10943 55.14027 -14.31196 35.17684 54.95196 -14.11196 35.10943 55.24994 -14.38623 34.87046 55.09089 -14.20604 34.72136 55.33789 -14.59434 34.62477 55.2023 -14.46965 34.41015 55.3867 -14.89507 34.48842 55.26412 -14.85057 34.23744 55.3867 -15.22885 34.48842 55.26412 -15.27336 34.23744 55.33789 -15.52958 34.62477 55.2023 -15.65428 34.41015 55.24994 -15.73769 34.87046 55.09089 -15.91788 34.72136 53.50105 -14.31196 41.38775 53.37466 -14.41244 41.74081 53.28213 -14.68696 41.99927 53.24827 -15.06196 42.09387 53.28213 -15.43696 41.99927 53.37466 -15.71148 41.74081 53.50105 -15.81196 41.38775 54.45318 -15.71148 38.72804 54.57957 -15.81196 38.37498 54.36066 -15.43696 38.98649 54.57957 -14.31196 38.37498 54.45318 -14.41244 38.72804 54.36066 -14.68696 38.98649 54.32679 -15.06196 39.0811 55.14027 -18.81197 35.17684 54.95196 -19.01196 35.10943 55.14027 -17.31196 35.17684 54.95196 -17.11196 35.10943 55.24994 -17.38624 34.87046 55.09089 -17.20604 34.72136 55.33789 -17.59435 34.62477 55.2023 -17.46965 34.41015 55.3867 -17.89507 34.48842 55.26412 -17.85057 34.23744 55.3867 -18.22885 34.48842 55.26412 -18.27335 34.23744 55.33789 -18.52958 34.62477 55.2023 -18.65427 34.41015 55.24994 -18.73769 34.87046 55.09089 -18.91789 34.72136 53.50105 -17.31196 41.38775 53.37466 -17.41245 41.74081 53.28213 -17.68697 41.99927 53.24827 -18.06196 42.09387 53.28213 -18.43696 41.99927 53.37466 -18.71148 41.74081 53.50105 -18.81197 41.38775 54.45318 -18.71148 38.72804 54.57957 -18.81197 38.37498 54.36066 -18.43696 38.98649 54.57957 -17.31196 38.37498 54.45318 -17.41245 38.72804 54.36066 -17.68697 38.98649 54.32679 -18.06196 39.0811 55.14027 -21.81196 35.17684 54.95196 -22.01196 35.10943 55.14027 -20.31196 35.17684 54.95196 -20.11196 35.10943 55.24994 -20.38624 34.87046 55.09089 -20.20604 34.72136 55.33789 -20.59435 34.62477 55.2023 -20.46964 34.41015 55.3867 -20.89507 34.48842 55.26412 -20.85056 34.23744 55.3867 -21.22885 34.48842 55.26412 -21.27335 34.23744 55.33789 -21.52958 34.62477 55.2023 -21.65427 34.41015 55.24994 -21.73769 34.87046 55.09089 -21.91789 34.72135 53.50105 -20.31196 41.38775 53.37466 -20.41245 41.74081 53.28213 -20.68697 41.99927 53.24827 -21.06196 42.09387 53.28213 -21.43697 41.99927 53.37466 -21.71148 41.74081 53.50105 -21.81196 41.38775 54.57957 -20.31196 38.37498 54.45318 -20.41245 38.72804 54.36066 -20.68697 38.98649 54.32679 -21.06196 39.0811 54.36066 -21.43697 38.98649 54.45318 -21.71148 38.72804 54.57957 -21.81196 38.37498 55.14027 -24.81196 35.17683 54.95196 -25.01196 35.10943 55.14027 -23.31197 35.17683 54.95196 -23.11196 35.10943 55.24994 -23.38624 34.87046 55.09089 -23.20604 34.72135 55.33789 -23.59435 34.62477 55.2023 -23.46965 34.41014 55.3867 -23.89507 34.48842 55.26412 -23.85056 34.23743 55.3867 -24.22885 34.48842 55.26412 -24.27336 34.23743 55.33789 -24.52958 34.62477 55.2023 -24.65427 34.41014 55.24994 -24.73769 34.87046 55.09089 -24.91789 34.72135 53.50105 -23.31197 41.38775 53.37466 -23.41245 41.74081 53.28213 -23.68696 41.99927 53.24827 -24.06196 42.09387 53.28213 -24.43696 41.99927 53.37466 -24.71148 41.74081 53.50105 -24.81196 41.38775 54.45318 -24.71148 38.72803 54.57957 -24.81196 38.37498 54.36066 -23.68696 38.98649 54.45318 -23.41245 38.72803 54.57957 -23.31197 38.37498 54.36066 -24.43696 38.98649 54.32679 -24.06196 39.0811 55.14027 -27.81197 35.17683 54.95196 -28.01196 35.10943 55.14027 -26.31196 35.17683 54.95196 -26.11196 35.10943 55.24994 -26.38624 34.87046 55.09089 -26.20604 34.72135 55.33789 -26.59435 34.62477 55.2023 -26.46965 34.41014 55.3867 -26.89507 34.48842 55.26412 -26.85057 34.23743 55.3867 -27.22885 34.48842 55.26412 -27.27335 34.23743 55.33789 -27.52958 34.62477 55.2023 -27.65427 34.41014 55.24994 -27.73769 34.87046 55.09089 -27.91789 34.72135 53.50105 -26.31196 41.38775 53.37466 -26.41245 41.74081 53.28213 -26.68696 41.99927 53.24827 -27.06197 42.09387 53.28213 -27.43696 41.99927 53.37466 -27.71148 41.74081 53.50105 -27.81197 41.38775 54.45318 -27.71148 38.72803 54.57957 -27.81197 38.37498 54.36066 -26.68696 38.98649 54.45318 -26.41245 38.72803 54.57957 -26.31196 38.37498 54.36066 -27.43696 38.98649 54.32679 -27.06197 39.0811 55.14027 26.18804 35.17684 54.95197 25.98804 35.10943 55.14027 27.68804 35.17684 54.95197 27.88804 35.10943 55.24995 27.61377 34.87047 55.09089 27.79396 34.72136 55.3379 27.40566 34.62477 55.2023 27.53035 34.41015 55.38671 27.10493 34.48843 55.26412 27.14943 34.23744 55.38671 26.77115 34.48843 55.26412 26.72664 34.23744 55.3379 26.47042 34.62477 55.2023 26.34572 34.41015 55.24995 26.26231 34.87047 55.09089 26.08212 34.72136 53.50105 27.68804 41.38776 53.37466 27.58756 41.74082 53.28214 27.31304 41.99927 53.24827 26.93804 42.09387 53.28214 26.56304 41.99927 53.37466 26.28852 41.74082 53.50105 26.18804 41.38776 54.57957 27.68804 38.37498 54.45318 27.58756 38.72804 54.36066 27.31304 38.9865 54.32679 26.93804 39.0811 54.36066 26.56304 38.9865 54.45318 26.28852 38.72804 54.57957 26.18804 38.37498 52.54644 26.93804 43.38753 52.56692 27.71796 43.24669 52.57819 27.89828 43.17033 52.62558 28.38348 42.85749 52.69227 28.76981 42.43767 52.72608 28.89941 42.23303 52.84844 29.15208 41.53137 52.54644 -27.06197 43.38752 52.57442 -27.96687 43.19574 52.62557 -28.50741 42.85747 52.67795 -28.82772 42.52592 52.84844 -29.276 41.53137 52.77719 -29.1639 41.93289 53.15212 -29.46969 40.35189 53.19746 -29.48835 40.37166 54.42131 -30.07116 36.72127 55.0953 -30.3404 34.74798 54.52637 -30.11313 36.41369 53.66884 -29.74113 38.90847 53.67912 -29.74722 38.91335 53.24689 -29.5156 40.22303 54.33706 -30.03751 36.96795 53.95751 -29.88589 38.07918 53.85472 -29.83578 38.38631 55.19639 -30.31899 34.42664 55.60383 -30.44836 33.28846 55.60561 -30.4775 33.29207 55.80791 -30.50332 32.71841 55.80828 -30.51955 32.72 53.11946 -29.43898 40.33438 53.63613 -29.7104 38.89109 55.20394 -30.37325 34.4361 54.39041 -30.04355 36.70529 53.61377 -29.66556 38.87481 53.09717 -29.39418 40.31789 55.24692 -30.3857 34.31301 54.3844 -29.99249 36.69489 53.60811 -29.61468 38.86339 53.0916 -29.34334 40.30624 55.64213 13.43804 33.18149 54.3844 29.86857 36.6949 55.16384 30.18366 34.51758 55.64213 29.15771 33.1815 55.68544 30.34723 33.06052 55.64213 25.43804 33.1815 55.64213 -25.56196 33.18149 55.64213 -7.561962 33.18149 55.64213 -4.391991 33.18149 52.67697 -0.06196266 41.4645 52.71209 -0.9973418 41.36638 52.98282 -2.686867 40.6101 54.08437 -4.311314 37.53299 53.47183 -3.867794 39.24408 55.64213 10.43804 33.18149 55.64213 4.268066 33.18149 52.98282 2.562942 40.6101 54.08437 4.187389 37.53299 53.47183 3.743869 39.24408 52.71209 0.8734163 41.36638 55.64213 22.43804 33.1815 55.64213 19.43804 33.18149 55.64213 16.43804 33.18149 55.64213 -10.56196 33.18149 55.64213 -13.56196 33.18149 55.64213 -16.56196 33.18149 55.64213 -19.56197 33.18149 55.64213 -22.56197 33.18149 55.42365 30.30978 33.80866 55.68655 30.3713 33.06326 54.31909 29.92717 37.00756 54.416 29.96829 36.72232 54.39225 29.92532 36.70687 55.15928 30.23599 34.5641 55.172 30.2398 34.5276 53.52643 29.54342 39.37631 54.24386 29.89431 37.22969 53.62771 29.5967 39.06948 53.60127 29.5829 39.14923 54.29093 29.91496 37.09064 56.33722 4.275009 33.00786 55.28569 24.68804 38.62776 55.1593 24.58756 38.98082 55.06678 24.31304 39.23928 55.03291 23.93804 39.33388 55.06678 23.56304 39.23928 55.1593 23.28852 38.98082 55.28569 23.18804 38.62776 56.36421 23.18804 35.61499 56.47388 23.26231 35.30862 56.56184 23.47042 35.06292 56.61065 23.77115 34.92657 56.61065 24.10493 34.92657 56.56184 24.40566 35.06292 56.47388 24.61377 35.30862 56.36421 24.68804 35.61499 55.28569 21.68804 38.62776 55.1593 21.58756 38.98081 55.06678 21.31304 39.23928 55.03291 20.93804 39.33388 55.06678 20.56304 39.23928 55.1593 20.28852 38.98081 55.28569 20.18804 38.62776 56.36421 20.18804 35.61499 56.47388 20.26231 35.30861 56.56184 20.47042 35.06292 56.61065 20.77115 34.92657 56.61065 21.10493 34.92657 56.56184 21.40566 35.06292 56.47388 21.61376 35.30861 56.36421 21.68804 35.61499 55.28569 18.68804 38.62776 55.1593 18.58756 38.98081 55.06678 18.31304 39.23928 55.03291 17.93804 39.33388 55.06678 17.56304 39.23928 55.1593 17.28852 38.98081 55.28569 17.18804 38.62776 56.36421 17.18804 35.61499 56.47388 17.26231 35.30861 56.56184 17.47042 35.06292 56.61065 17.77115 34.92657 56.61065 18.10493 34.92657 56.56184 18.40566 35.06292 56.47388 18.61376 35.30861 56.36421 18.68804 35.61499 55.28569 15.68804 38.62776 55.1593 15.58756 38.98081 55.06678 15.31304 39.23928 55.03291 14.93804 39.33388 55.06678 14.56304 39.23928 55.1593 14.28852 38.98081 55.28569 14.18804 38.62776 56.36421 14.18804 35.61499 56.47388 14.26231 35.30861 56.56184 14.47042 35.06292 56.61065 14.77115 34.92657 56.61065 15.10493 34.92657 56.56184 15.40565 35.06292 56.47388 15.61377 35.30861 56.36421 15.68804 35.61499 55.28569 12.68804 38.62776 55.1593 12.58756 38.98081 55.06678 12.31304 39.23928 55.03291 11.93804 39.33388 55.06678 11.56304 39.23928 55.1593 11.28852 38.98081 55.28569 11.18804 38.62776 56.36421 11.18804 35.61499 56.47388 11.26231 35.30861 56.56184 11.47042 35.06292 56.61065 11.77115 34.92657 56.61065 12.10493 34.92657 56.56184 12.40565 35.06292 56.47388 12.61377 35.30861 56.36421 12.68804 35.61499 55.28569 9.688037 38.62776 55.1593 9.587558 38.98081 55.06678 9.313037 39.23928 55.03291 8.938037 39.33388 55.06678 8.563037 39.23928 55.1593 8.28852 38.98081 55.28569 8.188037 38.62776 56.36421 8.188038 35.61499 56.47388 8.26231 35.30861 56.56183 8.470421 35.06292 56.61065 8.771149 34.92657 56.61065 9.104928 34.92657 56.56184 9.405655 35.06292 56.47388 9.613766 35.30861 56.36421 9.688038 35.61499 55.28569 6.688038 38.62776 55.1593 6.587559 38.98081 55.06678 6.313038 39.23928 55.03291 5.938038 39.33388 55.06678 5.563038 39.23928 55.1593 5.288517 38.98081 55.28569 5.188038 38.62776 56.3642 5.188037 35.61499 56.47388 5.26231 35.30861 56.56183 5.470421 35.06292 56.61064 5.771149 34.92657 56.61064 6.104927 34.92657 56.56183 6.405655 35.06292 56.47388 6.613766 35.30861 56.3642 6.688037 35.61499 55.28568 -5.311962 38.62776 55.15929 -5.412441 38.98081 55.06677 -5.686962 39.23928 55.0329 -6.061962 39.33388 55.06677 -6.436962 39.23928 55.15929 -6.711479 38.98081 55.28568 -6.811962 38.62776 56.3642 -6.811963 35.61499 56.47388 -6.73769 35.30861 56.56183 -6.529579 35.06292 56.61064 -6.228851 34.92657 56.61064 -5.895073 34.92657 56.56183 -5.594345 35.06292 56.47388 -5.386234 35.30861 56.3642 -5.311963 35.61499 55.28568 -8.311964 38.62776 55.15929 -8.412446 38.98081 55.06677 -8.686964 39.23928 55.0329 -9.061964 39.33388 55.06677 -9.436964 39.23928 55.15929 -9.711481 38.98081 55.28568 -9.811964 38.62776 56.3642 -9.811963 35.61499 56.47388 -9.73769 35.30861 56.56183 -9.52958 35.06292 56.61064 -9.228852 34.92657 56.61064 -8.895073 34.92657 56.56183 -8.594346 35.06292 56.47388 -8.386235 35.30861 56.3642 -8.311963 35.61499 55.28568 -11.31196 38.62776 55.15929 -11.41244 38.98081 55.06677 -11.68696 39.23928 55.0329 -12.06196 39.33388 55.06677 -12.43696 39.23928 55.15929 -12.71148 38.98081 55.28568 -12.81196 38.62776 56.3642 -12.81196 35.61499 56.47388 -12.73769 35.30861 56.56183 -12.52958 35.06292 56.61064 -12.22885 34.92657 56.61064 -11.89507 34.92657 56.56183 -11.59434 35.06292 56.47388 -11.38623 35.30861 56.3642 -11.31196 35.61499 55.28568 -14.31196 38.62776 55.15929 -14.41245 38.98081 55.06677 -14.68696 39.23928 55.0329 -15.06196 39.33388 55.06677 -15.43696 39.23928 55.15929 -15.71148 38.98081 55.28568 -15.81196 38.62776 56.3642 -15.81196 35.61499 56.47388 -15.73769 35.30861 56.56183 -15.52958 35.06292 56.61064 -15.22885 34.92657 56.61064 -14.89507 34.92657 56.56183 -14.59434 35.06292 56.47388 -14.38623 35.30861 56.3642 -14.31196 35.61499 55.28568 -17.31196 38.62776 55.15929 -17.41245 38.98081 55.06677 -17.68697 39.23928 55.0329 -18.06196 39.33388 55.06677 -18.43696 39.23928 55.15929 -18.71148 38.98081 55.28568 -18.81197 38.62776 56.3642 -18.81197 35.61499 56.47388 -18.73769 35.30861 56.56183 -18.52958 35.06292 56.61064 -18.22885 34.92657 56.61064 -17.89507 34.92657 56.56183 -17.59435 35.06292 56.47388 -17.38624 35.30861 56.3642 -17.31196 35.61499 55.28568 -20.31196 38.62776 55.15929 -20.41245 38.98081 55.06677 -20.68697 39.23928 55.0329 -21.06196 39.33388 55.06677 -21.43697 39.23928 55.15929 -21.71148 38.98081 55.28568 -21.81196 38.62776 56.3642 -21.81196 35.61499 56.47388 -21.73769 35.30861 56.56183 -21.52958 35.06292 56.61064 -21.22885 34.92657 56.61064 -20.89507 34.92657 56.56183 -20.59435 35.06292 56.47388 -20.38624 35.30861 56.3642 -20.31196 35.61499 55.28568 -23.31197 38.62775 55.15929 -23.41245 38.98081 55.06677 -23.68696 39.23927 55.0329 -24.06196 39.33387 55.06677 -24.43696 39.23927 55.15929 -24.71148 38.98081 55.28568 -24.81196 38.62775 56.3642 -24.81196 35.61498 56.47388 -24.73769 35.30861 56.56183 -24.52958 35.06291 56.61064 -24.22885 34.92657 56.61064 -23.89507 34.92657 56.56183 -23.59435 35.06291 56.47388 -23.38624 35.30861 56.3642 -23.31197 35.61498 55.28568 -26.31196 38.62775 55.15929 -26.41245 38.98081 55.06677 -26.68696 39.23927 55.0329 -27.06197 39.33387 55.06677 -27.43696 39.23927 55.15929 -27.71148 38.98081 55.28568 -27.81197 38.62775 56.3642 -27.81197 35.61498 56.47388 -27.73769 35.30861 56.56183 -27.52958 35.06291 56.61064 -27.22885 34.92657 56.61064 -26.89507 34.92657 56.56183 -26.59435 35.06291 56.47388 -26.38624 35.30861 56.3642 -26.31196 35.61498 55.28569 27.68804 38.62776 55.1593 27.58756 38.98082 55.06678 27.31304 39.23928 55.03291 26.93804 39.33388 55.06678 26.56304 39.23928 55.1593 26.28852 38.98082 55.28569 26.18804 38.62776 56.36421 26.18804 35.61499 56.47388 26.26231 35.30862 56.56184 26.47042 35.06292 56.61065 26.77115 34.92657 56.61065 27.10493 34.92657 56.56184 27.40566 35.06292 56.47388 27.61377 35.30862 56.36421 27.68804 35.61499 75.07604 -24.71148 49.50951 75.36355 -24.71153 49.61235 75.38982 -24.73913 49.56597 75.20243 -24.81196 49.15645 75.51061 -24.80775 49.35111 75.54981 -24.81196 49.28081 74.98352 -24.43696 49.76797 75.2253 -24.43704 49.85447 75.2873 -24.59587 49.7463 75.1823 -23.909 49.92911 75.17428 -24.06195 49.94298 74.94965 -24.06196 49.86257 75.17745 -24.15848 49.9375 75.21396 -24.39533 49.87417 75.22924 -23.67374 49.84762 74.98352 -23.68696 49.76797 75.31365 -23.48103 49.70011 75.07604 -23.41245 49.50951 75.36356 -23.41239 49.61233 75.42516 -23.35541 49.50338 75.20243 -23.31197 49.15645 75.54981 -23.31197 49.28081 76.17127 -23.38624 46.45005 76.28095 -23.31197 46.14368 76.08332 -24.52958 46.69575 76.17127 -24.73769 46.45005 76.28095 -24.81196 46.14368 76.0345 -24.22885 46.83209 76.0345 -23.89508 46.83209 76.08332 -23.59435 46.69575 75.07604 -27.71148 49.50951 75.36355 -27.71153 49.61235 75.38982 -27.73913 49.56597 75.20243 -27.81197 49.15645 75.51061 -27.80775 49.35111 75.54981 -27.81197 49.28081 74.98352 -27.43696 49.76797 75.2253 -27.43704 49.85447 75.2873 -27.59587 49.7463 75.1823 -26.909 49.92911 75.17428 -27.06195 49.94298 74.94965 -27.06197 49.86257 75.17745 -27.15848 49.9375 75.21396 -27.39533 49.87417 75.22924 -26.67374 49.84762 74.98352 -26.68696 49.76797 75.31365 -26.48104 49.70011 75.07604 -26.41245 49.50951 75.36356 -26.41239 49.61233 75.42516 -26.35541 49.50338 75.20243 -26.31196 49.15645 75.54981 -26.31196 49.28081 76.28095 -26.31196 46.14368 76.17127 -26.38624 46.45005 76.08332 -26.59435 46.69575 76.28095 -27.81197 46.14368 76.17127 -27.73769 46.45005 76.08332 -27.52958 46.69575 76.0345 -27.22885 46.83209 76.0345 -26.89508 46.83209 56.33722 -4.398933 33.00786 75.07604 29.28852 49.50952 75.36355 29.28847 49.61236 75.38982 29.26087 49.56598 75.20243 29.18804 49.15646 75.51061 29.19225 49.35112 75.54981 29.18804 49.28082 74.98352 29.56304 49.76797 75.2253 29.56295 49.85448 75.2873 29.40413 49.74631 75.1823 30.09101 49.92911 75.17428 29.93805 49.94299 74.94965 29.93804 49.86258 75.17745 29.84152 49.93751 75.21396 29.60467 49.87417 75.22924 30.32626 49.84763 74.98352 30.31304 49.76797 75.31365 30.51897 49.70012 75.07604 30.58756 49.50952 75.36356 30.58761 49.61233 75.42516 30.64459 49.50339 75.20243 30.68804 49.15646 75.54981 30.68804 49.28082 76.0345 30.10493 46.8321 76.08332 30.40566 46.69575 76.17127 30.61376 46.45006 76.28095 30.68804 46.14369 76.28095 29.18804 46.14369 76.17127 29.26231 46.45006 76.08332 29.47042 46.69575 76.0345 29.77115 46.8321 76.17127 24.61376 46.45006 76.28095 24.68804 46.14369 75.20243 24.68804 49.15646 76.08332 23.47042 46.69575 75.20243 23.18804 49.15646 76.17127 23.26231 46.45006 76.28095 23.18804 46.14369 76.0345 23.77115 46.8321 76.0345 24.10493 46.8321 76.08332 24.40565 46.69575 74.98352 24.31304 49.76797 74.94965 23.93804 49.86258 74.98352 23.56304 49.76797 75.07604 24.58756 49.50952 75.07604 23.28852 49.50952 75.36355 23.28847 49.61236 75.38982 23.26087 49.56598 75.51061 23.19225 49.35112 75.54981 23.18804 49.28082 75.2253 23.56295 49.85448 75.2873 23.40413 49.74631 75.1823 24.091 49.92911 75.17428 23.93805 49.94299 75.17745 23.84152 49.93751 75.21396 23.60467 49.87417 75.22924 24.32626 49.84763 75.31365 24.51897 49.70012 75.36356 24.58762 49.61233 75.42516 24.64459 49.50339 75.54981 24.68804 49.28082 76.17127 21.61376 46.45006 76.28095 21.68804 46.14368 75.20243 21.68804 49.15646 76.08332 20.47042 46.69575 75.20243 20.18804 49.15646 76.17127 20.26231 46.45006 76.28095 20.18804 46.14368 76.0345 20.77115 46.8321 76.0345 21.10493 46.8321 76.08332 21.40565 46.69575 74.98352 21.31304 49.76797 74.94965 20.93804 49.86257 74.98352 20.56304 49.76797 75.07604 21.58756 49.50952 75.07604 20.28852 49.50952 75.36355 20.28847 49.61235 75.38982 20.26087 49.56597 75.51061 20.19225 49.35111 75.54981 20.18804 49.28082 75.2253 20.56295 49.85447 75.2873 20.40413 49.7463 75.1823 21.09101 49.92911 75.17428 20.93805 49.94299 75.17745 20.84152 49.9375 75.21396 20.60467 49.87417 75.22924 21.32626 49.84763 75.31365 21.51897 49.70011 75.36356 21.58761 49.61233 75.42516 21.64459 49.50338 75.54981 21.68804 49.28082 75.20243 17.18804 49.15646 76.28095 17.18804 46.14368 76.17127 17.26231 46.45006 76.28095 18.68804 46.14368 75.20243 18.68804 49.15646 76.17127 18.61376 46.45006 76.08332 18.40566 46.69575 74.98352 17.56304 49.76797 75.07604 17.28852 49.50952 76.08332 17.47042 46.69575 76.0345 17.77115 46.8321 76.0345 18.10493 46.8321 75.07604 18.58756 49.50952 74.98352 18.31304 49.76797 74.94965 17.93804 49.86257 75.36355 17.28847 49.61235 75.38982 17.26087 49.56597 75.51061 17.19225 49.35111 75.54981 17.18804 49.28082 75.2253 17.56295 49.85447 75.2873 17.40413 49.7463 75.1823 18.09101 49.92911 75.17428 17.93805 49.94299 75.17745 17.84152 49.9375 75.21396 17.60467 49.87417 75.22924 18.32626 49.84763 75.31365 18.51897 49.70011 75.36356 18.58761 49.61233 75.42516 18.64459 49.50338 75.54981 18.68804 49.28082 75.20243 14.18804 49.15646 76.28095 14.18804 46.14368 76.17127 14.26231 46.45006 76.28095 15.68804 46.14368 75.20243 15.68804 49.15646 76.17127 15.61376 46.45006 76.08332 15.40565 46.69575 76.08332 14.47042 46.69575 76.0345 14.77115 46.8321 76.0345 15.10493 46.8321 74.94965 14.93804 49.86257 74.98352 14.56304 49.76797 74.98352 15.31304 49.76797 75.07604 14.28852 49.50952 75.07604 15.58756 49.50952 75.36355 14.28847 49.61235 75.38982 14.26087 49.56597 75.51061 14.19225 49.35111 75.54981 14.18804 49.28082 75.2253 14.56296 49.85447 75.2873 14.40413 49.7463 75.1823 15.09101 49.92911 75.17428 14.93805 49.94299 75.17745 14.84152 49.9375 75.21396 14.60467 49.87417 75.22924 15.32626 49.84763 75.31365 15.51897 49.70011 75.36356 15.58761 49.61233 75.42516 15.64459 49.50338 75.54981 15.68804 49.28082 76.28095 11.18804 46.14368 76.17127 11.26231 46.45006 75.20243 11.18804 49.15646 76.08332 11.47042 46.69575 76.0345 11.77115 46.8321 76.0345 12.10493 46.8321 76.08332 12.40565 46.69575 75.20243 12.68804 49.15646 76.17127 12.61376 46.45006 76.28095 12.68804 46.14368 75.07604 11.28852 49.50952 75.07604 12.58756 49.50952 74.98352 12.31304 49.76797 74.94965 11.93804 49.86257 74.98352 11.56304 49.76797 75.36355 11.28847 49.61235 75.38982 11.26087 49.56597 75.51061 11.19225 49.35111 75.54981 11.18804 49.28082 75.2253 11.56296 49.85447 75.2873 11.40413 49.7463 75.1823 12.09101 49.92911 75.17428 11.93805 49.94299 75.17745 11.84152 49.9375 75.21396 11.60467 49.87417 75.22924 12.32626 49.84763 75.31365 12.51897 49.70011 75.36356 12.58761 49.61233 75.42516 12.64459 49.50338 75.54981 12.68804 49.28082 75.20243 8.188036 49.15646 76.28095 8.188037 46.14368 76.17127 8.26231 46.45006 76.0345 9.104927 46.8321 76.08332 9.405654 46.69575 75.20243 9.688036 49.15646 76.17127 9.613765 46.45006 76.28095 9.688037 46.14368 76.08332 8.47042 46.69575 76.0345 8.771148 46.8321 74.94965 8.938036 49.86257 74.98352 8.563036 49.76797 75.07604 8.288519 49.50952 75.07604 9.587557 49.50952 74.98352 9.313036 49.76797 75.36355 8.288474 49.61235 75.38982 8.260867 49.56597 75.51061 8.192252 49.35111 75.54981 8.188036 49.28082 75.2253 8.562956 49.85447 75.2873 8.404131 49.7463 75.1823 9.091006 49.92911 75.17428 8.938048 49.94299 75.17745 8.841521 49.9375 75.21396 8.60467 49.87417 75.22924 9.326262 49.84763 75.31365 9.518969 49.70011 75.36356 9.587615 49.61233 75.42516 9.644591 49.50338 75.54981 9.688036 49.28082 76.0345 6.104925 46.8321 76.08332 6.405653 46.69575 75.20243 6.688036 49.15646 76.17127 6.613764 46.45006 76.28095 6.688036 46.14368 75.20243 5.188036 49.15646 76.28095 5.188036 46.14368 76.17127 5.262308 46.45006 76.08332 5.470419 46.69575 76.0345 5.771147 46.8321 75.07604 6.587557 49.50952 74.98352 6.313036 49.76797 74.94965 5.938036 49.86257 74.98352 5.563036 49.76797 75.07604 5.288516 49.50952 75.36355 5.288474 49.61235 75.38982 5.260867 49.56597 75.51061 5.192252 49.35111 75.54981 5.188036 49.28082 75.2253 5.562956 49.85447 75.2873 5.404131 49.7463 75.1823 6.091006 49.92911 75.17428 5.938048 49.94299 75.17745 5.841521 49.9375 75.21396 5.60467 49.87417 75.22924 6.326262 49.84763 75.31365 6.518969 49.70011 75.36356 6.587615 49.61233 75.42516 6.644591 49.50338 75.54981 6.688036 49.28082 76.28095 2.188036 46.14368 76.17127 2.262308 46.45006 75.20243 2.188036 49.15646 76.08332 2.470419 46.69575 76.0345 2.771147 46.8321 76.0345 3.104925 46.8321 76.08332 3.405653 46.69575 75.20243 3.688036 49.15646 76.17127 3.613764 46.45006 76.28095 3.688036 46.14368 75.07604 2.288519 49.50952 75.07604 3.587557 49.50952 74.98352 3.313036 49.76797 74.94965 2.938036 49.86257 74.98352 2.563036 49.76797 75.36355 2.288473 49.61235 75.38982 2.260866 49.56597 75.51061 2.192251 49.35111 75.54981 2.188036 49.28082 75.2253 2.562956 49.85447 75.2873 2.404135 49.7463 75.1823 3.091005 49.92911 75.17428 2.938047 49.94299 75.17745 2.84152 49.9375 75.21396 2.604666 49.87417 75.22924 3.326261 49.84763 75.31365 3.518969 49.70011 75.36356 3.587614 49.61233 75.42516 3.64459 49.50338 75.54981 3.688036 49.28082 75.20243 -0.811964 49.15646 76.28095 -0.8119639 46.14368 76.17127 -0.7376918 46.45006 74.98352 -0.436964 49.76797 75.07604 -0.7114811 49.50952 76.28095 0.6880361 46.14368 75.20243 0.688036 49.15646 76.17127 0.6137639 46.45006 76.08332 0.4056531 46.69575 76.08332 -0.529581 46.69575 76.0345 -0.2288531 46.8321 76.0345 0.1049252 46.8321 75.07604 0.5875568 49.50952 74.98352 0.313036 49.76797 74.94965 -0.06196397 49.86257 75.36355 -0.7115269 49.61235 75.38982 -0.7391338 49.56597 75.51061 -0.8077487 49.35111 75.54981 -0.811964 49.28082 75.2253 -0.4370441 49.85447 75.2873 -0.5958653 49.7463 75.1823 0.09100532 49.92911 75.17428 -0.06195253 49.94299 75.17745 -0.1584796 49.9375 75.21396 -0.3953304 49.87417 75.22924 0.3262615 49.84763 75.31365 0.5189686 49.70011 75.36356 0.5876141 49.61233 75.42516 0.6445904 49.50338 75.54981 0.688036 49.28082 76.0345 -2.895075 46.8321 76.08332 -2.594347 46.69575 75.20243 -2.311964 49.15646 76.17127 -2.386236 46.45006 76.28095 -2.311964 46.14368 75.20243 -3.811964 49.15646 76.28095 -3.811964 46.14368 76.17127 -3.737692 46.45006 76.08332 -3.529581 46.69575 76.0345 -3.228853 46.8321 75.07604 -2.412443 49.50952 74.98352 -2.686964 49.76797 74.94965 -3.061964 49.86257 74.98352 -3.436964 49.76797 75.07604 -3.711481 49.50952 75.36355 -3.711527 49.61235 75.38982 -3.739134 49.56597 75.51061 -3.807749 49.35111 75.54981 -3.811964 49.28082 75.2253 -3.437044 49.85447 75.2873 -3.595865 49.7463 75.1823 -2.908995 49.92911 75.17428 -3.061953 49.94299 75.17745 -3.15848 49.9375 75.21396 -3.395334 49.87417 75.22924 -2.673738 49.84763 75.31365 -2.481031 49.70011 75.36356 -2.412386 49.61233 75.42516 -2.35541 49.50338 75.54981 -2.311964 49.28082 76.28095 -6.811964 46.14368 76.17127 -6.737692 46.45006 75.20243 -6.811964 49.15646 76.08332 -6.529581 46.69575 76.0345 -6.228853 46.8321 76.0345 -5.895075 46.8321 76.08332 -5.594347 46.69575 75.20243 -5.311964 49.15646 76.17127 -5.386236 46.45006 76.28095 -5.311964 46.14368 75.07604 -6.711481 49.50952 75.07604 -5.412443 49.50952 74.98352 -5.686964 49.76797 74.94965 -6.061964 49.86257 74.98352 -6.436964 49.76797 75.36355 -6.711526 49.61235 75.38982 -6.739133 49.56597 75.51061 -6.807748 49.35111 75.54981 -6.811964 49.28082 75.2253 -6.437047 49.85447 75.2873 -6.595865 49.7463 75.1823 -5.908994 49.92911 75.17428 -6.061952 49.94299 75.17745 -6.158479 49.9375 75.21396 -6.39533 49.87417 75.22924 -5.673738 49.84763 75.31365 -5.481031 49.70011 75.36356 -5.412385 49.61233 75.42516 -5.355409 49.50338 75.54981 -5.311964 49.28082 76.17127 -8.386236 46.45006 76.28095 -8.311964 46.14368 75.20243 -8.311964 49.15646 76.08332 -9.529581 46.69575 75.20243 -9.811964 49.15646 76.17127 -9.737691 46.45006 76.28095 -9.811964 46.14368 76.0345 -9.228853 46.8321 76.0345 -8.895074 46.8321 76.08332 -8.594347 46.69575 75.07604 -8.412447 49.50952 74.98352 -8.686964 49.76797 75.07604 -9.711482 49.50952 74.98352 -9.436964 49.76797 74.94965 -9.061964 49.86257 75.36355 -9.711527 49.61235 75.38982 -9.73913 49.56597 75.51061 -9.807749 49.35111 75.54981 -9.811964 49.28082 75.2253 -9.437048 49.85447 75.2873 -9.59587 49.7463 75.1823 -8.908995 49.92911 75.17428 -9.061953 49.94299 75.17745 -9.15848 49.9375 75.21396 -9.395331 49.87417 75.22924 -8.673739 49.84763 75.31365 -8.481032 49.70011 75.36356 -8.412386 49.61233 75.42516 -8.35541 49.50338 75.54981 -8.311964 49.28082 75.20243 -12.81196 49.15646 76.28095 -12.81196 46.14368 76.17127 -12.73769 46.45006 76.28095 -11.31196 46.14368 75.20243 -11.31196 49.15646 76.17127 -11.38624 46.45006 76.08332 -11.59435 46.69575 74.98352 -12.43696 49.76797 75.07604 -12.71148 49.50952 76.08332 -12.52958 46.69575 76.0345 -12.22885 46.8321 76.0345 -11.89507 46.8321 75.07604 -11.41244 49.50952 74.98352 -11.68696 49.76797 74.94965 -12.06196 49.86257 75.36355 -12.71153 49.61235 75.38982 -12.73913 49.56597 75.51061 -12.80775 49.35111 75.54981 -12.81196 49.28082 75.2253 -12.43704 49.85447 75.2873 -12.59587 49.7463 75.1823 -11.90899 49.92911 75.17428 -12.06195 49.94299 75.17745 -12.15848 49.9375 75.21396 -12.39533 49.87417 75.22924 -11.67373 49.84763 75.31365 -11.48103 49.70011 75.36356 -11.41239 49.61233 75.42516 -11.35541 49.50338 75.54981 -11.31196 49.28082 75.20243 -15.81196 49.15646 76.28095 -15.81196 46.14368 76.17127 -15.73769 46.45006 76.28095 -14.31196 46.14368 75.20243 -14.31196 49.15646 76.17127 -14.38624 46.45006 76.08332 -14.59435 46.69575 74.98352 -15.43696 49.76797 75.07604 -15.71148 49.50952 76.08332 -15.52958 46.69575 76.0345 -15.22885 46.8321 76.0345 -14.89507 46.8321 75.07604 -14.41245 49.50952 74.98352 -14.68696 49.76797 74.94965 -15.06196 49.86257 75.36355 -15.71153 49.61235 75.38982 -15.73913 49.56597 75.51061 -15.80775 49.35111 75.54981 -15.81196 49.28082 75.2253 -15.43705 49.85447 75.2873 -15.59587 49.7463 75.1823 -14.90899 49.92911 75.17428 -15.06195 49.94299 75.17745 -15.15848 49.9375 75.21396 -15.39533 49.87417 75.22924 -14.67374 49.84763 75.31365 -14.48103 49.70011 75.36356 -14.41239 49.61233 75.42516 -14.35541 49.50338 75.54981 -14.31196 49.28082 75.20243 -18.81197 49.15646 76.28095 -18.81197 46.14368 76.17127 -18.73769 46.45006 76.28095 -17.31196 46.14368 75.20243 -17.31196 49.15646 76.17127 -17.38624 46.45006 76.08332 -17.59435 46.69575 74.98352 -18.43696 49.76797 75.07604 -18.71148 49.50952 76.08332 -18.52958 46.69575 76.0345 -18.22885 46.8321 76.0345 -17.89508 46.8321 75.07604 -17.41245 49.50952 74.98352 -17.68697 49.76797 74.94965 -18.06196 49.86257 75.36355 -18.71153 49.61235 75.38982 -18.73913 49.56597 75.51061 -18.80775 49.35111 75.54981 -18.81197 49.28082 75.2253 -18.43704 49.85447 75.2873 -18.59587 49.7463 75.1823 -17.909 49.92911 75.17428 -18.06195 49.94299 75.17745 -18.15848 49.9375 75.21396 -18.39533 49.87417 75.22924 -17.67374 49.84763 75.31365 -17.48104 49.70011 75.36356 -17.41239 49.61233 75.42516 -17.35541 49.50338 75.54981 -17.31196 49.28082 75.20243 -21.81196 49.15646 76.28095 -21.81196 46.14368 76.17127 -21.73769 46.45006 76.28095 -20.31196 46.14368 75.20243 -20.31196 49.15646 76.17127 -20.38624 46.45006 76.08332 -20.59435 46.69575 74.98352 -21.43697 49.76797 75.07604 -21.71148 49.50952 76.08332 -21.52958 46.69575 76.0345 -21.22885 46.8321 76.0345 -20.89508 46.8321 75.07604 -20.41245 49.50952 74.98352 -20.68697 49.76797 74.94965 -21.06196 49.86257 75.36355 -21.71153 49.61235 75.38982 -21.73913 49.56597 75.51061 -21.80775 49.35111 75.54981 -21.81196 49.28082 75.2253 -21.43704 49.85447 75.2873 -21.59587 49.7463 75.1823 -20.909 49.92911 75.17428 -21.06195 49.94299 75.17745 -21.15848 49.9375 75.21396 -21.39533 49.87417 75.22924 -20.67374 49.84763 75.31365 -20.48104 49.70011 75.36356 -20.41239 49.61233 75.42516 -20.35541 49.50338 75.54981 -20.31196 49.28082 76.17127 -29.38624 46.45005 76.28095 -29.31196 46.14368 75.20243 -29.31196 49.15645 76.08332 -30.52958 46.69575 75.20243 -30.81197 49.15645 76.17127 -30.73769 46.45005 76.28095 -30.81197 46.14368 75.07604 -30.71148 49.50951 76.0345 -30.22885 46.83209 76.0345 -29.89508 46.83209 76.08332 -29.59435 46.69575 74.94965 -30.06196 49.86257 74.98352 -30.43696 49.76797 74.98352 -29.68697 49.76797 75.07604 -29.41245 49.50951 75.36355 -30.71153 49.61235 75.38982 -30.73913 49.56597 75.51061 -30.80775 49.35111 75.54981 -30.81197 49.28081 75.2253 -30.43704 49.85447 75.2873 -30.59587 49.7463 75.1823 -29.909 49.92911 75.17428 -30.06195 49.94298 75.17745 -30.15848 49.9375 75.21396 -30.39533 49.87417 75.22924 -29.67374 49.84762 75.31365 -29.48104 49.70011 75.36356 -29.41239 49.61233 75.42516 -29.35541 49.50338 75.54981 -29.31196 49.28081 76.17127 27.61376 46.45006 76.28095 27.68804 46.14369 75.20243 27.68804 49.15646 76.08332 26.47042 46.69575 75.20243 26.18804 49.15646 76.17127 26.26231 46.45006 76.28095 26.18804 46.14369 76.0345 26.77115 46.8321 76.0345 27.10493 46.8321 76.08332 27.40565 46.69575 74.98352 27.31304 49.76797 74.94965 26.93804 49.86258 74.98352 26.56304 49.76797 75.07604 27.58756 49.50952 75.07604 26.28852 49.50952 75.36355 26.28847 49.61236 75.38982 26.26087 49.56598 75.51061 26.19225 49.35112 75.54981 26.18804 49.28082 75.2253 26.56295 49.85448 75.2873 26.40413 49.74631 75.1823 27.09101 49.92911 75.17428 26.93805 49.94299 75.17745 26.84152 49.93751 75.21396 26.60467 49.87417 75.22924 27.32626 49.84763 75.31365 27.51897 49.70012 75.36356 27.58761 49.61233 75.42516 27.64459 49.50339 75.54981 27.68804 49.28082 78.97444 -7.916444 41.87899 79.09373 -8.490252 41.56658 79.26116 -8.880591 41.12002 79.29023 -8.89091 41.137 79.31219 -8.911307 41.15741 79.32302 -8.938006 41.17749 79.14969 -8.53298 41.64054 79.16146 -8.603259 41.62566 79.3399 -8.993632 41.14769 79.03678 -8.065314 41.95381 78.98754 -7.311964 42.06038 78.98091 -7.311964 42.09942 78.98243 -7.44032 42.09545 78.95519 -7.311964 41.98981 78.96396 -7.311964 41.99895 79.00176 -7.920248 41.90089 78.97849 -7.311964 42.02183 79.02019 -7.927965 41.93114 79.02639 -7.938165 41.96418 79.1416 -8.51301 41.6128 79.12174 -8.497828 41.58653 78.95519 7.188036 41.98981 78.96396 7.188036 41.99895 78.97849 7.188036 42.02183 78.98754 7.188036 42.06038 78.98091 7.188036 42.09942 79.03277 7.862246 41.94753 79.01975 7.819903 41.99831 79.14969 8.409049 41.64054 79.13113 8.380248 41.7059 79.30045 8.805045 41.25421 79.506 9.045229 40.69363 79.33845 8.838419 41.13579 79.32737 8.811312 41.1164 79.30522 8.790595 41.09653 79.27605 8.780108 41.07983 79.09373 8.36632 41.56659 79.1416 8.389079 41.6128 79.12174 8.373896 41.58654 79.02648 7.85126 41.91476 79.00798 7.842947 41.88471 78.98062 7.83885 41.86291 78.41772 25.98804 43.51911 78.23258 26.18804 43.44347 76.89925 25.98804 46.98375 75.72779 25.98804 49.37206 75.53009 27.78718 49.75495 75.72779 27.88804 49.37206 75.41049 27.60017 49.98398 75.32619 27.34141 50.1443 75.28617 27.03824 50.22007 75.29547 26.72185 50.20249 75.35422 26.42685 50.09111 75.45635 26.18842 49.89641 75.58919 26.03637 49.64106 76.89925 27.88804 46.98375 78.23258 27.68804 43.44347 78.41772 27.88804 43.51911 78.37726 26.28851 43.09698 78.35666 26.26028 43.14678 78.58316 26.09559 43.11073 78.43518 26.40462 42.95601 78.67758 26.28781 42.87452 78.48137 26.56303 42.84266 78.74254 26.55265 42.71064 78.49057 26.60898 42.81999 78.77144 26.86077 42.63735 78.51718 26.8504 42.75421 78.7128 27.46901 42.78579 78.48137 27.31304 42.84266 78.76126 27.17807 42.66319 78.51232 27.10176 42.76622 78.5191 26.93804 42.74944 78.3288 27.64565 43.2139 78.37725 27.58757 43.09698 78.63085 27.70039 42.99172 78.41312 27.52322 43.00985 78.47646 27.33479 42.85477 78.5242 27.84526 43.25706 78.41772 22.98804 43.51911 78.23258 23.18804 43.44347 76.89925 22.98804 46.98375 75.72779 22.98804 49.37206 75.53009 24.78718 49.75495 75.72779 24.88804 49.37206 75.41049 24.60017 49.98398 75.32619 24.34141 50.1443 75.28617 24.03824 50.22007 75.29547 23.72185 50.20249 75.35422 23.42685 50.09111 75.45635 23.18842 49.89641 75.58919 23.03637 49.64106 76.89925 24.88804 46.98375 78.23258 24.68804 43.44347 78.41772 24.88804 43.51911 78.37726 23.28851 43.09698 78.35666 23.26028 43.14678 78.58316 23.09559 43.11073 78.43518 23.40462 42.95601 78.67758 23.28781 42.87452 78.48137 23.56303 42.84266 78.74254 23.55265 42.71064 78.49057 23.60898 42.81999 78.77144 23.86077 42.63735 78.51718 23.8504 42.75421 78.7128 24.46901 42.78579 78.48137 24.31304 42.84266 78.76126 24.17807 42.66319 78.51232 24.10176 42.76622 78.5191 23.93804 42.74944 78.3288 24.64564 43.2139 78.37725 24.58756 43.09698 78.63085 24.70039 42.99172 78.41312 24.52322 43.00985 78.47646 24.33479 42.85477 78.5242 24.84526 43.25706 78.41772 19.98804 43.51911 78.23258 20.18804 43.44347 76.89925 19.98804 46.98375 75.72779 19.98804 49.37206 75.53009 21.78718 49.75495 75.72779 21.88804 49.37206 75.41049 21.60016 49.98398 75.32619 21.34141 50.1443 75.28617 21.03824 50.22006 75.29547 20.72185 50.20249 75.35422 20.42684 50.09111 75.45635 20.18842 49.8964 75.58919 20.03637 49.64105 76.89925 21.88804 46.98375 78.23258 21.68804 43.44347 78.41772 21.88804 43.51911 78.37726 20.28851 43.09697 78.35666 20.26028 43.14678 78.58316 20.09559 43.11072 78.43518 20.40462 42.95601 78.67758 20.28781 42.87451 78.48137 20.56303 42.84266 78.74254 20.55265 42.71064 78.49057 20.60898 42.81998 78.77144 20.86077 42.63735 78.51718 20.8504 42.7542 78.7128 21.46901 42.78579 78.48137 21.31304 42.84265 78.76126 21.17807 42.66318 78.51232 21.10176 42.76622 78.5191 20.93804 42.74943 78.3288 21.64564 43.21389 78.37725 21.58756 43.09698 78.63085 21.70039 42.99172 78.41312 21.52322 43.00984 78.47646 21.33479 42.85476 78.5242 21.84526 43.25706 78.41772 16.98804 43.51911 78.23258 17.18804 43.44347 76.89925 16.98804 46.98375 75.72779 16.98804 49.37206 75.53009 18.78718 49.75495 75.72779 18.88804 49.37206 75.41049 18.60017 49.98398 75.32619 18.34141 50.1443 75.28617 18.03824 50.22006 75.29547 17.72185 50.20249 75.35422 17.42684 50.09111 75.45635 17.18842 49.8964 75.58919 17.03637 49.64105 76.89925 18.88804 46.98375 78.23258 18.68804 43.44347 78.41772 18.88804 43.51911 78.37726 17.28851 43.09697 78.35666 17.26028 43.14678 78.58316 17.09559 43.11072 78.43518 17.40462 42.95601 78.67758 17.28781 42.87451 78.48137 17.56303 42.84266 78.74254 17.55265 42.71064 78.49057 17.60898 42.81998 78.77144 17.86077 42.63735 78.51718 17.8504 42.7542 78.7128 18.46901 42.78579 78.48137 18.31304 42.84265 78.76126 18.17807 42.66318 78.51232 18.10176 42.76622 78.5191 17.93804 42.74943 78.3288 18.64564 43.21389 78.37725 18.58757 43.09698 78.63085 18.70039 42.99172 78.41312 18.52322 43.00984 78.47646 18.33479 42.85476 78.5242 18.84526 43.25705 78.41772 13.98803 43.51911 78.23258 14.18804 43.44347 76.89925 13.98803 46.98375 75.72779 13.98803 49.37206 75.53009 15.78718 49.75495 75.72779 15.88804 49.37206 75.41049 15.60016 49.98398 75.32619 15.34141 50.1443 75.28617 15.03824 50.22006 75.29547 14.72185 50.20249 75.35422 14.42684 50.09111 75.45635 14.18842 49.8964 75.58919 14.03637 49.64105 76.89925 15.88804 46.98375 78.23258 15.68804 43.44347 78.41772 15.88804 43.51911 78.37726 14.28851 43.09697 78.35666 14.26027 43.14678 78.58316 14.09559 43.11072 78.43518 14.40462 42.95601 78.67758 14.28781 42.87451 78.48137 14.56303 42.84266 78.74254 14.55265 42.71064 78.49057 14.60898 42.81998 78.77144 14.86077 42.63735 78.51718 14.8504 42.7542 78.7128 15.46901 42.78579 78.48137 15.31304 42.84265 78.76126 15.17806 42.66318 78.51232 15.10176 42.76622 78.5191 14.93804 42.74943 78.3288 15.64564 43.21389 78.37725 15.58756 43.09698 78.63085 15.70039 42.99172 78.41312 15.52322 43.00984 78.47646 15.33479 42.85476 78.5242 15.84526 43.25705 78.41772 10.98803 43.51911 78.23258 11.18804 43.44347 76.89925 10.98803 46.98375 75.72779 10.98803 49.37206 75.53009 12.78718 49.75495 75.72779 12.88804 49.37206 75.41049 12.60016 49.98398 75.32619 12.34141 50.1443 75.28617 12.03824 50.22006 75.29547 11.72185 50.20249 75.35422 11.42684 50.09111 75.45635 11.18842 49.8964 75.58919 11.03637 49.64105 76.89925 12.88804 46.98375 78.23258 12.68804 43.44347 78.41772 12.88804 43.51911 78.37726 11.28851 43.09697 78.35666 11.26027 43.14678 78.58316 11.09559 43.11072 78.43518 11.40462 42.95601 78.67758 11.28781 42.87451 78.48137 11.56303 42.84266 78.74254 11.55265 42.71064 78.49057 11.60898 42.81998 78.77144 11.86077 42.63735 78.51718 11.8504 42.7542 78.7128 12.46901 42.78579 78.48137 12.31304 42.84265 78.76126 12.17806 42.66318 78.51232 12.10176 42.76622 78.5191 11.93804 42.74943 78.3288 12.64564 43.21389 78.37725 12.58756 43.09698 78.63085 12.70039 42.99172 78.41312 12.52322 43.00984 78.47646 12.33479 42.85476 78.5242 12.84526 43.25705 78.41772 7.988036 43.51911 78.23258 8.188036 43.44347 76.89925 7.988035 46.98375 75.72779 7.988036 49.37206 75.53009 9.78718 49.75495 75.72779 9.888037 49.37206 75.41049 9.600165 49.98398 75.32619 9.341414 50.1443 75.28617 9.038245 50.22006 75.29547 8.72185 50.20249 75.35422 8.426844 50.09111 75.45635 8.188422 49.8964 75.58919 8.036372 49.64105 76.89925 9.888037 46.98375 78.23258 9.688036 43.44347 78.41772 9.888037 43.51911 78.37726 8.288512 43.09697 78.35666 8.260279 43.14678 78.58316 8.095591 43.11072 78.43518 8.404623 42.95601 78.67758 8.28781 42.87451 78.48137 8.563033 42.84266 78.74254 8.552653 42.71064 78.49057 8.608981 42.81998 78.77144 8.86077 42.63735 78.51718 8.850401 42.7542 78.7128 9.469008 42.78579 78.48137 9.31304 42.84265 78.76126 9.178065 42.66318 78.51232 9.101759 42.76622 78.5191 8.938036 42.74943 78.3288 9.645644 43.21389 78.37725 9.587565 43.09698 78.63085 9.700388 42.99172 78.41312 9.523219 43.00984 78.47646 9.334792 42.85476 78.5242 9.845259 43.25705 78.41772 4.988036 43.51911 78.23258 5.188036 43.44347 76.89925 4.988035 46.98375 75.72779 4.988036 49.37206 75.53009 6.78718 49.75495 75.72779 6.888037 49.37206 75.41049 6.600165 49.98398 75.32619 6.341414 50.1443 75.28617 6.038245 50.22006 75.29547 5.72185 50.20249 75.35422 5.426844 50.09111 75.45635 5.188422 49.8964 75.58919 5.036372 49.64105 76.89925 6.888037 46.98375 78.23258 6.688036 43.44347 78.41772 6.888037 43.51911 78.37726 5.288512 43.09697 78.35666 5.260275 43.14678 78.58316 5.095591 43.11072 78.43518 5.404623 42.95601 78.67758 5.28781 42.87451 78.48137 5.563029 42.84266 78.74254 5.552653 42.71064 78.49057 5.608981 42.81998 78.77144 5.86077 42.63735 78.51718 5.850401 42.7542 78.7128 6.469008 42.78579 78.48137 6.31304 42.84265 78.76126 6.178065 42.66318 78.51232 6.101763 42.76622 78.5191 5.938036 42.74943 78.3288 6.645644 43.21389 78.37725 6.587565 43.09698 78.63085 6.700392 42.99172 78.41312 6.523219 43.00984 78.47646 6.334792 42.85476 78.5242 6.845259 43.25705 78.41772 1.988035 43.51911 78.23258 2.188036 43.44347 76.89925 1.988035 46.98375 75.72779 1.988035 49.37206 75.53009 3.78718 49.75495 75.72779 3.888037 49.37206 75.41049 3.600164 49.98398 75.32619 3.341413 50.1443 75.28617 3.038244 50.22006 75.29547 2.721849 50.20249 75.35422 2.426844 50.09111 75.45635 2.188421 49.8964 75.58919 2.036371 49.64105 76.89925 3.888037 46.98375 78.23258 3.688036 43.44347 78.41772 3.888037 43.51911 78.37726 2.288511 43.09697 78.35666 2.260275 43.14678 78.58316 2.095591 43.11072 78.43518 2.404623 42.95601 78.67758 2.28781 42.87451 78.48137 2.563029 42.84266 78.74254 2.552653 42.71064 78.49057 2.60898 42.81998 78.77144 2.860769 42.63735 78.51718 2.850401 42.7542 78.7128 3.469008 42.78579 78.48137 3.31304 42.84265 78.76126 3.178065 42.66318 78.51232 3.101759 42.76622 78.5191 2.938036 42.74943 78.3288 3.645643 43.21389 78.37725 3.587565 43.09698 78.63085 3.700388 42.99172 78.41312 3.523218 43.00984 78.47646 3.334791 42.85476 78.5242 3.845259 43.25705 78.41772 -1.011965 43.51911 78.23258 -0.8119639 43.44347 76.89925 -1.011965 46.98375 75.72779 -1.011965 49.37206 75.53009 0.78718 49.75495 75.72779 0.8880367 49.37206 75.41049 0.6001645 49.98398 75.32619 0.3414135 50.1443 75.28617 0.03824424 50.22006 75.29547 -0.2781505 50.20249 75.35422 -0.5731563 50.09111 75.45635 -0.8115787 49.8964 75.58919 -0.9636288 49.64105 76.89925 0.8880368 46.98375 78.23258 0.6880362 43.44347 78.41772 0.8880369 43.51911 78.37726 -0.7114885 43.09697 78.35666 -0.7397249 43.14678 78.58316 -0.9044092 43.11072 78.43518 -0.5953768 42.95601 78.67758 -0.7121905 42.87451 78.48137 -0.4369715 42.84266 78.74254 -0.4473474 42.71064 78.49057 -0.3910197 42.81998 78.77144 -0.1392305 42.63735 78.51718 -0.1495988 42.7542 78.7128 0.4690077 42.78579 78.48137 0.31304 42.84265 78.76126 0.1780645 42.66318 78.51232 0.1017591 42.76622 78.5191 -0.06196379 42.74943 78.3288 0.6456435 43.21389 78.37725 0.5875647 43.09698 78.63085 0.7003881 42.99172 78.41312 0.5232183 43.00984 78.47646 0.3347914 42.85476 78.5242 0.8452589 43.25705 78.41772 -4.011964 43.51911 78.23258 -3.811964 43.44347 76.89925 -4.011965 46.98375 75.72779 -4.011964 49.37206 75.53009 -2.21282 49.75495 75.72779 -2.111963 49.37206 75.41049 -2.399836 49.98398 75.32619 -2.658586 50.1443 75.28617 -2.961756 50.22006 75.29547 -3.278151 50.20249 75.35422 -3.573156 50.09111 75.45635 -3.811579 49.8964 75.58919 -3.963629 49.64105 76.89925 -2.111963 46.98375 78.23258 -2.311964 43.44347 78.41772 -2.111963 43.51911 78.37726 -3.711488 43.09697 78.35666 -3.739725 43.14678 78.58316 -3.904409 43.11072 78.43518 -3.595377 42.95601 78.67758 -3.71219 42.87451 78.48137 -3.436971 42.84266 78.74254 -3.447347 42.71064 78.49057 -3.39102 42.81998 78.77144 -3.13923 42.63735 78.51718 -3.149599 42.7542 78.7128 -2.530992 42.78579 78.48137 -2.68696 42.84265 78.76126 -2.821935 42.66318 78.51232 -2.898241 42.76622 78.5191 -3.061964 42.74943 78.3288 -2.354357 43.21389 78.37725 -2.412435 43.09698 78.63085 -2.299612 42.99172 78.41312 -2.476782 43.00984 78.47646 -2.665209 42.85476 78.5242 -2.154741 43.25705 78.41772 -7.011964 43.51911 78.23258 -6.811964 43.44347 76.89925 -7.011965 46.98375 75.72779 -7.011964 49.37206 75.53009 -5.21282 49.75495 75.72779 -5.111963 49.37206 75.41049 -5.399835 49.98398 75.32619 -5.658586 50.1443 75.28617 -5.961755 50.22006 75.29547 -6.27815 50.20249 75.35422 -6.573156 50.09111 75.45635 -6.811578 49.8964 75.58919 -6.963628 49.64105 76.89925 -5.111963 46.98375 78.23258 -5.311964 43.44347 78.41772 -5.111963 43.51911 78.37726 -6.711488 43.09697 78.35666 -6.739725 43.14678 78.58316 -6.904409 43.11072 78.43518 -6.595376 42.95601 78.67758 -6.71219 42.87451 78.48137 -6.436971 42.84266 78.74254 -6.447347 42.71064 78.49057 -6.391019 42.81998 78.77144 -6.13923 42.63735 78.51718 -6.149599 42.7542 78.7128 -5.530992 42.78579 78.48137 -5.68696 42.84265 78.76126 -5.821935 42.66318 78.51232 -5.898241 42.76622 78.5191 -6.061964 42.74943 78.3288 -5.354356 43.21389 78.37725 -5.412435 43.09698 78.63085 -5.299612 42.99172 78.41312 -5.476781 43.00984 78.47646 -5.665208 42.85476 78.5242 -5.154741 43.25705 78.41772 -10.01196 43.51911 78.23258 -9.811964 43.44347 76.89925 -10.01196 46.98375 75.72779 -10.01196 49.37206 75.53009 -8.212821 49.75495 75.72779 -8.111964 49.37206 75.41049 -8.399836 49.98398 75.32619 -8.658587 50.1443 75.28617 -8.961756 50.22006 75.29547 -9.278147 50.20249 75.35422 -9.573157 50.09111 75.45635 -9.811579 49.8964 75.58919 -9.963629 49.64105 76.89925 -8.111964 46.98375 78.23258 -8.311964 43.44347 78.41772 -8.111964 43.51911 78.37726 -9.711489 43.09697 78.35666 -9.739722 43.14678 78.58316 -9.90441 43.11072 78.43518 -9.595377 42.95601 78.67758 -9.712191 42.87451 78.48137 -9.436972 42.84266 78.74254 -9.447348 42.71064 78.49057 -9.39102 42.81998 78.77144 -9.139231 42.63735 78.51718 -9.1496 42.7542 78.7128 -8.530993 42.78579 78.48137 -8.686961 42.84265 78.76126 -8.821936 42.66318 78.51232 -8.898238 42.76622 78.5191 -9.061964 42.74943 78.3288 -8.354357 43.21389 78.37725 -8.412436 43.09698 78.63085 -8.299612 42.99172 78.41312 -8.476782 43.00984 78.47646 -8.665209 42.85476 78.5242 -8.154742 43.25705 78.41772 -13.01196 43.51911 78.23258 -12.81196 43.44347 76.89925 -13.01196 46.98375 75.72779 -13.01196 49.37206 75.53009 -11.21282 49.75495 75.72779 -11.11196 49.37206 75.41049 -11.39984 49.98398 75.32619 -11.65859 50.1443 75.28617 -11.96176 50.22006 75.29547 -12.27815 50.20249 75.35422 -12.57316 50.09111 75.45635 -12.81158 49.8964 75.58919 -12.96363 49.64105 76.89925 -11.11196 46.98375 78.23258 -11.31196 43.44347 78.41772 -11.11196 43.51911 78.37726 -12.71149 43.09697 78.35666 -12.73972 43.14678 78.58316 -12.90441 43.11072 78.43518 -12.59538 42.95601 78.67758 -12.71219 42.87451 78.48137 -12.43697 42.84266 78.74254 -12.44735 42.71064 78.49057 -12.39102 42.81998 78.77144 -12.13923 42.63735 78.51718 -12.1496 42.7542 78.7128 -11.53099 42.78579 78.48137 -11.68696 42.84265 78.76126 -11.82194 42.66318 78.51232 -11.89824 42.76622 78.5191 -12.06196 42.74943 78.3288 -11.35436 43.21389 78.37725 -11.41244 43.09698 78.63085 -11.29961 42.99172 78.41312 -11.47678 43.00984 78.47646 -11.66521 42.85476 78.5242 -11.15474 43.25705 78.41772 -16.01197 43.51911 78.23258 -15.81196 43.44347 76.89925 -16.01197 46.98375 75.72779 -16.01197 49.37206 75.53009 -14.21282 49.75495 75.72779 -14.11196 49.37206 75.41049 -14.39984 49.98398 75.32619 -14.65859 50.1443 75.28617 -14.96176 50.22006 75.29547 -15.27815 50.20249 75.35422 -15.57316 50.09111 75.45635 -15.81157 49.8964 75.58919 -15.96363 49.64105 76.89925 -14.11196 46.98375 78.23258 -14.31196 43.44347 78.41772 -14.11196 43.51911 78.37726 -15.71149 43.09697 78.35666 -15.73972 43.14678 78.58316 -15.90441 43.11072 78.43518 -15.59538 42.95601 78.67758 -15.71219 42.87451 78.48137 -15.43697 42.84266 78.74254 -15.44735 42.71064 78.49057 -15.39102 42.81998 78.77144 -15.13923 42.63735 78.51718 -15.1496 42.7542 78.7128 -14.53099 42.78579 78.48137 -14.68696 42.84265 78.76126 -14.82194 42.66318 78.51232 -14.89824 42.76622 78.5191 -15.06196 42.74943 78.3288 -14.35436 43.21389 78.37725 -14.41244 43.09698 78.63085 -14.29961 42.99172 78.41312 -14.47678 43.00984 78.47646 -14.66521 42.85476 78.5242 -14.15474 43.25705 78.41772 -19.01197 43.51911 78.23258 -18.81197 43.44347 76.89925 -19.01197 46.98375 75.72779 -19.01197 49.37206 75.53009 -17.21282 49.75495 75.72779 -17.11196 49.37206 75.41049 -17.39984 49.98398 75.32619 -17.65859 50.1443 75.28617 -17.96176 50.22006 75.29547 -18.27815 50.20249 75.35422 -18.57315 50.09111 75.45635 -18.81158 49.8964 75.58919 -18.96363 49.64105 76.89925 -17.11196 46.98375 78.23258 -17.31196 43.44347 78.41772 -17.11196 43.51911 78.37726 -18.71149 43.09697 78.35666 -18.73973 43.14678 78.58316 -18.90441 43.11072 78.43518 -18.59538 42.95601 78.67758 -18.71219 42.87451 78.48137 -18.43697 42.84266 78.74254 -18.44734 42.71064 78.49057 -18.39102 42.81998 78.77144 -18.13923 42.63735 78.51718 -18.1496 42.7542 78.7128 -17.53099 42.78579 78.48137 -17.68696 42.84265 78.76126 -17.82193 42.66318 78.51232 -17.89824 42.76622 78.5191 -18.06196 42.74943 78.3288 -17.35436 43.21389 78.37725 -17.41244 43.09698 78.63085 -17.29961 42.99172 78.41312 -17.47678 43.00984 78.47646 -17.66521 42.85476 78.5242 -17.15474 43.25705 78.41772 -22.01197 43.5191 78.23258 -21.81196 43.44347 76.89925 -22.01197 46.98374 75.72779 -22.01197 49.37205 75.53009 -20.21282 49.75495 75.72779 -20.11196 49.37206 75.41049 -20.39984 49.98398 75.32619 -20.65859 50.1443 75.28617 -20.96176 50.22006 75.29547 -21.27815 50.20249 75.35422 -21.57315 50.09111 75.45635 -21.81158 49.8964 75.58919 -21.96363 49.64105 76.89925 -20.11196 46.98375 78.23258 -20.31196 43.44347 78.41772 -20.11196 43.51911 78.37726 -21.71149 43.09697 78.35666 -21.73973 43.14678 78.58316 -21.90441 43.11072 78.43518 -21.59538 42.95601 78.67758 -21.71219 42.87451 78.48137 -21.43697 42.84266 78.74254 -21.44734 42.71064 78.49057 -21.39102 42.81998 78.77144 -21.13923 42.63735 78.51718 -21.1496 42.7542 78.7128 -20.53099 42.78579 78.48137 -20.68696 42.84265 78.76126 -20.82193 42.66318 78.51232 -20.89824 42.76622 78.5191 -21.06196 42.74943 78.3288 -20.35436 43.21389 78.37725 -20.41244 43.09698 78.63085 -20.29961 42.99172 78.41312 -20.47678 43.00984 78.47646 -20.66521 42.85476 78.5242 -20.15474 43.25705 78.41772 -25.01197 43.5191 78.23258 -24.81196 43.44347 76.89925 -25.01197 46.98374 75.72779 -25.01197 49.37205 75.53009 -23.21282 49.75494 75.72779 -23.11196 49.37205 75.41049 -23.39984 49.98398 75.32619 -23.65859 50.14429 75.28617 -23.96176 50.22006 75.29547 -24.27815 50.20248 75.35422 -24.57315 50.0911 75.45635 -24.81158 49.8964 75.58919 -24.96363 49.64105 76.89925 -23.11196 46.98374 78.23258 -23.31197 43.44347 78.41772 -23.11196 43.5191 78.45756 -24.52959 42.9012 78.43518 -24.59538 42.956 78.67758 -24.71219 42.87451 78.58316 -24.90441 43.11072 78.35666 -24.73973 43.14677 78.49057 -24.39102 42.81998 78.74254 -24.44734 42.71063 78.51206 -24.22886 42.76688 78.77144 -24.13923 42.63735 78.51718 -24.1496 42.7542 78.76126 -23.82194 42.66318 78.51232 -23.89824 42.76622 78.47646 -23.66521 42.85476 78.7128 -23.53099 42.78578 78.45756 -23.59434 42.9012 78.41312 -23.47678 43.00984 78.63085 -23.29961 42.99171 78.35829 -23.38623 43.14285 78.5242 -23.15474 43.25705 78.3288 -23.35436 43.21389 78.41772 -28.01197 43.5191 78.23258 -27.81197 43.44347 76.89925 -28.01197 46.98374 75.72779 -28.01197 49.37205 75.53009 -26.21282 49.75494 75.72779 -26.11196 49.37205 75.41049 -26.39984 49.98398 75.32619 -26.65859 50.14429 75.28617 -26.96176 50.22006 75.29547 -27.27815 50.20248 75.35422 -27.57315 50.0911 75.45635 -27.81158 49.8964 75.58919 -27.96363 49.64105 76.89925 -26.11196 46.98374 78.23258 -26.31196 43.44347 78.41772 -26.11196 43.5191 78.45756 -27.52959 42.9012 78.43518 -27.59538 42.956 78.67758 -27.71219 42.87451 78.58316 -27.90441 43.11072 78.35666 -27.73973 43.14677 78.49057 -27.39102 42.81998 78.74254 -27.44735 42.71063 78.51206 -27.22886 42.76688 78.77144 -27.13923 42.63735 78.51718 -27.1496 42.7542 78.76126 -26.82193 42.66318 78.51232 -26.89824 42.76622 78.47646 -26.66521 42.85476 78.7128 -26.53099 42.78578 78.45756 -26.59434 42.9012 78.41312 -26.47678 43.00984 78.63085 -26.29961 42.99171 78.35829 -26.38623 43.14285 78.5242 -26.15474 43.25705 78.3288 -26.35436 43.21389 78.41772 -31.01197 43.5191 78.23258 -30.81197 43.44347 76.89925 -31.01197 46.98374 75.72779 -31.01197 49.37205 75.53009 -29.21282 49.75494 75.72779 -29.11196 49.37205 75.41049 -29.39984 49.98398 75.32619 -29.65859 50.14429 75.28617 -29.96176 50.22006 75.29547 -30.27815 50.20248 75.35422 -30.57315 50.0911 75.45635 -30.81158 49.8964 75.58919 -30.96363 49.64105 76.89925 -29.11196 46.98374 78.23258 -29.31196 43.44347 78.41772 -29.11196 43.5191 78.37726 -30.71149 43.09697 78.35666 -30.73973 43.14677 78.58316 -30.90441 43.11072 78.43518 -30.59538 42.956 78.67758 -30.71219 42.87451 78.48137 -30.43697 42.84265 78.74254 -30.44734 42.71063 78.49057 -30.39102 42.81998 78.77144 -30.13923 42.63735 78.51718 -30.1496 42.7542 78.7128 -29.53099 42.78578 78.48137 -29.68696 42.84265 78.76126 -29.82193 42.66318 78.51232 -29.89824 42.76622 78.5191 -30.06196 42.74943 78.3288 -29.35436 43.21389 78.37725 -29.41244 43.09697 78.63085 -29.29961 42.99171 78.41312 -29.47678 43.00984 78.47646 -29.66521 42.85476 78.5242 -29.15474 43.25705 78.41772 28.98804 43.51911 78.23258 29.18804 43.44347 76.89925 28.98804 46.98375 75.72779 28.98804 49.37206 75.53009 30.78718 49.75495 75.72779 30.88804 49.37206 75.41049 30.60017 49.98398 75.32619 30.34141 50.1443 75.28617 30.03824 50.22007 75.29547 29.72185 50.20249 75.35422 29.42684 50.09111 75.45635 29.18842 49.89641 75.58919 29.03637 49.64106 76.89925 30.88804 46.98375 78.23258 30.68804 43.44347 78.41772 30.88804 43.51911 78.45756 29.47041 42.90121 78.43518 29.40462 42.95601 78.67758 29.28781 42.87452 78.58316 29.09559 43.11073 78.35666 29.26028 43.14678 78.49057 29.60898 42.81999 78.74254 29.55265 42.71064 78.51206 29.77114 42.76689 78.77144 29.86077 42.63735 78.51718 29.8504 42.75421 78.76126 30.17807 42.66319 78.51232 30.10176 42.76622 78.47646 30.33479 42.85477 78.7128 30.46901 42.78579 78.45756 30.40566 42.90121 78.41312 30.52322 43.00985 78.63085 30.70039 42.99172 78.35829 30.61377 43.14286 78.5242 30.84526 43.25706 78.3288 30.64564 43.2139 60.46633 42.87808 39.13341 59.62715 42.67986 38.83301 61.63213 43.81814 39.55075 63.16939 44.06731 40.10106 63.80766 44.51909 40.32955 66.07013 44.47293 41.13947 66.07013 44.75577 41.13947 68.97087 44.06731 42.17789 68.3326 44.51909 41.9494 70.50813 43.81814 42.72819 71.67393 42.87808 43.14554 72.5131 42.67986 43.44594 73.9951 40.9863 43.97647 74.27048 41.14799 44.07505 75.7762 38.52088 44.61407 75.71272 39.28141 44.59135 76.7844 37.15183 44.97499 57.86978 41.14799 38.2039 58.14516 40.9863 38.30248 56.42754 39.2814 37.6876 56.36406 38.52088 37.66487 55.35586 37.15183 37.30396 55.48736 36.48803 37.35103 55.11786 36.48803 37.21876 55.28602 35.56959 37.08492 54.90349 35.56959 36.94798 55.29644 34.79098 36.53606 54.87965 34.79098 36.38685 55.477 34.27072 35.77369 55.01701 34.27072 35.60903 55.76306 34.08803 34.90058 55.26393 34.08803 34.7219 78.92358 33.65591 40.40647 79.47519 33.65591 40.60393 78.85076 33.88301 40.54157 79.40061 33.88301 40.73841 78.75742 34.03475 40.74937 79.30521 34.03475 40.94546 53.12343 29.19608 42.48083 52.98844 28.61652 43.20581 52.90651 27.84906 43.66478 52.85667 26.93804 43.71403 53.04183 29.0452 42.37893 52.92365 28.50183 43.05596 52.8526 27.78587 43.48337 52.72803 27.73947 43.33459 52.79083 28.41944 42.93195 52.89682 28.9405 42.29052 52.70591 26.93804 43.48088 52.73894 26.93804 43.51235 52.82736 26.93804 43.63917 53.28487 29.47746 41.68361 53.18682 29.3064 41.63145 53.02729 29.19145 41.57653 52.81354 19.43804 43.61284 52.8235 19.56847 43.63143 52.84667 19.68827 43.68428 52.85666 -27.06197 43.71403 52.86995 -27.06197 43.94718 52.86995 -20.03054 43.94718 52.87773 -19.99497 43.87202 52.85666 -19.85588 43.71403 52.82736 -27.06197 43.63917 52.84662 -19.81197 43.68414 52.73894 -27.06197 43.51234 52.82352 -19.69248 43.63146 52.81354 -19.56197 43.61284 52.7059 -27.06197 43.48087 52.87773 19.87105 43.87202 52.85667 19.73196 43.71403 52.72502 -27.80906 43.3543 53.02729 -29.31537 41.57653 52.8893 -27.82422 43.84054 52.90254 -27.91136 43.68733 53.02565 -29.04448 43.11257 52.98768 -28.82864 43.31137 52.98844 -28.74045 43.20579 52.93672 -28.43682 43.58282 52.8965 -27.95042 43.80109 53.12654 -29.43818 42.598 53.107 -29.27163 42.56707 53.26293 -29.72007 41.93078 53.28486 -29.60138 41.6836 53.30755 -29.76801 41.71896 52.79082 -28.54337 42.93194 52.84918 -27.8524 43.50435 52.92364 -28.62576 43.05595 53.02738 -29.1236 42.45957 52.9501 -29.20434 41.98399 52.88376 -29.02046 42.36714 53.1812 -29.4242 41.62913 53.18682 -29.43033 41.63145 54.59347 -30.27086 36.4456 55.71481 -30.57507 33.00038 54.79606 -30.48934 35.87223 53.54317 -29.8008 40.51012 53.44409 -29.62968 40.46021 53.28419 -29.51521 40.40539 54.6216 -30.44911 36.46685 53.99269 -30.22043 38.78179 54.25663 29.90761 37.23424 53.26805 29.37997 40.4764 53.50976 29.53395 39.44504 53.49316 29.52437 39.51379 53.68662 29.65752 39.43109 54.35839 30.07884 37.27801 53.78658 29.8287 39.47903 53.51808 29.5387 39.41067 53.46018 29.50493 39.65128 53.39503 29.46485 39.9263 75.41676 -24.22885 46.61095 75.41676 -23.89508 46.61095 75.47891 -23.59435 46.47938 75.5902 -23.38624 46.24204 75.72774 -23.31197 45.94564 75.47891 -24.52958 46.47938 75.55454 -24.69047 46.31832 75.60654 -24.73769 46.24789 75.75023 -24.81196 45.9537 77.00743 -23.31197 43.00489 77.13017 -23.38624 42.70319 77.22763 -23.59435 42.4609 77.28133 -23.89508 42.3263 77.28133 -24.22885 42.3263 77.22763 -24.52958 42.4609 77.13017 -24.73769 42.70319 77.00743 -24.81196 43.00489 75.84295 -24.81196 45.6947 75.75023 -26.31196 45.9537 75.84295 -26.31196 45.6947 77.00743 -26.31196 43.00489 77.13017 -26.38624 42.70319 77.22763 -26.59435 42.4609 77.28133 -26.89508 42.3263 77.28133 -27.22885 42.3263 77.22763 -27.52958 42.4609 77.13017 -27.73769 42.70319 77.00743 -27.81197 43.00489 75.72774 -27.81197 45.94564 75.41676 -27.22885 46.61095 75.41676 -26.89508 46.61095 75.47891 -26.59435 46.47938 75.55454 -26.43346 46.31832 75.60654 -26.38624 46.24789 75.47891 -27.52958 46.47938 75.5902 -27.73769 46.24204 76.40665 -26.02082 44.42927 76.76038 -25.70468 43.60078 76.55379 -25.64321 44.18925 76.79579 -25.50788 43.51626 76.80036 -25.53563 43.50532 76.71939 -25.42816 43.71731 76.40665 -25.10311 44.42927 76.62469 -25.26194 43.92193 76.7751 -25.4476 43.56568 76.79423 -25.62268 43.52 76.79948 -25.59553 43.50745 76.80176 -25.56575 43.50199 77.00743 30.68804 43.00489 77.13017 30.61376 42.7032 77.22763 30.40566 42.46091 77.28133 30.10493 42.32631 77.28133 29.77115 42.32631 77.22763 29.47042 42.46091 77.13017 29.26231 42.7032 77.00743 29.18804 43.00489 75.72774 29.18804 45.94565 75.41676 29.77115 46.61096 75.41676 30.10493 46.61096 75.47891 30.40566 46.47938 75.47891 29.47042 46.47938 75.5902 29.26231 46.24205 77.00743 24.68804 43.00489 77.14875 24.58756 42.65718 77.2068 24.46829 42.5129 77.25107 24.31304 42.40223 77.27881 24.13235 42.33264 77.28828 23.93804 42.30883 77.27883 23.74387 42.3326 77.25107 23.56304 42.40223 77.20677 23.40772 42.51296 77.14875 23.28852 42.65718 77.00743 23.18804 43.00489 75.72774 23.18804 45.94565 75.41676 23.77115 46.61096 75.41676 24.10493 46.61096 75.47891 24.40565 46.47938 75.5902 24.61376 46.24205 75.72774 24.68804 45.94565 75.47891 23.47042 46.47938 75.5902 23.26231 46.24205 77.00743 21.68804 43.00489 77.14875 21.58756 42.65718 77.2068 21.46829 42.5129 77.25107 21.31304 42.40223 77.27881 21.13235 42.33263 77.28828 20.93804 42.30882 77.27883 20.74387 42.33259 77.25107 20.56304 42.40223 77.20677 20.40772 42.51295 77.14875 20.28852 42.65718 77.00743 20.18804 43.00489 75.72774 20.18804 45.94565 75.41676 20.77115 46.61096 75.41676 21.10493 46.61096 75.47891 21.40565 46.47938 75.5902 21.61376 46.24205 75.72774 21.68804 45.94565 75.47891 20.47042 46.47938 75.5902 20.26231 46.24205 77.00743 18.68804 43.00489 77.14875 18.58756 42.65718 77.2068 18.46829 42.5129 77.25107 18.31304 42.40223 77.27881 18.13235 42.33263 77.28828 17.93804 42.30882 77.27883 17.74387 42.33259 77.25107 17.56304 42.40223 77.20677 17.40772 42.51295 77.14875 17.28852 42.65718 77.00743 17.18804 43.00489 75.72774 17.18804 45.94565 75.41676 17.77115 46.61096 75.41676 18.10493 46.61096 75.47891 18.40566 46.47938 75.5902 18.61376 46.24205 75.72774 18.68804 45.94565 75.47891 17.47042 46.47938 75.5902 17.26231 46.24205 77.00743 15.68804 43.00489 77.14875 15.58756 42.65718 77.2068 15.46829 42.5129 77.25107 15.31304 42.40223 77.27881 15.13235 42.33263 77.28828 14.93804 42.30882 77.27883 14.74387 42.33259 77.25107 14.56304 42.40223 77.20677 14.40772 42.51295 77.14875 14.28852 42.65718 77.00743 14.18804 43.00489 75.72774 14.18804 45.94565 75.41676 14.77115 46.61096 75.41676 15.10493 46.61096 75.47891 15.40565 46.47938 75.5902 15.61376 46.24205 75.72774 15.68804 45.94565 75.47891 14.47042 46.47938 75.5902 14.26231 46.24205 77.00743 12.68804 43.00489 77.14875 12.58756 42.65718 77.2068 12.46829 42.5129 77.25107 12.31304 42.40223 77.27881 12.13235 42.33263 77.28828 11.93804 42.30882 77.27883 11.74386 42.33259 77.25107 11.56304 42.40223 77.20677 11.40772 42.51295 77.14875 11.28852 42.65718 77.00743 11.18804 43.00489 75.72774 11.18804 45.94565 75.41676 11.77115 46.61096 75.41676 12.10493 46.61096 75.47891 12.40565 46.47938 75.5902 12.61376 46.24205 75.72774 12.68804 45.94565 75.47891 11.47042 46.47938 75.5902 11.26231 46.24205 77.00743 9.688036 43.00489 77.14875 9.587557 42.65718 77.2068 9.468295 42.5129 77.25107 9.313036 42.40223 77.27881 9.132353 42.33263 77.28828 8.938036 42.30882 77.27883 8.743868 42.33259 77.25107 8.563036 42.40223 77.20677 8.407717 42.51295 77.14875 8.288519 42.65718 77.00743 8.188036 43.00489 75.72774 8.188037 45.94565 75.41676 8.771148 46.61096 75.41676 9.104927 46.61096 75.47891 9.405654 46.47938 75.5902 9.613765 46.24205 75.72774 9.688037 45.94565 75.47891 8.47042 46.47938 75.5902 8.26231 46.24205 77.00743 6.688036 43.00489 77.14875 6.587557 42.65718 77.2068 6.468291 42.5129 77.25107 6.313036 42.40223 77.27881 6.132353 42.33263 77.28828 5.938036 42.30882 77.27883 5.743868 42.33259 77.25107 5.563036 42.40223 77.20677 5.407717 42.51295 77.14875 5.288516 42.65718 77.00743 5.188036 43.00489 75.72774 5.188036 45.94565 75.41676 5.771147 46.61096 75.41676 6.104925 46.61096 75.47891 6.405653 46.47938 75.5902 6.613764 46.24205 75.72774 6.688036 45.94565 75.47891 5.470419 46.47938 75.5902 5.262309 46.24205 77.00743 3.688036 43.00489 77.14875 3.587557 42.65718 77.2068 3.468291 42.5129 77.25107 3.313036 42.40223 77.27881 3.132353 42.33263 77.28828 2.938036 42.30882 77.27883 2.743868 42.33259 77.25107 2.563036 42.40223 77.20677 2.407717 42.51295 77.14875 2.288519 42.65718 77.00743 2.188036 43.00489 75.72774 2.188036 45.94565 75.41676 2.771147 46.61096 75.41676 3.104925 46.61096 75.47891 3.405653 46.47938 75.5902 3.613764 46.24205 75.72774 3.688036 45.94565 75.47891 2.470419 46.47938 75.5902 2.262308 46.24205 77.00743 0.6880363 43.00489 77.14875 0.587557 42.65718 77.2068 0.4682906 42.5129 77.25107 0.3130362 42.40223 77.27881 0.1323531 42.33263 77.28828 -0.06196373 42.30882 77.27883 -0.2561318 42.33259 77.25107 -0.4369637 42.40223 77.20677 -0.592283 42.51295 77.14875 -0.7114809 42.65718 77.00743 -0.8119637 43.00489 75.72774 -0.8119639 45.94565 75.47891 -0.5295809 46.47938 75.41727 -0.2340105 46.60987 75.46458 -0.2340105 46.62681 75.47891 0.4056531 46.47938 75.5902 0.613764 46.24205 75.72774 0.6880362 45.94565 75.41727 0.1100828 46.60987 75.46458 0.1100828 46.62681 75.45597 -0.06254369 46.64497 75.5902 -0.7376917 46.24205 77.00743 -2.311964 43.00489 77.14875 -2.412443 42.65718 77.2068 -2.531709 42.5129 77.25107 -2.686964 42.40223 77.27881 -2.867647 42.33263 77.28828 -3.061964 42.30882 77.27883 -3.256132 42.33259 77.25107 -3.436964 42.40223 77.20677 -3.592283 42.51295 77.14875 -3.711481 42.65718 77.00743 -3.811964 43.00489 75.72774 -3.811964 45.94565 75.41676 -3.228853 46.61096 75.41676 -2.895075 46.61096 75.47891 -2.594347 46.47938 75.5902 -2.386236 46.24205 75.72774 -2.311964 45.94565 75.47891 -3.529581 46.47938 75.5902 -3.737692 46.24205 77.00743 -5.311964 43.00489 77.14875 -5.412443 42.65718 77.2068 -5.531709 42.5129 77.25107 -5.686964 42.40223 77.27881 -5.867647 42.33263 77.28828 -6.061964 42.30882 77.27883 -6.256132 42.33259 77.25107 -6.436964 42.40223 77.20677 -6.592283 42.51295 77.14875 -6.711481 42.65718 77.00743 -6.811964 43.00489 75.72774 -6.811964 45.94565 75.41676 -6.228853 46.61096 75.41676 -5.895075 46.61096 75.47891 -5.594347 46.47938 75.5902 -5.386236 46.24205 75.72774 -5.311964 45.94565 75.47891 -6.529581 46.47938 75.5902 -6.737691 46.24205 77.00743 -8.311964 43.00489 77.14875 -8.412447 42.65718 77.2068 -8.531706 42.5129 77.25107 -8.686964 42.40223 77.27881 -8.867648 42.33263 77.28828 -9.061964 42.30882 77.27883 -9.256133 42.33259 77.25107 -9.436964 42.40223 77.20677 -9.592284 42.51295 77.14875 -9.711482 42.65718 77.00743 -9.811964 43.00489 75.72774 -9.811964 45.94565 75.41676 -9.228853 46.61096 75.41676 -8.895074 46.61096 75.47891 -8.594347 46.47938 75.5902 -8.386236 46.24205 75.72774 -8.311964 45.94565 75.47891 -9.529581 46.47938 75.5902 -9.737691 46.24205 77.00743 -11.31196 43.00489 77.14875 -11.41244 42.65718 77.2068 -11.53171 42.5129 77.25107 -11.68696 42.40223 77.27881 -11.86765 42.33263 77.28828 -12.06196 42.30882 77.27883 -12.25613 42.33259 77.25107 -12.43696 42.40223 77.20677 -12.59228 42.51295 77.14875 -12.71148 42.65718 77.00743 -12.81196 43.00489 75.72774 -12.81196 45.94565 75.41676 -12.22885 46.61096 75.41676 -11.89507 46.61096 75.47891 -11.59435 46.47938 75.5902 -11.38624 46.24205 75.72774 -11.31196 45.94565 75.47891 -12.52958 46.47938 75.5902 -12.73769 46.24205 77.00743 -14.31196 43.00489 77.14875 -14.41245 42.65718 77.2068 -14.53171 42.5129 77.25107 -14.68696 42.40223 77.27881 -14.86765 42.33263 77.28828 -15.06196 42.30882 77.27883 -15.25613 42.33259 77.25107 -15.43696 42.40223 77.20677 -15.59228 42.51295 77.14875 -15.71148 42.65718 77.00743 -15.81196 43.00489 75.72774 -15.81196 45.94565 75.41676 -15.22885 46.61096 75.41676 -14.89507 46.61096 75.47891 -14.59435 46.47938 75.5902 -14.38624 46.24205 75.72774 -14.31196 45.94565 75.47891 -15.52958 46.47938 75.5902 -15.73769 46.24205 77.00743 -17.31196 43.00489 77.14875 -17.41245 42.65718 77.2068 -17.53171 42.5129 77.25107 -17.68697 42.40223 77.27881 -17.86765 42.33263 77.28828 -18.06196 42.30882 77.27883 -18.25614 42.33259 77.25107 -18.43696 42.40223 77.20677 -18.59228 42.51295 77.14875 -18.71148 42.65718 77.00743 -18.81197 43.00489 75.72774 -18.81197 45.94565 75.41676 -18.22885 46.61096 75.41676 -17.89508 46.61096 75.47891 -17.59435 46.47938 75.5902 -17.38624 46.24205 75.72774 -17.31196 45.94565 75.47891 -18.52958 46.47938 75.5902 -18.73769 46.24205 77.00743 -20.31196 43.00489 77.14875 -20.41245 42.65718 77.2068 -20.53171 42.5129 77.25107 -20.68697 42.40223 77.27881 -20.86765 42.33263 77.28828 -21.06196 42.30882 77.27883 -21.25614 42.33259 77.25107 -21.43697 42.40223 77.20677 -21.59228 42.51295 77.14875 -21.71148 42.65718 77.00743 -21.81196 43.00489 75.72774 -21.81196 45.94565 75.41676 -21.22885 46.61096 75.41676 -20.89508 46.61096 75.47891 -20.59435 46.47938 75.5902 -20.38624 46.24205 75.72774 -20.31196 45.94565 75.47891 -21.52958 46.47938 75.5902 -21.73769 46.24205 77.00743 -29.31196 43.00489 77.14875 -29.41245 42.65718 77.2068 -29.53171 42.51289 77.25107 -29.68697 42.40222 77.27881 -29.86765 42.33263 77.28828 -30.06196 42.30882 77.27883 -30.25614 42.33259 77.25107 -30.43696 42.40222 77.20677 -30.59228 42.51295 77.14875 -30.71148 42.65718 77.00743 -30.81197 43.00489 75.72774 -30.81197 45.94564 75.41676 -30.22885 46.61095 75.41676 -29.89508 46.61095 75.47891 -29.59435 46.47938 75.5902 -29.38624 46.24204 75.72774 -29.31196 45.94564 75.47891 -30.52958 46.47938 75.5902 -30.73769 46.24204 77.00743 27.68804 43.00489 77.14875 27.58756 42.65718 77.2068 27.46829 42.5129 77.25107 27.31304 42.40223 77.27881 27.13235 42.33264 77.28828 26.93804 42.30883 77.27883 26.74387 42.3326 77.25107 26.56304 42.40223 77.20677 26.40772 42.51296 77.14875 26.28852 42.65718 77.00743 26.18804 43.00489 75.72774 26.18804 45.94565 75.72774 27.68804 45.94565 75.47891 26.47042 46.47938 75.41727 26.76599 46.60987 75.46458 26.76599 46.62681 75.5902 26.26231 46.24205 75.45645 26.89721 46.64396 75.44569 26.96279 46.64086 75.41728 27.02111 46.62622 75.5902 27.61376 46.24205 75.47891 27.40565 46.47938 75.41676 27.10493 46.61096 75.41107 27.0295 46.62295 53.99227 -32.56196 38.78345 54.59727 -32.56196 36.55123 54.82065 -34.97094 36.63119 76.89925 -32.56196 46.98374 75.88558 -32.56196 49.06253 75.67009 -34.88579 48.98539 73.66841 -32.56196 53.12142 73.46595 -34.74543 53.04893 72.86631 -36.84498 52.83428 75.03192 -37.12031 48.75693 71.89257 -38.77995 52.48569 73.99558 -39.17965 48.38594 70.58213 -40.47596 52.01658 72.6009 -40.98468 47.88667 68.98535 -41.86784 51.44496 70.90148 -42.46603 47.27831 67.1636 -42.9021 50.79281 68.96262 -43.56678 46.58423 65.18688 -43.53899 50.08518 66.85884 -44.24461 45.83112 63.13116 -43.75404 49.34928 64.67098 -44.47349 45.04791 61.07545 -43.53899 48.61336 62.48311 -44.24461 44.26469 59.09873 -42.9021 47.90573 60.37933 -43.56678 43.51157 57.27698 -41.86784 47.25358 58.44048 -42.46604 42.8175 55.6802 -40.47596 46.68196 56.74106 -40.98468 42.20913 54.36976 -38.77995 46.21285 55.34638 -39.17965 41.70986 53.39601 -36.84498 45.86426 54.31004 -37.12031 41.33887 52.79638 -34.74543 45.64961 53.67186 -34.88579 41.11042 52.59391 -32.56196 45.57712 53.45638 -32.56196 41.03327 77.84835 -32.56196 44.87469 77.62496 -34.97094 44.79473 76.9634 -37.28734 44.5579 75.88909 -39.42215 44.17332 74.44331 -41.29332 43.65575 72.68161 -42.82895 43.0251 70.67171 -43.97003 42.30559 68.49084 -44.6727 41.52488 66.22281 -44.90997 40.71297 63.95478 -44.6727 39.90105 61.77391 -43.97003 39.12034 59.76401 -42.82895 38.40082 58.00231 -41.29332 37.77017 56.55652 -39.42215 37.2526 55.48221 -37.28734 36.86802 76.89925 -10.8953 46.98375 73.66841 -10.8953 53.12142 76.89925 10.77137 46.98375 73.66841 10.77137 53.12142 73.66841 32.43804 53.12143 75.88558 32.43804 49.06254 76.89925 32.43804 46.98375 77.84835 32.43804 44.8747 77.62496 34.84701 44.79474 53.67187 34.76186 41.11042 52.79639 34.6215 45.64962 53.39602 36.72106 45.86427 55.95961 33.7387 32.50094 75.03192 36.99638 48.75694 73.99559 39.05573 48.38595 72.60091 40.86076 47.88668 70.90148 42.34211 47.27832 68.96263 43.44285 46.58424 66.85884 44.12069 45.83112 64.67098 44.34956 45.04791 62.48312 44.12069 44.26469 60.37934 43.44285 43.51158 58.44048 42.34211 42.8175 56.74106 40.86075 42.20914 55.34638 39.05572 41.70987 54.31004 36.99637 41.33888 54.82065 34.84701 36.6312 79.36598 33.7387 40.88 54.36977 38.65602 46.21286 55.68021 40.35203 46.68197 57.27698 41.74391 47.25359 59.09873 42.77817 47.90574 61.07545 43.41507 48.61337 63.13117 43.63012 49.34928 65.18689 43.41507 50.08519 67.16361 42.77817 50.79281 68.98535 41.74391 51.44497 70.58213 40.35203 52.01659 71.89258 38.65602 52.4857 72.86632 36.72106 52.83429 73.46595 34.6215 53.04894 75.67009 34.76186 48.9854 52.59391 -20.06196 45.57713 52.83907 -20.06196 44.11921 71.87859 -32.56196 56.02512 71.6889 -34.6076 55.95722 69.96508 -32.56196 58.84886 69.94935 -33.12923 58.84323 69.62448 -35.1775 58.72693 71.12712 -36.57464 55.75611 69.27452 -36.24942 58.60165 68.89387 -37.10424 58.46538 70.21483 -38.38747 55.42953 68.43618 -37.91532 58.30154 68.98711 -39.97642 54.99003 67.79148 -38.81991 58.07075 67.49112 -41.28045 54.45449 66.36854 -40.24477 57.56136 65.78436 -42.24943 53.8435 64.69116 -41.31264 56.96089 63.93241 -42.84611 53.18053 62.83728 -41.97387 56.29724 62.00645 -43.04759 52.49108 60.89307 -42.19775 55.60124 60.08049 -42.84611 51.80162 58.94885 -41.97387 54.90525 58.22855 -42.24943 51.13866 57.09498 -41.31264 54.2416 56.52179 -41.28045 50.52766 55.4176 -40.24477 53.64113 55.0258 -39.97642 49.99213 53.99465 -38.81991 53.13174 53.79807 -38.38747 49.55263 53.34997 -37.91532 52.90095 52.89227 -37.10424 52.7371 52.88579 -36.57464 49.22604 52.51162 -36.24942 52.60084 52.32401 -34.6076 49.02493 52.16166 -35.1775 52.47555 52.13432 -32.56196 48.95703 51.83679 -33.12923 52.35926 51.82106 -32.56196 52.35362 71.8786 32.43804 56.02513 69.96509 32.43804 58.84887 52.13432 32.43804 48.95704 52.32401 34.48368 49.02494 51.82106 32.43804 52.35363 51.83679 33.00531 52.35927 52.16167 35.05358 52.47556 52.88579 36.45071 49.22605 52.51163 36.12549 52.60084 52.89227 36.98031 52.73711 53.79808 38.26354 49.55263 53.34997 37.79139 52.90095 55.0258 39.8525 49.99213 53.99466 38.69598 53.13174 56.52179 41.15652 50.52767 55.41761 40.12085 53.64113 58.22855 42.1255 51.13866 57.09498 41.18871 54.24161 60.0805 42.72219 51.80163 58.94886 41.84995 54.90526 62.00645 42.92367 52.49109 60.89307 42.07383 55.60125 63.93241 42.72219 53.18054 62.83729 41.84995 56.29725 65.78437 42.1255 53.8435 64.69116 41.18871 56.9609 67.49113 41.15652 54.4545 66.36855 40.12085 57.56137 68.98712 39.8525 54.99003 67.79149 38.69598 58.07076 70.21484 38.26354 55.42954 68.43618 37.79139 58.30155 71.12712 36.45071 55.75612 68.89388 36.98031 58.46539 69.27452 36.12549 58.60166 71.68891 34.48368 55.95723 69.62448 35.05358 58.72694 69.94936 33.00531 58.84324 52.37052 19.93804 47.08489 52.34453 19.89998 47.2745 52.32286 19.79159 47.43528 52.30856 19.62938 47.54274 52.30357 19.43804 47.58047 52.30357 -19.56197 47.58047 52.30855 -19.7533 47.54274 52.37052 -20.06196 47.08489 52.34453 -20.0239 47.2745 52.32285 -19.91551 47.43528 51.83041 -32.56196 52.4173 51.82929 -32.56196 52.41426 51.84498 -33.12757 52.41987 51.93563 -33.12073 52.51095 51.88353 -33.12425 52.47903 52.20555 -35.15456 52.59431 52.25563 -35.1383 52.6255 52.92975 -37.0644 52.85357 52.97528 -37.03615 52.88312 54.02247 -38.76501 53.24473 54.06115 -38.72611 53.27184 55.43293 -40.17738 53.74966 55.46276 -40.12962 53.7736 57.0956 -41.23588 54.34486 57.115 -41.18148 54.36507 58.93321 -41.89132 55.00269 58.94109 -41.8328 55.01877 60.86037 -42.11323 55.69259 60.85616 -42.05332 55.70434 62.78753 -41.89132 56.38248 62.77124 -41.8328 56.3899 64.62515 -41.23588 57.0403 64.59732 -41.18148 57.04361 66.28781 -40.17738 57.63551 66.24956 -40.12962 57.63508 67.69828 -38.76501 58.14043 67.65118 -38.72611 58.13683 68.791 -37.0644 58.53161 68.73705 -37.03615 58.52555 69.51519 -35.15456 58.79085 69.4567 -35.1383 58.78317 69.83721 -33.12425 58.90613 69.7767 -33.12073 58.89773 69.7922 -32.56196 58.90327 69.85281 -32.56196 58.91171 69.85604 -32.56196 58.91146 69.91744 -32.56196 58.89213 69.92024 -32.56196 58.89049 69.90454 -33.12757 58.88488 69.58062 -35.16985 58.76892 68.85216 -37.09095 58.50814 67.75299 -38.8016 58.11466 66.33422 -40.2223 57.60676 64.66174 -41.28703 57.00805 62.81329 -41.94633 56.34634 60.87476 -42.16955 55.65238 58.93624 -41.94633 54.95842 57.08779 -41.28703 54.29671 55.41532 -40.2223 53.698 53.99654 -38.8016 53.19009 52.89737 -37.09095 52.79661 52.16891 -35.16985 52.53583 51.92013 -32.56196 52.50539 51.86793 -32.56196 52.47346 51.8656 -32.56196 52.47121 69.79221 32.43804 58.90328 69.85282 32.43804 58.91172 69.85605 32.43804 58.91147 69.92024 32.43804 58.8905 69.91744 32.43804 58.89214 69.90455 33.00364 58.88489 69.77671 32.9968 58.89773 69.83722 33.00033 58.90614 69.5152 35.03064 58.79086 69.45671 35.01438 58.78318 68.791 36.94047 58.53162 68.73706 36.91223 58.52556 67.69828 38.64109 58.14044 67.65119 38.60218 58.13684 66.28782 40.05346 57.63552 66.24957 40.00569 57.63508 64.62516 41.11196 57.04031 64.59733 41.05755 57.04362 62.78754 41.76739 56.38248 62.77124 41.70888 56.38991 60.86037 41.9893 55.6926 60.85617 41.9294 55.70434 58.93321 41.76739 55.0027 58.94109 41.70888 55.01878 57.0956 41.11196 54.34487 57.11501 41.05755 54.36508 55.43293 40.05346 53.74966 55.46277 40.00569 53.7736 54.02247 38.64109 53.24474 54.06115 38.60218 53.27185 52.92975 36.94047 52.85358 52.97529 36.91223 52.88313 52.20555 35.03064 52.59432 52.25563 35.01438 52.62551 51.88353 33.00033 52.47904 51.93563 32.9968 52.51095 51.92013 32.43804 52.5054 51.86794 32.43804 52.47346 51.8656 32.43804 52.47121 51.83041 32.43804 52.41731 51.8293 32.43804 52.41427 51.84498 33.00364 52.41988 52.16891 35.04593 52.53584 52.89738 36.96703 52.79662 53.99654 38.67767 53.1901 55.41532 40.09837 53.698 57.08779 41.16311 54.29671 58.93624 41.82241 54.95843 60.87477 42.04563 55.65239 62.81329 41.82241 56.34634 64.66175 41.16311 57.00806 66.33422 40.09837 57.60677 67.753 38.67767 58.11467 68.85217 36.96703 58.50815 69.58063 35.04593 58.76893 56.3709 -39.11905 54.09869 58.49812 -40.27028 54.8602 60.85616 -40.66696 55.70434 63.21421 -40.27028 56.54848 65.34144 38.99512 57.30999 63.21421 40.14635 56.54848 60.85617 40.54304 55.70434 58.49812 40.14635 54.86021 54.68273 -37.32596 53.49436 65.34143 -39.11905 57.30998 67.0296 -37.32596 57.91432 53.59886 34.94262 53.10636 54.68273 37.20204 53.49437 56.3709 38.99512 54.0987 67.02961 37.20204 57.91433 68.11347 -35.06654 58.30232 53.22537 -32.56196 52.97266 53.59885 -35.06654 53.10635 53.22538 32.43804 52.97266 68.48696 32.43804 58.43603 68.11348 34.94262 58.30233 68.48696 -32.56196 58.43603 68.75827 32.43804 57.67813 68.75827 -32.56196 57.67812 68.3848 34.94262 57.54443 67.30092 37.20204 57.15642 65.61275 38.99512 56.55209 63.48552 40.14635 55.79058 61.12748 40.54304 54.94644 58.76944 40.14635 54.10231 56.64221 38.99512 53.3408 54.95404 37.20204 52.73646 53.87017 34.94262 52.34846 53.4967 32.43804 52.21476 53.49669 -32.56196 52.21475 53.87017 -35.06654 52.34845 54.95404 -37.32596 52.73646 56.64221 -39.11905 53.34079 58.76943 -40.27028 54.1023 61.12748 -40.66696 54.94643 63.48552 -40.27028 55.79057 65.61274 -39.11905 56.55208 67.30091 -37.32596 57.15642 68.38479 -35.06654 57.54442 77.00743 -27.06197 43.00489 75.60386 -27.20316 46.21276 75.84295 -25.56196 45.6947 75.60386 -23.92077 46.21276 77.00743 -24.06196 43.00489 77.00743 29.93804 43.00489 75.60386 29.79685 46.21277 76.40665 31.43804 44.42928 75.65832 31.51523 46.09569 75.41727 27.0295 46.60987 77.00743 26.93804 43.00489 75.72774 -30.06196 45.94564 77.14875 -29.68697 42.65721 77.14875 -30.43696 42.65721 75.72774 -21.06196 45.94565 77.14875 -20.68697 42.65721 77.14875 -21.43697 42.65721 75.72774 -18.06196 45.94565 77.14875 -17.68697 42.65721 77.14875 -18.43696 42.65721 75.72774 -15.06196 45.94565 77.14875 -14.68696 42.65721 77.14875 -15.43696 42.65721 75.72774 -12.06196 45.94565 77.14875 -11.68696 42.65721 77.14875 -12.43696 42.65721 75.72774 -9.061964 45.94565 77.14875 -8.686964 42.65721 77.14875 -9.436964 42.65721 75.72774 -6.061964 45.94565 77.14875 -5.686964 42.65721 77.14875 -6.436964 42.65721 75.72774 -3.061964 45.94565 77.14875 -2.686964 42.65721 77.14875 -3.436964 42.65721 77.00743 -0.06196379 43.00489 75.72774 2.938036 45.94565 77.14875 3.313036 42.65721 77.14875 2.563036 42.65721 75.72774 5.938036 45.94565 77.14875 6.313036 42.65721 77.14875 5.563036 42.65721 75.72774 8.938037 45.94565 77.14875 9.313036 42.65721 77.14875 8.563036 42.65721 75.72774 11.93804 45.94565 77.14875 12.31304 42.65721 77.14875 11.56304 42.65721 75.72774 14.93804 45.94565 77.14875 15.31304 42.65721 77.14875 14.56304 42.65721 75.72774 17.93804 45.94565 77.14875 18.31304 42.65721 77.14875 17.56304 42.65721 75.72774 20.93804 45.94565 77.14875 21.31304 42.65721 77.14875 20.56304 42.65721 75.72774 23.93804 45.94565 77.14875 24.31304 42.65722 77.14875 23.56304 42.65722 75.46458 26.89721 46.62681 75.45399 26.96317 46.62302 75.42346 27.02169 46.61209 56.33722 -4.26786 33.00786 56.54096 -4.283691 32.43872 56.54096 4.159767 32.43872 56.33722 4.143936 33.00786 77.55679 34.66949 43.81779 77.50804 34.7376 43.91715 77.2788 35.14117 44.31415 79.0066 33.7705 40.14171 78.89865 34.09429 40.33249 78.76126 34.31123 40.62705 78.62079 34.38803 40.98498 77.95497 34.38803 42.84489 77.73657 34.47802 43.41264 77.14285 35.43898 44.48641 77.05578 35.64984 44.56812 76.75402 36.48804 44.64547 56.70585 33.77131 32.15879 56.66814 34.09476 32.37487 56.58724 34.31156 32.69 56.46887 34.38803 33.05499 55.80306 34.38803 34.9149 55.61251 34.477 35.48903 55.42091 34.92255 36.26482 55.40435 35.64984 36.81729 55.58847 36.48803 37.06858 56.46517 38.52088 37.38243 75.87731 38.52088 44.33163 74.09622 40.9863 43.69403 71.77504 42.87808 42.86309 69.07198 44.06731 41.89544 66.17124 44.47293 40.85702 63.2705 44.06731 39.81861 60.56744 42.87808 38.85097 58.24627 40.9863 38.02003 54.07342 4.011642 37.56359 53.49043 3.575782 39.19213 53.02605 2.442851 40.48936 52.76925 0.8299441 41.20671 52.76925 -0.9538694 41.20671 53.02605 -2.566777 40.48936 53.49043 -3.699707 39.19213 54.07342 -4.135567 37.56359 55.52764 -1.537457 34.98484 63.98027 -1.649464 38.07626 64.12364 -0.06196296 37.67578 55.50685 -1.649464 35.04292 55.188 -2.674935 35.9336 63.58859 -2.811593 39.17039 55.11516 -2.811592 36.13706 54.70911 -3.213814 37.27136 63.05354 -3.236963 40.66501 54.58012 -3.236962 37.63168 54.20066 -3.03064 38.69167 62.51849 -2.811593 42.15963 54.04507 -2.811593 39.1263 53.77914 -2.167378 39.86915 62.12681 -1.649465 43.25376 53.65339 -1.649464 40.22043 53.54112 -0.8217893 40.53405 61.98345 -0.06196314 43.65425 53.51003 -0.06196266 40.62091 53.54112 0.6978641 40.53405 62.12681 1.525538 43.25376 53.65339 1.525539 40.22043 53.77914 2.043452 39.86915 62.5185 2.687667 42.15963 54.04507 2.687667 39.1263 54.20066 2.906715 38.69167 63.05355 3.113036 40.66501 54.58012 3.113037 37.63168 54.70911 3.089889 37.27136 63.58859 2.687667 39.17039 55.11516 2.687668 36.13706 55.188 2.55101 35.9336 63.98027 1.525539 38.07626 55.50685 1.525539 35.04292 55.52764 1.413536 34.98484 55.65021 -0.06196248 34.64244 55.97993 -4.283691 32.23788 55.97993 4.159767 32.23788 71.38488 40.42057 42.38922 72.12616 41.2153 41.67988 71.81564 39.96303 42.54343 72.87316 40.42187 41.94729 71.97331 39.33803 42.59987 73.14659 39.33803 42.04517 71.81564 38.71303 42.54343 72.87316 38.25419 41.94729 71.38488 38.2555 42.38922 72.12616 37.46077 41.67988 70.79644 38.08803 42.17857 71.10574 37.17036 41.31459 70.20801 38.2555 41.96792 70.08531 37.46077 40.94929 69.77725 38.71303 41.81372 69.33831 38.25419 40.68188 69.61958 39.33803 41.75727 69.06489 39.33803 40.584 69.77725 39.96303 41.81372 69.33831 40.42187 40.68188 70.20801 40.42057 41.96792 70.08531 41.2153 40.94929 70.79644 40.58803 42.17857 71.10574 41.50571 41.31459 62.33465 40.42057 39.18695 63.09021 41.23061 38.46395 62.76541 39.96303 39.34115 63.8433 40.43071 38.73354 62.92308 39.33803 39.3976 64.11895 39.33803 38.83222 62.76541 38.71303 39.34115 63.8433 38.24536 38.73354 62.33465 38.2555 39.18695 63.09021 37.44546 38.46395 61.74621 38.08803 38.9763 62.06146 37.15268 38.09567 61.15778 38.2555 38.76565 61.03272 37.44546 37.7274 60.72702 38.71303 38.61145 60.27962 38.24536 37.4578 60.56935 39.33803 38.555 60.00397 39.33803 37.35913 60.72702 39.96303 38.61145 60.27962 40.43071 37.4578 61.15778 40.42057 38.76565 61.03272 41.23061 37.7274 61.74621 40.58803 38.9763 62.06146 41.52339 38.09567 72.1238 37.47608 41.66026 72.86471 38.26303 41.92549 73.1359 39.33803 42.02257 72.86471 40.41303 41.92549 72.1238 41.19999 41.66026 71.1117 41.48803 41.29794 70.09959 41.19999 40.93563 69.35868 40.41303 40.67039 69.08749 39.33803 40.57331 69.35868 38.26303 40.67039 70.09959 37.47608 40.93563 71.1117 37.18803 41.29794 63.08548 37.47608 38.4247 63.82639 38.26303 38.68993 64.09758 39.33803 38.78702 63.82639 40.41303 38.68993 63.08548 41.19999 38.4247 62.07338 41.48803 38.06238 61.06127 41.19999 37.70007 60.32036 40.41303 37.43484 60.04917 39.33803 37.33776 60.32036 38.26303 37.43484 61.06127 37.47608 37.70007 62.07338 37.18803 38.06238 72.20458 41.28659 41.58296 72.97995 40.46303 41.86053 73.26375 39.33803 41.96213 72.97995 38.21303 41.86053 72.20458 37.38948 41.58296 71.1454 37.08803 41.20379 70.08622 37.38948 40.82463 69.31085 38.21303 40.54706 69.02704 39.33803 40.44546 69.31085 40.46303 40.54706 70.08622 41.28659 40.82463 71.1454 41.58803 41.20379 63.16626 41.28659 38.3474 63.94163 40.46303 38.62497 64.22544 39.33803 38.72657 63.94163 38.21303 38.62497 63.16626 37.38948 38.3474 62.10708 37.08803 37.96824 61.0479 37.38948 37.58907 60.27253 38.21303 37.3115 59.98873 39.33803 37.2099 60.27253 40.46303 37.3115 61.0479 41.28659 37.58907 62.10708 41.58803 37.96824 55.78677 36.48803 35.70568 77.46571 36.48803 43.46635 77.1705 37.2882 43.36067 76.09442 39.35316 42.97546 74.66426 41.15951 42.46348 72.9335 42.6397 41.8439 70.96687 43.73839 41.13988 68.83791 44.41448 40.37775 66.62624 44.64269 39.58601 64.41458 44.41448 38.79427 56.08198 37.2882 35.81136 57.15806 39.35316 36.19657 58.58823 41.15951 36.70855 60.31898 42.6397 37.32813 62.28562 43.73839 38.03215 77.88129 35.81476 43.16951 77.7983 35.90238 43.28644 77.86071 35.90061 43.3317 78.08134 35.64273 43.23237 77.93359 35.82245 43.45621 78.02418 35.6933 43.33627 78.21308 35.58862 42.94531 78.18932 35.64674 42.93574 77.58807 36.55115 43.65691 77.57231 36.55432 43.72766 77.62615 36.40224 43.73454 77.58681 36.37462 43.51692 77.52575 36.35338 43.4749 77.51729 36.37141 43.47513 77.81626 35.98601 43.62182 77.7816 36.07975 43.6172 77.64598 36.38901 43.66929 77.63154 36.38803 43.58664 77.57348 36.53613 43.57099 77.52465 36.51171 43.50143 77.59017 36.22478 43.46022 77.65066 36.24101 43.5052 77.65859 36.1035 43.42273 77.71913 36.11386 43.46936 77.69656 36.04265 43.39332 77.78923 35.99986 43.41127 77.69541 36.24404 43.57611 77.7648 36.10606 43.53931 77.83667 35.9816 43.47802 77.99059 35.76927 43.13561 77.92468 35.7801 43.09709 77.91075 35.87266 43.39298 78.04719 35.72753 43.18137 78.03359 35.73803 42.87303 78.09192 35.72789 42.89653 78.10378 35.72317 42.9013 78.14704 35.69628 42.91872 55.71897 36.51171 35.69538 56.0159 37.31656 35.80168 57.09827 39.39358 36.18915 58.5368 41.21049 36.70412 60.27768 42.69935 37.32732 62.2558 43.80445 38.03545 64.39721 44.4845 38.80204 66.62181 44.71404 39.5984 68.8464 44.4845 40.39477 70.9878 43.80445 41.16135 72.96594 42.69935 41.86949 74.70681 41.21049 42.49269 76.14533 39.39358 43.00766 77.22771 37.31656 43.39513 77.27227 37.36758 43.62025 77.28826 37.36378 43.54959 76.19541 39.46092 43.15836 76.17857 39.46633 43.22873 74.74295 41.29543 42.63841 74.72499 41.30225 42.70838 72.98522 42.79869 42.00917 72.96591 42.80667 42.07865 70.98794 43.9145 41.29418 70.9671 43.92333 41.36311 69.82283 44.34707 40.95348 68.82581 44.60113 40.52017 68.80329 44.61049 40.58851 67.65765 44.78706 40.17839 66.57967 44.83289 39.7161 66.55543 44.84243 39.78381 65.45319 44.78706 39.38923 64.33354 44.60113 38.91202 64.30757 44.61049 38.97912 63.28801 44.34706 38.61413 62.1714 43.9145 38.13801 62.14377 43.92333 38.20452 60.17412 42.79869 37.42303 60.14495 42.80667 37.48898 58.41639 41.29543 36.79379 58.38586 41.30225 36.85926 56.96393 39.46092 36.27384 56.93229 39.46633 36.3389 55.87108 37.36378 35.88262 55.8386 37.36758 35.94738 55.57127 36.55115 35.77529 55.53856 36.55432 35.83997 55.63708 36.53613 35.71815 55.93579 37.3458 35.82508 57.02465 39.43528 36.21488 58.4718 41.26309 36.73293 60.22312 42.76086 37.35987 62.2131 43.8726 38.07225 64.36734 44.55672 38.84342 66.60528 44.78764 39.64456 68.84321 44.55672 40.4457 70.99745 43.8726 41.21689 72.98744 42.76086 41.92927 74.73876 41.26309 42.55621 76.18591 39.43528 43.07426 77.27477 37.3458 43.46406 55.70473 35.74147 34.95594 55.72445 35.73803 34.88676 55.66446 35.72789 34.86789 55.43068 36.10872 35.68759 55.51505 36.37709 35.74528 55.60777 35.69628 34.85007 55.56188 35.6811 34.92711 55.58618 35.67584 34.84327 55.5643 35.64674 34.83639 55.51732 35.61019 34.92203 55.63016 35.72771 34.94151 55.66423 35.78473 35.14191 55.57714 35.80948 35.20914 55.65335 35.81737 35.21788 55.569 35.96889 35.42801 55.64548 35.95897 35.42312 55.64749 35.8496 35.27724 55.50227 35.7721 35.21534 55.44868 35.71122 35.23683 55.49031 35.94766 35.44799 55.43051 35.90526 35.4888 55.50446 36.07713 35.55329 55.47023 36.205 35.68703 55.53355 36.22005 35.63407 55.57867 36.37712 35.69058 55.65756 36.36447 35.66495 55.73154 36.34356 35.67098 55.61321 36.21884 35.60774 55.68871 36.20356 35.61105 55.58407 36.08731 35.52882 55.66735 36.11317 35.55628 55.646 35.96646 35.43112 55.53987 35.58862 34.82871 55.489 35.60685 35.00717 55.42147 35.76667 35.37236 55.30521 34.38803 34.73668 55.0923 34.54789 35.51404 54.97963 35.00311 36.19733 55.00812 35.6844 36.69104 55.19869 36.48803 36.92905 57.43896 40.57461 37.73103 69.42118 44.2834 42.02044 55.22789 36.57622 36.93951 56.15499 38.68674 37.27139 71.45899 43.42371 42.74995 73.30839 42.17259 43.412 74.90351 40.57463 43.98302 67.26757 44.72105 41.24949 65.07489 44.72105 40.46455 62.92129 44.2834 39.6936 60.88348 43.4237 38.9641 59.03407 42.17258 38.30205 76.18748 38.68676 44.44266 77.11458 36.57624 44.77455 77.14379 36.48804 44.78501 77.33554 35.94873 44.77883 77.55111 35.43804 44.63199 77.77651 35.00471 44.3599 78.00886 34.66938 43.97943 78.45282 34.38803 43.02311 78.236 34.46043 43.5261 78.69137 35.64674 41.65401 78.71533 35.58853 41.66314 79.19316 35.58844 40.37166 78.64878 35.69628 41.63779 78.53448 35.73803 41.59427 78.59325 35.72789 41.61665 79.16901 35.64674 40.36299 79.12612 35.69628 40.34758 79.0702 35.72789 40.32749 79.01101 35.73803 40.30623 56.4399 35.64674 32.22652 56.41572 35.58844 32.2179 55.96541 35.58853 33.51915 56.14888 35.73803 33.5807 56.59802 35.73803 32.28293 56.53879 35.72789 32.2618 56.03292 35.69628 33.5418 56.08926 35.72789 33.5607 56.48282 35.69628 32.24184 55.98972 35.64674 33.5273 56.51119 35.64512 32.09564 56.49139 35.58602 32.08 56.46975 35.64512 32.15792 56.50966 35.69551 32.18003 56.547 35.69551 32.12391 56.56203 35.72771 32.20904 56.59399 35.72771 32.16101 56.61751 35.73803 32.23977 56.64377 35.73803 32.20032 55.92486 34.38803 32.86024 79.1648 34.38803 41.17973 79.30808 34.31191 40.82455 79.47779 34.02557 40.47348 56.13119 34.02555 32.11579 56.03955 34.31191 32.49483 79.02334 35.73803 40.2605 79.08573 35.72771 40.27196 79.1446 35.69551 40.28277 79.18948 35.64512 40.29101 79.22221 35.58601 40.21706 79.18292 35.66458 40.21631 79.15135 35.69551 40.2157 79.11377 35.71874 40.21498 79.02809 35.73803 40.21334 72.03119 35.73803 37.75028 74.19118 35.73803 38.65097 72.21993 35.73803 37.22304 74.22509 35.73803 38.23825 72.27503 35.73803 36.55237 75.49575 35.73803 39.11798 75.12137 35.73803 39.29498 74.70865 35.73803 39.26107 60.999 35.73803 34.23942 60.58628 35.73803 34.20552 64.40005 35.73803 36.39925 70.36911 35.73803 38.53607 71.03977 35.73803 38.59116 71.64813 35.73803 38.30355 74.36817 35.73803 39.02535 60.24581 35.73803 33.96979 60.06881 35.73803 33.59542 75.73147 35.73803 38.77751 79.02142 35.73803 39.37475 78.94274 35.73803 38.64015 75.76538 35.73803 38.36479 57.16006 35.73803 31.57965 60.10271 35.73803 33.18269 57.73316 35.73803 31.01699 60.33844 35.73803 32.84222 59.01288 35.73803 30.18801 71.98741 35.73803 35.94401 74.46081 35.73803 37.89778 74.83518 35.73803 37.72078 59.73946 35.73803 29.91353 60.71282 35.73803 32.66522 60.49867 35.73803 29.75314 61.12554 35.73803 32.69913 64.18605 35.73803 33.65666 63.84678 35.73803 36.0162 63.55916 35.73803 35.40784 61.37338 35.73803 34.06243 63.61426 35.73803 34.73716 61.6091 35.73803 33.72195 63.803 35.73803 34.20993 61.64301 35.73803 33.30923 61.46601 35.73803 32.93486 63.3226 35.73803 30.19299 62.03399 35.73803 29.80743 61.26839 35.73803 29.71729 78.65431 35.73803 37.57336 78.48069 35.73803 37.16792 75.58838 35.73803 37.99041 64.79441 35.73803 33.36904 65.46508 35.73803 33.42414 75.14048 35.73803 34.42358 71.43414 35.73803 35.56095 77.94372 35.73803 36.28128 77.62788 35.73803 35.9033 75.2479 35.73803 37.75469 76.51206 35.73803 35.01615 76.72653 35.73803 35.1467 56.79806 35.58625 31.70055 57.02169 35.61032 31.45463 57.56779 35.58509 30.90316 57.61144 35.61032 30.8757 58.44806 35.58181 30.26457 58.93431 35.61032 30.01889 58.80846 35.58004 30.06919 59.29125 35.57735 29.85781 59.68682 35.61032 29.73464 60.27875 35.57026 29.58644 60.47477 35.61032 29.5682 61.26058 35.56033 29.51815 61.27513 35.61032 29.53093 61.81843 35.55347 29.56794 62.07011 35.61032 29.62448 62.26413 35.54773 29.65273 63.38098 35.63803 30.02992 63.39001 35.53803 30.00469 57.10511 35.72382 31.53 57.68482 35.72382 30.96088 58.98167 35.72382 30.12084 59.71856 35.72382 29.84248 60.48918 35.72382 29.67969 61.27106 35.72382 29.64328 62.04833 35.72382 29.73477 63.35631 35.71124 30.09885 57.05461 35.67875 31.48437 57.64039 35.67875 30.90931 58.95299 35.67875 30.05912 59.69934 35.67875 29.77719 60.48045 35.67875 29.61219 61.27352 35.67875 29.57526 62.06152 35.67875 29.668 63.3705 35.67875 30.05918 56.19981 33.96578 31.97533 56.17813 33.7661 31.9676 79.60337 -9.062308 39.47536 79.57894 -8.884734 39.11522 79.57179 -8.848723 39.13814 79.42668 -7.728394 38.21064 79.41277 -7.31196 38.1557 79.41292 -7.311959 38.20508 79.4352 -7.831555 38.28985 79.43793 -7.839833 38.26488 79.6111 -9.173209 39.86171 79.5957 -9.120593 39.87191 79.57614 -9.098372 39.87621 79.55197 -9.083346 39.87911 79.52674 -9.075976 39.88052 79.51277 -8.969061 39.51579 79.48279 -8.799345 39.17696 79.35755 -8.075533 38.47938 79.33656 -7.566033 38.30084 79.53444 -8.811285 39.16474 79.50867 -8.801966 39.17292 79.53841 -8.974158 39.51269 79.60749 -9.103384 39.59069 79.61068 -9.151747 39.76204 79.55656 -8.827437 39.1527 79.44638 -8.316214 38.62213 79.41967 -8.31272 38.63173 79.46723 -8.581049 38.8795 79.44123 -8.580653 38.88358 79.4702 -8.324938 38.60628 79.48771 -8.338091 38.58585 79.49709 -8.353739 38.5637 79.38124 -7.813981 38.35445 79.35402 -7.813241 38.36319 79.38371 -8.07371 38.47702 79.39358 -8.313948 38.63505 79.42458 -7.823747 38.31533 79.40593 -7.817574 38.33794 79.5636 -8.787997 38.96939 79.49783 -8.374148 38.53701 79.48902 -8.313284 38.49134 79.33139 -7.311959 38.27949 79.35863 -7.311959 38.27112 79.4021 -7.311959 38.23144 79.38335 -7.311959 38.25455 79.33135 -0.06196367 38.27947 79.35858 -0.06196367 38.2711 79.3833 -0.06196367 38.25453 79.40206 -0.06196367 38.23143 79.41287 -0.06196367 38.20507 79.41272 -0.06196367 38.15568 79.33135 3.563036 38.27947 79.35858 3.563036 38.2711 79.3833 3.563036 38.25453 79.40206 3.563036 38.23143 79.41287 3.563036 38.20506 79.41272 3.563036 38.15568 79.33139 7.188037 38.27949 79.35864 7.188033 38.27112 79.38336 7.188033 38.25455 79.4021 7.188033 38.23144 79.41292 7.188033 38.20508 79.41277 7.188033 38.1557 79.36069 7.966899 38.4879 79.52811 8.956259 39.90159 79.55318 8.963976 39.90025 79.60977 9.00989 39.6921 79.60385 8.942797 39.48677 79.59884 8.91181 39.49891 79.58544 8.887221 39.50896 79.41806 7.434966 38.22393 79.43584 7.72425 38.24816 79.46595 8.014395 38.37973 79.40399 8.245242 38.67929 79.47374 8.486926 38.91291 79.44784 8.486079 38.91719 79.5129 8.696108 39.2018 79.48714 8.693045 39.20592 79.53999 8.85483 39.52334 79.51448 8.849425 39.52648 79.49978 8.493704 38.90353 79.5616 8.865355 39.51839 79.364 7.426757 38.28964 79.33681 7.426505 38.29816 79.38866 7.428386 38.27305 79.40732 7.43127 38.25006 79.41356 7.967269 38.47577 79.38677 7.965224 38.48526 79.35638 7.703994 38.36807 79.33022 7.70563 38.36969 79.50325 8.286509 38.56613 79.53173 8.468474 38.73436 79.4653 7.995479 38.41385 79.45544 7.983401 38.4377 79.43758 7.97351 38.45935 79.54698 8.562109 38.83856 79.53853 8.524596 38.87179 79.52246 8.506697 38.8893 79.57409 8.729777 39.06563 79.42997 8.244437 38.67557 75.63628 35.54023 34.3919 75.20788 35.53803 34.23528 75.19885 35.63803 34.26051 78.64849 35.61165 37.08778 78.58032 35.57857 36.92836 78.25607 35.61165 36.39942 78.06169 35.57258 36.1112 77.76433 35.61165 35.77697 77.38874 35.56355 35.39585 79.18218 35.58563 38.95178 79.13446 35.58501 38.60794 79.12612 35.61165 38.60934 78.971 35.583 37.90078 78.65726 35.57942 37.08359 78.6083 35.67946 37.10697 79.01534 35.72399 38.62795 79.08221 35.67946 38.61672 77.73165 35.67946 35.80723 78.54712 35.72399 37.13619 77.6819 35.72399 35.85329 76.54874 35.72399 34.95232 76.58252 35.67946 34.89353 76.60471 35.61165 34.85491 76.60909 35.55212 34.8418 75.17417 35.71124 34.32943 75.18814 35.67946 34.29043 79.53556 33.76615 40.32917 79.54182 33.70891 40.30871 57.29894 34.683 30.89625 62.8883 34.06195 29.82509 61.44623 34.27695 29.43542 60.05678 34.44167 29.47154 58.57443 34.58694 29.98749 57.37707 32.43851 30.57974 58.18674 32.43838 30.0192 61.88133 32.4378 29.49238 60.99596 32.43756 29.34046 60.05415 32.43765 29.37085 59.09776 32.43801 29.60261 58.37302 32.43832 29.91723 57.37706 -0.06196236 30.57974 61.88133 -0.06196254 29.49238 59.09776 16.15738 29.60261 60.05415 16.27635 29.37085 60.99596 16.40409 29.34046 61.88133 16.53847 29.49238 60.99596 -0.06196248 29.34045 60.05414 -0.06196242 29.37085 59.09776 -0.06196242 29.60261 58.18673 -0.06196236 30.0192 58.18674 16.0494 30.01921 57.37707 15.95462 30.57975 57.37706 -16.07854 30.57974 57.37706 -32.56244 30.57974 58.18673 -16.17332 30.0192 61.88133 -32.56173 29.49238 61.40803 -32.56157 29.38988 60.99596 -16.52801 29.34045 61.88133 -16.66239 29.49237 60.99596 -32.5615 29.34046 60.05414 -32.56158 29.37085 60.05414 -16.40027 29.37084 59.09776 -32.56194 29.60261 59.09776 -16.2813 29.60261 58.52665 -32.56218 29.83988 58.18673 -32.56231 30.0192 76.69924 -32.56173 34.79695 77.48014 -32.5615 35.24169 77.12424 -32.87069 35.01599 78.78093 -32.56194 36.64982 79.07093 -32.56218 37.19436 79.06535 -32.91812 37.19229 79.22048 -32.56231 37.55041 79.49022 -32.56244 38.49782 79.52041 -32.93363 38.69616 61.464 -33.55107 29.40986 60.08031 -33.63522 29.3954 58.58447 -33.70974 29.85998 57.45568 -34.97197 30.79522 57.27825 -33.75918 30.73326 58.18642 -37.37322 31.05357 59.40991 -39.60189 31.49022 61.06533 -41.50471 32.08386 63.11059 -43.00328 32.81843 65.4298 -43.98686 33.65106 67.89658 -44.39673 34.5353 69.79928 -44.31017 35.21615 72.20674 -43.68501 36.07626 74.40679 -42.52287 36.86137 76.29116 -40.90201 37.53387 77.28298 -39.68443 37.88844 78.49674 -37.52987 38.32414 79.24286 -35.21182 38.59428 78.18887 -32.56158 35.86328 75.88938 -32.56196 34.47924 76.22562 -36.43898 34.69386 75.0515 -35.97771 34.17929 76.86431 -34.70282 34.92273 75.59413 -34.63376 34.37354 75.88404 -32.84442 34.47732 71.74926 -40.4822 33.09172 71.81823 -39.03034 33.02184 73.22043 -39.77513 33.61817 72.47829 -38.69358 33.25813 74.54122 -38.74678 34.09082 73.45244 -37.99684 33.60686 75.2732 -37.94046 34.35281 74.21012 -37.22985 33.8781 74.78505 -36.44083 34.08391 65.83818 -40.06999 30.97553 66.54666 -38.92232 31.13471 67.36997 -40.66261 31.52408 67.93112 -39.40956 31.63033 68.96275 -40.90454 32.09436 69.05549 -39.55719 32.03283 70.18559 -40.85336 32.53209 69.93899 -39.52886 32.34911 71.28029 -39.23812 32.82927 78.79016 -35.08702 37.09155 78.06824 -37.25484 36.83043 76.92014 -39.23409 36.41837 75.99608 -40.33964 36.08803 74.26225 -41.79689 35.46921 72.26038 -42.83184 34.75477 70.08451 -43.38564 33.97739 68.36904 -43.46231 33.36354 66.14273 -43.09969 32.5655 64.03872 -42.2255 31.81016 62.16516 -40.88327 31.13731 60.62692 -39.15887 30.5857 59.46837 -37.10959 30.17215 58.76009 -34.86078 29.92146 60.25139 -34.69758 29.45599 60.92308 -36.7346 29.69509 61.98855 -38.54383 30.07595 63.36694 -40.03435 30.56984 65.01227 -41.17474 31.15987 66.8343 -41.90894 31.81315 68.74758 -42.21141 32.49857 70.21952 -42.14736 33.02537 72.09305 -41.68453 33.69532 73.83368 -40.81268 34.3174 75.36548 -39.56766 34.86486 76.19641 -38.60942 35.1621 77.25101 -36.8643 35.54013 77.93469 -34.90468 35.78614 78.20377 -32.89522 35.88352 64.43017 -39.13478 30.47129 63.22104 -37.88478 30.03836 62.2574 -36.32572 29.6935 61.62873 -34.51633 29.46871 62.80833 -33.77566 29.79646 62.91853 -34.3151 29.83591 63.39253 -35.6674 30.00559 64.45471 -37.30814 30.38584 65.38168 -38.19123 30.71767 66.02391 -38.63647 30.94758 79.49026 -16.07021 38.49133 79.21409 -0.06196361 37.53367 79.22032 -16.17556 37.54433 75.88938 -16.80148 34.47924 75.88938 -0.06196331 34.47924 76.66573 -0.06196337 34.78176 78.78056 -16.29668 36.64529 78.1884 -16.42672 35.86063 77.47975 -16.55881 35.24061 76.69908 -16.68605 34.79675 77.45316 -0.06196343 35.22281 78.16921 -0.06196349 35.84218 78.76847 -0.06196355 36.62947 79.60115 15.86402 39.42081 79.21392 16.0537 37.52761 79.48802 15.94744 38.47999 76.66558 16.56723 34.78157 75.88938 16.67755 34.47924 75.88938 32.43803 34.47925 77.45278 16.43957 35.22178 78.16874 16.30675 35.83958 78.76809 16.1758 36.62498 76.66573 32.43781 34.78176 77.49669 32.43756 35.25342 78.21051 32.43766 35.88683 78.80371 32.43803 36.68755 79.23979 32.4384 37.60197 79.50214 32.43851 38.56047 79.30115 34.66806 38.48649 79.03926 34.60703 37.52825 78.60461 34.52446 36.61484 78.01399 34.42419 35.81565 77.30385 34.31249 35.18407 75.70958 34.06197 34.41488 62.35848 38.2555 39.12038 62.78924 38.71303 39.27458 62.94691 39.33803 39.33102 62.78924 39.96303 39.27458 62.35848 40.42057 39.12038 61.77005 40.58803 38.90973 61.18161 40.42057 38.69908 60.75085 39.96303 38.54487 60.59318 39.33803 38.48843 60.75085 38.71303 38.54487 61.18161 38.2555 38.69908 61.77005 38.08803 38.90973 62.74847 38.73804 39.25999 62.89983 39.33803 39.31417 62.78795 39.85869 39.27412 62.47446 40.27623 39.16189 62.02145 40.50794 38.99972 61.51864 40.50794 38.81973 61.06563 40.27623 38.65756 60.75214 39.85869 38.54534 60.64025 39.33803 38.50528 60.79162 38.73804 38.55947 61.20515 38.2988 38.70751 61.77005 38.13803 38.90973 62.33494 38.2988 39.11195 71.39679 38.2555 42.35593 71.82756 38.71303 42.51014 71.98522 39.33803 42.56658 71.82756 39.96303 42.51014 71.39679 40.42057 42.35593 70.80836 40.58803 42.14529 70.21993 40.42057 41.93463 69.78916 39.96303 41.78043 69.6315 39.33803 41.72399 69.78916 38.71303 41.78043 70.21993 38.2555 41.93463 70.80836 38.08803 42.14529 71.78679 38.73804 42.49554 71.93815 39.33803 42.54973 71.82627 39.85869 42.50968 71.51277 40.27623 42.39745 71.05976 40.50794 42.23528 70.55696 40.50794 42.05529 70.10395 40.27623 41.89312 69.79045 39.85869 41.78089 69.67857 39.33803 41.74084 69.82994 38.73804 41.79502 70.24346 38.2988 41.94306 70.80836 38.13803 42.14529 71.37326 38.2988 42.34751 54.81298 -3.086426 35.49766 55.20611 -1.769821 34.3995 55.34798 -0.06196242 34.00318 55.20611 1.645897 34.3995 54.81298 2.962505 35.49766 54.25867 3.586242 37.0461 54.25867 -3.710167 37.0461 53.67016 -3.498147 38.69009 53.18226 -2.49894 40.05299 52.90675 -0.9414488 40.8226 52.90675 0.8175234 40.8226 53.18226 2.375015 40.05299 53.67016 3.374221 38.69009 70.50897 38.68803 41.86816 70.15564 39.33803 41.74168 71.21561 38.68803 42.12113 70.50897 39.98803 41.86816 71.56893 39.33803 42.24761 71.21561 39.98803 42.12113 71.69956 39.56256 41.49807 71.85204 39.33803 41.45676 71.59033 39.76351 41.45896 71.49872 39.98803 41.33028 71.59033 38.91256 41.45896 71.49872 38.68803 41.33028 71.69956 39.11351 41.49807 71.00574 38.68803 41.24969 70.79208 38.68803 41.07731 71.2242 38.68803 41.32789 70.53038 39.11351 41.07952 70.43875 39.33803 40.95083 70.63961 38.91256 41.11862 70.53038 39.56256 41.07952 70.63961 39.76351 41.11862 70.79208 39.98803 41.07731 71.2242 39.98803 41.32789 71.00574 39.98803 41.24969 71.68576 39.82168 41.39723 71.80993 39.59326 41.44168 71.80993 39.08281 41.44168 71.68576 38.85438 41.39723 71.26956 38.59915 41.24824 71.02124 38.59915 41.15934 70.60504 38.85438 41.01035 70.48087 39.08281 40.9659 70.48087 39.59326 40.9659 70.60504 39.82168 41.01035 71.02124 40.07691 41.15934 71.26956 40.07691 41.24824 69.51469 38.33803 40.62003 70.20391 37.60598 40.86676 71.1454 37.33803 41.20379 72.77611 38.33803 41.78756 73.02838 39.33803 41.87787 72.77611 40.33803 41.78756 71.1454 41.33803 41.20379 70.20391 41.07009 40.86676 69.51469 40.33803 40.62003 69.26242 39.33803 40.52972 72.08689 37.60598 41.54083 72.08689 41.07009 41.54083 70.1365 41.07009 41.05505 70.65899 41.28789 41.24209 69.19501 39.33803 40.71802 69.38148 40.2058 40.78477 69.44728 40.33803 40.80833 69.90397 40.9017 40.97181 72.7087 38.33803 41.97586 72.01948 37.60598 41.72913 71.07799 37.33803 41.39209 70.1365 37.60598 41.05505 69.44728 38.33803 40.80833 72.7745 40.2058 41.99941 72.96098 39.33803 42.06616 72.25201 40.9017 41.81237 72.7087 40.33803 41.97586 71.07799 41.33803 41.39209 71.497 41.28789 41.54209 72.01948 41.07009 41.72913 63.92266 39.33803 38.83061 63.73618 40.2058 38.76385 63.67039 40.33803 38.7403 63.21369 40.9017 38.57681 62.98117 41.07009 38.49357 62.45868 41.28789 38.30653 62.03968 41.33803 38.15653 61.62067 41.28789 38.00654 61.09818 41.07009 37.8195 60.86565 40.9017 37.73625 60.40896 40.33803 37.57277 60.34317 40.2058 37.54922 60.15669 39.33803 37.48246 60.40896 38.33803 37.57277 61.09818 37.60598 37.8195 62.03968 37.33803 38.15653 62.98117 37.60598 38.49357 63.67039 38.33803 38.7403 61.47065 38.68803 38.63261 61.11733 39.33803 38.50613 62.17729 38.68803 38.88557 61.47065 39.98803 38.63261 62.53061 39.33803 39.01205 62.17729 39.98803 38.88557 61.49206 39.11351 37.84396 61.40044 39.33803 37.71527 61.60129 38.91256 37.88306 61.75376 38.68803 37.84175 61.96743 38.68803 38.01414 62.18588 38.68803 38.09234 62.4604 38.68803 38.09472 62.55202 38.91256 38.22341 62.66125 39.11351 38.26251 62.81372 39.33803 38.2212 62.66125 39.56256 38.26251 62.55202 39.76351 38.22341 62.4604 39.98803 38.09472 62.18588 39.98803 38.09234 61.96743 39.98803 38.01414 61.75376 39.98803 37.84175 61.49206 39.56256 37.84396 61.60129 39.76351 37.88306 61.56671 38.85438 37.77479 61.44255 39.08281 37.73035 62.23125 38.59915 38.01269 61.98292 38.59915 37.92379 62.77161 39.08281 38.20613 62.64745 38.85438 38.16168 62.64745 39.82168 38.16168 62.77161 39.59326 38.20613 61.98292 40.07691 37.92379 62.23125 40.07691 38.01269 61.44255 39.59326 37.73035 61.56671 39.82168 37.77479 60.47637 38.33803 37.38447 61.16559 37.60598 37.6312 62.10708 37.33803 37.96824 63.73779 38.33803 38.552 63.99007 39.33803 38.64231 63.73779 40.33803 38.552 62.10708 41.33803 37.96824 61.16559 41.07009 37.6312 60.47637 40.33803 37.38447 60.2241 39.33803 37.29416 63.04857 37.60598 38.30527 63.04857 41.07009 38.30527 52.67378 -19.56197 43.59654 52.67378 19.43804 43.59654 52.61585 19.93804 44.09317 52.64482 19.87105 43.84486 52.66602 19.68804 43.66307 52.61585 -20.06196 44.09317 52.64481 -19.99497 43.84486 52.66602 -19.81197 43.66307 52.26826 19.93804 47.07297 52.24609 19.89998 47.26302 52.22729 19.79159 47.42414 52.21474 19.62938 47.53179 52.21033 19.43804 47.5696 52.21033 -19.56197 47.5696 52.21474 -19.7533 47.53179 52.22729 -19.91551 47.42414 52.24609 -20.0239 47.26302 52.26826 -20.06196 47.07297 78.64488 -8.063658 41.57807 78.7677 -8.566767 41.22072 78.94131 -8.960436 40.50584 79.03141 -8.960436 39.65571 79.00682 -8.566767 38.86989 78.93472 -7.873437 38.35797 78.91351 -7.311963 38.24905 78.91351 7.188037 38.24905 78.93472 7.749511 38.35797 79.00682 8.442839 38.86989 79.03141 8.836508 39.65571 78.94131 8.836508 40.50584 78.7677 8.442839 41.22072 78.64488 7.93973 41.57807 78.58252 -7.311964 41.74186 78.58252 7.188036 41.74186 79.6023 -0.06196379 40.35311 79.6023 8.786047 40.35311 79.57307 -0.06196379 40.50765 79.57307 8.774973 40.50765 79.49226 -0.06196367 38.50827 79.4923 7.188033 38.50829 79.60241 7.985881 39.45414 79.59821 8.553175 39.37204 79.60962 8.690966 39.68341 79.61 8.769896 40.01439 79.52101 7.83845 38.66779 79.54889 8.121108 38.85274 79.57666 8.361449 39.09146 79.50011 7.52267 38.54931 79.50006 8.434786 39.03717 79.50682 8.433043 39.03797 79.48232 8.234969 38.83571 79.52068 8.810713 39.73368 79.50066 8.885924 40.35491 79.54587 8.862364 40.00025 79.53788 8.879359 40.35568 79.50082 8.443381 39.04736 79.50646 8.509367 39.13087 79.55751 8.606406 39.31074 79.56453 8.777464 39.67953 79.5119 8.165911 38.80183 79.48117 7.870791 38.61005 79.46655 8.050761 38.69682 79.43526 7.552596 38.47784 79.45809 7.539798 38.48679 79.44944 7.188037 38.44401 79.42782 7.188037 38.43317 79.47747 8.179358 38.78971 79.54251 8.416056 39.0488 79.56644 8.615271 39.33884 79.57938 8.758399 39.66091 79.5803 8.840426 40.00386 79.57238 8.857222 40.35563 79.47 7.188037 38.46219 79.48647 7.531592 38.51519 79.50855 7.8553 38.63633 79.53794 8.144454 38.82509 79.56723 8.389903 39.06842 79.59004 8.585528 39.35427 79.60227 8.726099 39.67154 79.60293 8.806643 40.00901 79.5951 8.823126 40.35467 79.49254 8.8814 40.42139 79.47466 8.874155 40.48586 79.5096 8.867186 40.49745 79.52923 8.874785 40.42775 79.54246 8.845099 40.50624 79.56344 8.852629 40.43226 79.56488 8.811476 40.5097 79.58623 8.81856 40.43354 79.01206 7.188036 41.88174 79.03578 7.188036 41.87447 79.05883 7.648283 41.81399 79.15604 8.33911 41.46065 79.1029 8.286417 41.50065 79.11622 8.203547 41.56663 78.99483 7.747756 41.78878 79.01953 7.654421 41.82198 78.96112 7.188036 41.87739 78.99619 7.188036 41.88323 79.33029 8.710337 40.99102 79.15544 8.442839 41.35952 79.1207 8.343882 41.45294 79.4463 8.861258 40.56465 79.40724 8.836508 40.67264 79.26087 8.664668 41.07375 79.36547 8.690314 40.99354 79.1935 8.323969 41.45723 79.15422 8.190188 41.56186 79.39148 8.659831 40.98728 79.22306 8.300917 41.44174 79.1846 8.169852 41.5443 79.0912 7.638945 41.79142 79.0585 7.188036 41.86035 79.40361 8.626734 40.97458 79.23909 8.275893 41.41893 79.20152 8.147772 41.51919 79.11032 7.628802 41.76083 79.08829 7.188036 41.81879 79.17904 -8.529963 41.3992 79.29169 -8.836188 40.98968 79.35646 -8.868945 40.91965 79.40724 -8.960436 40.67264 79.50992 -8.990984 40.49755 79.47466 -8.998084 40.48585 78.99619 -7.311964 41.88323 78.96112 -7.311964 41.87739 78.96227 -7.415811 41.87443 79.02772 -7.852193 41.80047 79.01059 -7.986257 41.74699 79.13512 -8.39535 41.51638 79.12596 -8.483824 41.43885 79.15544 -8.566767 41.35952 79.01206 -7.311964 41.88174 79.0669 -7.845087 41.79275 79.17286 -8.381098 41.51226 79.2162 -8.513941 41.39655 79.3913 -8.848464 40.92308 79.54303 -8.968451 40.50637 79.0585 -7.311964 41.86035 79.0991 -7.834264 41.77061 79.20285 -8.359404 41.49568 79.2453 -8.48955 41.38227 79.41678 -8.81729 40.91822 79.56536 -8.934226 40.50971 79.08829 -7.311964 41.81879 79.11803 -7.822519 41.74048 79.21936 -8.335848 41.47166 79.26081 -8.463072 41.36077 79.42833 -8.783438 40.90706 79.57307 -8.898901 40.50765 79.60134 -8.923613 40.35373 79.6023 -8.909976 40.35311 79.58623 -8.942488 40.43354 79.59513 -8.947001 40.35466 79.56344 -8.976557 40.43225 79.58447 -8.966795 40.35529 79.57238 -8.98115 40.35562 79.52923 -8.998713 40.42775 79.54822 -8.998656 40.35575 79.49254 -9.005328 40.42139 79.50066 -9.009848 40.35491 79.60293 -8.930571 40.00901 79.5803 -8.964354 40.00385 79.42782 -7.311963 38.43317 79.44944 -7.311963 38.44401 79.45809 -7.663728 38.48679 79.44518 -7.879212 38.54287 79.48117 -7.994718 38.61005 79.45321 -8.003008 38.59817 79.5119 -8.289835 38.80183 79.47743 -8.303313 38.78972 79.52121 -8.902152 39.6338 79.52117 -8.892577 39.60751 79.54478 -8.903296 39.65435 79.51837 -8.807337 39.41236 79.53141 -8.758505 39.32993 79.50083 -8.567351 39.04741 79.53274 -8.526484 39.02376 79.48642 -8.405764 38.87753 79.48218 -8.357729 38.83469 79.51921 -8.960314 39.82982 79.54587 -8.986289 40.00024 79.50449 -9.011961 40.27015 79.57938 -8.882323 39.6609 79.56644 -8.739192 39.33882 79.54251 -8.53998 39.04878 79.60227 -8.850024 39.67153 79.59004 -8.709448 39.35425 79.56723 -8.513819 39.0684 79.53794 -8.268374 38.82508 79.50854 -7.979222 38.63632 79.48648 -7.655522 38.51519 79.47 -7.311963 38.46219 79.61 -8.893824 40.01438 79.60962 -8.814894 39.6834 79.59821 -8.6771 39.37203 79.57666 -8.485369 39.09145 79.54889 -8.245032 38.85273 79.52101 -7.962373 38.66778 79.50011 -7.646596 38.54931 79.4923 -7.311959 38.50829 79.6023 -4.059575 40.35311 79.58732 -4.037213 40.46093 79.57307 -4.018384 40.50765 79.55756 -3.994978 40.55079 79.49538 -3.811964 40.72292 79.47835 -3.432413 40.76984 79.47251 -3.561964 40.78588 79.47834 -3.691435 40.76986 79.49538 -3.311964 40.72292 79.55756 -3.12895 40.55079 79.57307 -3.105543 40.50765 79.6023 -3.064352 40.35311 79.42778 -0.06196367 38.43315 79.46997 -0.06196367 38.46218 79.61063 -3.182516 39.95841 79.61109 -3.319262 39.84011 79.60965 -3.128801 40.03865 79.60375 -3.061964 40.30182 79.60822 -3.092775 40.11984 79.61082 -3.479967 39.78044 79.61077 -3.56196 39.77323 79.61082 -3.641851 39.78007 79.61107 -3.790827 39.83224 79.61109 -3.81212 39.8446 79.61084 -3.91786 39.93131 79.60966 -3.995073 40.03855 79.60912 -4.011922 40.07213 79.60375 -4.061963 40.30179 77.52828 -3.311964 39.09889 77.29808 -3.994978 39.74194 77.38234 -4.061963 39.50657 77.2364 -3.811964 39.91424 77.29808 -3.12895 39.74194 77.2364 -3.311964 39.91424 77.21382 -3.561964 39.97731 77.38234 -3.061964 39.50657 77.4666 -3.12895 39.27119 77.55086 -3.561964 39.03582 77.52828 -3.811964 39.09889 77.4666 -3.994977 39.27119 63.05354 -0.06196308 40.66501 77.38234 -3.561964 39.50657 70.36911 29.48804 38.53607 71.03977 29.48804 38.59116 71.64813 29.48804 38.30355 72.03119 29.48804 37.75028 64.40005 29.48804 36.39925 63.61426 29.48804 34.73716 63.55916 29.48804 35.40784 63.84678 29.48804 36.0162 63.803 29.48804 34.20993 65.46508 29.48804 33.42414 64.79441 29.48804 33.36904 64.18605 29.48804 33.65666 71.43414 29.48804 35.56095 72.21993 29.48804 37.22304 72.27503 29.48804 36.55237 71.98741 29.48804 35.94401 74.70865 29.48804 39.26107 75.12137 29.48804 39.29498 75.49575 29.48804 39.11798 75.73147 29.48804 38.77751 75.76538 29.48804 38.36479 75.58838 29.48804 37.99041 75.2479 29.48804 37.75469 74.83518 29.48804 37.72078 74.46081 29.48804 37.89778 74.22509 29.48804 38.23825 74.19118 29.48804 38.65097 74.36817 29.48804 39.02535 74.97827 29.48804 38.50788 60.58628 29.48804 34.20552 60.999 29.48804 34.23942 61.37338 29.48804 34.06243 61.6091 29.48804 33.72195 61.64301 29.48804 33.30923 61.46601 29.48804 32.93486 61.12554 29.48804 32.69913 60.71282 29.48804 32.66522 60.33844 29.48804 32.84222 60.10271 29.48804 33.18269 60.06881 29.48804 33.59542 60.24581 29.48804 33.96979 60.85591 29.48804 33.45232 76.90049 -0.06196326 31.65477 72.82935 -39.03034 30.19737 70.95011 -39.52886 29.52464 70.31005 -23.81196 29.29551 69.72162 21.35551 29.08486 70.31005 21.18804 29.29551 70.89849 21.35551 29.50616 76.90049 2.778037 31.65477 76.90049 6.278037 31.65477 76.90049 32.43803 31.65477 74.46355 -37.99684 30.78239 76.90049 -32.56196 31.65477 71.32925 -23.18697 29.66036 71.48692 -22.56197 29.71681 64.40112 35.53803 27.18022 70.31005 23.68804 29.29551 63.89941 34.06195 27.00062 69.72162 23.52057 29.08486 69.29086 23.06304 28.93066 69.13319 22.43804 28.87421 69.29086 21.81304 28.93066 71.32925 21.81304 29.66037 71.48692 22.43804 29.71681 71.32925 23.06304 29.66036 76.7207 34.06197 31.59041 69.29086 -21.93696 28.93066 69.13319 -22.56197 28.87421 76.21899 35.53803 31.41081 70.89849 23.52057 29.50616 69.29086 -23.18697 28.93066 63.81944 -33.77566 26.97199 69.72162 -23.64449 29.08486 64.40365 -35.6674 27.18112 65.46583 -37.30814 27.56136 70.89849 -23.64449 29.50616 76.60523 -34.63376 31.54907 75.79617 -36.44083 31.25944 71.32925 -21.93696 29.66036 70.89849 -21.47943 29.50616 70.31005 -21.31197 29.29551 69.72162 -21.47943 29.08486 68.94223 -39.40956 28.80585 67.03503 -38.63647 28.1231 69.13851 -23.18697 35.78005 68.70774 -23.6445 35.62585 68.11931 -22.56197 35.4152 68.11931 -23.81196 35.4152 67.53088 -23.6445 35.20455 68.70774 -21.47943 35.62585 69.13851 -21.93696 35.78005 69.29618 -22.56197 35.8365 67.10012 -21.93696 35.05035 67.53088 -21.47943 35.20455 68.11931 -21.31197 35.41521 67.10012 -23.18697 35.05035 66.94245 -22.56197 34.9939 69.13851 21.81304 35.78006 68.70774 21.35551 35.62585 68.11931 22.43804 35.41521 68.11931 21.18804 35.41521 67.53088 21.35551 35.20455 68.70774 23.52057 35.62586 69.13851 23.06304 35.78006 69.29618 22.43804 35.8365 67.10012 23.06304 35.05035 67.53088 23.52057 35.20456 68.11931 23.68804 35.41521 67.10012 21.81304 35.05035 66.94245 22.43804 34.99391 -8.147116 39.64351 -1.034159 -8.147117 34.49255 -5.284159 -8.147116 39.44255 -0.2841585 -8.147116 34.49255 4.715841 -8.147116 39.64351 0.4658415 -8.147116 46.94255 -5.284158 -8.147116 42.24159 -1.034158 -8.147116 46.94255 4.715842 -8.147116 42.44255 -0.2841584 -8.147116 42.24159 0.4658416 -8.147116 41.69255 1.01488 -8.147116 40.94255 1.215842 -8.147116 40.19255 1.014879 -8.147116 40.19255 -1.583196 -8.147116 40.94255 -1.784158 -8.147116 41.69255 -1.583196 -0.06711393 46.94255 -5.284158 -0.06711351 46.94255 4.715842 -0.06711405 40.19255 -1.583197 -0.06711405 39.64351 -1.034159 -0.06711477 28.43798 -5.28416 -0.06711429 28.43798 4.71584 -0.06711405 39.44255 -0.2841589 -0.06711399 39.64351 0.4658411 -0.06711405 40.94255 -1.784159 -0.06711399 41.69255 -1.583197 -0.06711393 40.19255 1.014879 -0.06711393 40.94255 1.215841 -0.06711387 41.69255 1.014879 -0.06711387 42.24159 0.4658412 -0.06711393 42.44255 -0.2841587 -0.06711393 42.24159 -1.034159 -5.00878 27.99598 -5.28416 -5.00878 27.99598 4.71584 -9.798919 26.70367 -5.284159 -9.798919 26.70367 4.715841 -14.29236 24.60023 -5.284159 -14.29236 24.60023 4.715841 -18.35292 21.74939 -5.284159 -18.35292 21.74939 4.715841 -21.85755 18.23755 -5.284159 -21.85755 18.23755 4.715841 -24.70004 14.17114 -5.284159 -24.70004 14.17114 4.715841 -26.79425 9.673391 -5.284159 -26.79425 9.673391 4.715841 -28.07671 4.880609 -5.284159 -28.07671 4.880609 4.715841 -28.50857 -0.06195706 -5.284159 -28.50857 -0.06195747 4.715841 -28.07671 -5.004522 -5.28416 -28.07671 -5.004523 4.71584 -26.79425 -9.797306 -5.28416 -26.79425 -9.797306 4.71584 -24.70004 -14.29505 -5.284161 -24.70004 -14.29505 4.715839 -21.85755 -18.36146 -5.28416 -21.85755 -18.36146 4.71584 -18.35292 -21.8733 -5.284161 -18.35292 -21.8733 4.715839 -14.29236 -24.72414 -5.284162 -14.29236 -24.72414 4.715838 -9.798921 -26.82759 -5.284162 -9.798921 -26.82759 4.715838 -5.008783 -28.11989 -5.284162 -5.008782 -28.11989 4.715838 -0.06711727 -28.5619 -5.284162 -0.06711679 -28.5619 4.715838 -0.06711769 -41.81646 -1.5832 -0.06711769 -42.3655 -1.034162 -0.06711804 -47.06646 -5.284163 -0.06711763 -42.56646 -0.2841625 -0.06711763 -47.06646 4.715837 -0.06711757 -42.3655 0.4658375 -0.06711763 -41.06646 -1.784162 -0.06711757 -40.31646 -1.5832 -0.06711751 -40.31646 1.014876 -0.06711751 -41.06646 1.215838 -0.06711757 -41.81646 1.014875 -0.06711751 -39.76743 0.4658376 -0.06711751 -39.56647 -0.2841624 -0.06711757 -39.76743 -1.034162 -8.14712 -47.06646 -5.284162 -8.14712 -47.06646 4.715837 -8.14712 -42.3655 -1.034162 -8.14712 -42.56646 -0.2841621 -8.14712 -42.3655 0.4658379 -8.14712 -34.61647 -5.284162 -8.14712 -39.76743 -1.034162 -8.147119 -34.61647 4.715838 -8.14712 -39.56647 -0.284162 -8.14712 -39.76743 0.465838 -8.14712 -40.31646 1.014876 -8.14712 -41.06646 1.215838 -8.14712 -41.81646 1.014876 -8.14712 -41.81646 -1.5832 -8.14712 -41.06646 -1.784162 -8.14712 -40.31646 -1.5832 -13.46908 -32.91107 4.715838 -13.46908 -32.91107 -5.284162 -18.45747 -30.39161 4.715839 -18.45747 -30.39161 -5.284161 -22.98865 -27.12052 4.715839 -22.98865 -27.12052 -5.284161 -26.95033 -23.17886 4.715839 -26.95034 -23.17886 -5.284161 -30.24435 -18.66431 4.71584 -30.24435 -18.66431 -5.28416 -32.78905 -13.68876 4.71584 -32.78905 -13.68876 -5.28416 -34.52138 -8.375502 4.71584 -34.52138 -8.375502 -5.28416 -35.39842 -2.856223 4.71584 -35.39842 -2.856223 -5.28416 -35.39842 2.732308 4.715841 -35.39842 2.732309 -5.284159 -34.52138 8.251589 4.715841 -34.52138 8.251589 -5.284159 -32.78905 13.56484 4.715841 -32.78905 13.56484 -5.284159 -30.24435 18.5404 4.715841 -30.24435 18.5404 -5.284159 -26.95033 23.05495 4.715841 -26.95033 23.05495 -5.284159 -22.98865 26.99661 4.715842 -22.98865 26.99661 -5.284158 -18.45746 30.2677 4.715842 -18.45746 30.2677 -5.284158 -13.46908 32.78716 4.715841 -13.46908 32.78716 -5.284159</float_array>
          <technique_common>
            <accessor source="#相機架組合-mesh-positions-array" count="5585" stride="3">
              <param name="X" type="float"/>
              <param name="Y" type="float"/>
              <param name="Z" type="float"/>
            </accessor>
          </technique_common>
        </source>
        <source id="相機架組合-mesh-normals">
          <float_array id="相機架組合-mesh-normals-array" count="33582">0 0 1 0 0 1 0 0 1 -1.28422e-7 0 1 -1.03375e-6 -4.04365e-7 1 0 0 1 0 0 1 0 0 1 0 0 1 1.47544e-7 0 1 0 0 1 0 0 1 0 0 1 0 -1.34788e-7 1 0 0 1 1.29547e-7 0 1 1.32028e-7 0 1 0 0 1 0 0 1 0 0 1 0 0 1 0 0 1 0 0 1 0 0 1 0 0 1 0 0 1 0 0 1 0 0 1 0 0 1 1.22146e-7 0 1 0 0 1 0 0 1 0 0 1 2.0121e-7 0 1 0 -1.39215e-7 1 0.9155414 0.4022237 0 0.9155414 0.4022237 0 0.8354061 0.5496332 0 0.8354063 0.5496329 -1.59341e-7 0.7317531 0.6815698 -1.39571e-7 0.7317531 0.6815698 -1.39571e-7 0.607501 0.7943189 0 0.6075009 0.794319 0 0.4661455 0.8847081 0 0.4661455 0.8847081 0 0.3116686 0.9501909 0 0.3116686 0.9501909 0 1 0 0 1 0 0 1 0 0 1 0 0 1 0 0 1 -1.54073e-7 0 1 0 0 1 0 0 1 0 -1.35177e-7 1 0 -1.85964e-7 1 0 0 1 0 0 1 0 0 1 0 0 1 0 0 1 0 0 0 1 0 0 1 0 -1 0 0 -1 0 0 -1 0 0 -1 0 0 -1 0 0 -1 0 0 -1 0 0 -1 0 0 -1 0 0 -1 0 0 -1 0 0 -1 0 0 -1 0 0 -1 0 0 -1 0 0 -1 0 0 -0.09801763 -0.9951847 0 -0.09801763 -0.9951847 0 -0.2902846 -0.9569404 0 -0.2902846 -0.9569404 0 -0.4713968 -0.8819212 0 -0.4713968 -0.8819212 0 -0.6343929 -0.7730109 0 -0.634393 -0.7730107 1.21621e-7 -0.773011 -0.6343926 1.4744e-7 -0.7730109 -0.6343928 0 -0.8819212 -0.4713969 0 -0.8819212 -0.4713969 0 -0.9569404 -0.2902845 0 -0.9569404 -0.2902846 0 -0.9951848 -0.09801667 0 -0.9951847 -0.09801667 0 -0.9951848 0.09801667 0 -0.9951847 0.09801667 0 -0.9569404 0.2902846 0 -0.9569404 0.2902846 0 -0.8819211 0.471397 0 -0.8819211 0.4713971 0 -0.773011 0.6343926 0 -0.7730109 0.6343928 1.38995e-7 -0.6343924 0.7730112 1.21001e-7 -0.6343926 0.773011 0 -0.471397 0.8819211 0 -0.4713971 0.8819211 0 -0.2902846 0.9569404 0 -0.2902845 0.9569404 0 -0.09801799 0.9951847 0 -0.09801799 0.9951847 0 -1 0 0 -1 0 0 -1 0 0 -1 0 0 -1 0 0 -1 0 0 -1 0 0 -1 0 0 -1 0 0 -1 0 0 -1 0 0 -1 0 0 -1 0 0 -1 0 0 -1 0 0 -1 0 0 0 -1 0 0 -1 0 1 0 0 1 0 0 1 -1.54074e-7 0 1 0 0 1 0 0 1 0 0 1 0 0 1 0 0 1 0 -1.85964e-7 1 0 -1.35177e-7 1 0 0 1 0 0 1 0 0 1 0 0 1 0 0 1 0 0 0.3116686 -0.9501909 0 0.3116686 -0.9501909 0 0.4661465 -0.8847075 0 0.4661465 -0.8847075 0 0.6075002 -0.7943195 0 0.6075001 -0.7943196 0 0.7317528 -0.6815701 -1.39571e-7 0.7317528 -0.6815701 -1.39571e-7 0.8354063 -0.549633 -1.59341e-7 0.8354063 -0.549633 -1.59341e-7 0.9155413 -0.402224 -1.74626e-7 0.9155414 -0.4022237 0 0 -1 0 0 -1 0 0 -1 0 -2.93817e-7 -1 0 -2.65868e-7 -1 0 -1.52726e-7 -1 -1.52726e-7 0 -1 0 0 -1 0 0 -1 0 0 -1 0 0 -1 -3.13259e-7 1.45338e-7 -1 -5.42412e-7 0 -1 -2.44419e-7 0 -1 0 -1.24764e-7 -1 0 2.50671e-7 -1 0 2.65868e-7 -1 0 1.52726e-7 -1 -1.52726e-7 1 0 0 1 0 0 1 0 0 1 0 0 1 0 0 1 0 0 0 1 0 0 1 0 0 1 0 0 1 0 0 1 0 0 1 0 1.24764e-7 1 0 -2.50671e-7 1 0 -2.65868e-7 1 0 0 1 0 0 1 0 2.93817e-7 1 0 2.65868e-7 1 0 1.52726e-7 1 1.52726e-7 0 1 2.44419e-7 0 1 3.36987e-7 0 1 2.4442e-7 -1.52726e-7 1 1.52726e-7 0 0 -1 0 0 -1 0 0 -1 1.19355e-7 0 -1 8.62253e-7 -2.61561e-7 -1 0 0 -1 0 0 -1 -1.22146e-7 0 -1 -1.7502e-7 0 -1 0 0 -1 0 0 -1 0 0 -1 0 0 -1 0 0 -1 0 0 -1 0 0 -1 -1.32028e-7 0 -1 -1.29547e-7 0 -1 -1.84315e-7 0 -1 0 0 -1 0 1.39215e-7 -1 0 1.27991e-7 -1 -1.59188e-7 0 -1 0 0 -1 0 0 -1 0 0 -1 0 0 -1 0 0 -1 0 0 -1 0 0 -1 0 0 -1 0 0 -1 0 0 -1 0 0 -1 0 0 -1 0 -3.8147e-7 1 0 -3.8147e-7 1 0 1 -2.4442e-7 0 1 -2.5274e-7 0 1 -1.2221e-7 0 1 0 0 1 0 -7.3612e-7 1 3.988e-7 0 1 0 0 1 0 0 1 0 7.3612e-7 1 3.988e-7 5.49687e-7 1 2.64529e-7 6.27235e-7 1 -1.8698e-7 0 1 0 0 1 0 0 1 0 0 1 0 0 -1.50422e-7 1 0 -1.50422e-7 1 0 -1 0 0 -1 0 0 -1 0 0 -1 0 7.3612e-7 -1 -3.988e-7 0 -1 0 0 -1 0 0 -1 0 -6.27235e-7 -1 1.8698e-7 0 -1 0 0 -1 0 -7.3612e-7 -1 -3.988e-7 -5.49687e-7 -1 -2.64529e-7 0 -1 2.50608e-7 0 -1 2.71206e-7 0 -1 1.2221e-7 0 -3.8147e-7 1 0 -3.8147e-7 1 -1 0 0 -1 0 0 -1 0 0 -1 0 0 -1 0 0 -1 0 0 -0.9659248 0 -0.2588229 -0.9659248 0 -0.2588229 -0.7071068 2.6974e-7 -0.7071068 -0.7071068 2.66278e-7 -0.7071068 -0.2588204 3.68471e-7 -0.9659255 -0.2588204 3.67034e-7 -0.9659255 0.258818 3.68471e-7 -0.9659261 0.258818 3.67031e-7 -0.9659261 0.7071068 2.6974e-7 -0.7071068 0.7071068 2.73475e-7 -0.7071068 0.9659248 0 -0.2588229 0.9659247 0 -0.2588229 0.9659247 0 0.2588235 0.9659247 0 0.2588235 0.7071068 -2.6974e-7 0.7071068 0.7071068 -2.73475e-7 0.7071068 0.2588202 -3.68471e-7 0.9659255 0.2588202 -3.70629e-7 0.9659255 -0.2588225 -3.68471e-7 0.9659249 -0.2588225 -3.67034e-7 0.9659249 -0.7071068 -2.6974e-7 0.7071068 -0.7071068 -2.66279e-7 0.7071068 -0.9659247 0 0.2588235 -0.9659247 0 0.2588235 -0.9659247 0 -0.2588229 -0.9659247 0 -0.2588229 -0.7071068 2.6974e-7 -0.7071068 -0.7071068 2.66279e-7 -0.7071068 -0.2588203 3.68471e-7 -0.9659255 -0.2588203 3.67034e-7 -0.9659255 0.258818 3.68472e-7 -0.9659261 0.258818 3.67031e-7 -0.9659261 0.7071068 2.6974e-7 -0.7071068 0.7071068 2.73475e-7 -0.7071068 0.9659247 0 -0.2588229 0.9659247 0 -0.2588229 0.9659247 0 0.2588235 0.9659247 0 0.2588235 0.7071068 -2.6974e-7 0.7071068 0.7071068 -2.73475e-7 0.7071068 0.2588202 -3.68471e-7 0.9659255 0.2588202 -3.70629e-7 0.9659255 -0.2588225 -3.68471e-7 0.9659249 -0.2588225 -3.67034e-7 0.9659249 -0.7071068 -2.6974e-7 0.7071068 -0.7071068 -2.66279e-7 0.7071068 -0.9659246 0 0.2588235 -0.9659246 0 0.2588235 0 -0.965927 -0.2588149 0 -0.965927 -0.2588149 0 -0.7071022 -0.7071114 0 -0.7071022 -0.7071114 0 -0.2588202 -0.9659256 0 -0.2588202 -0.9659256 0 0.258818 -0.9659261 0 0.258818 -0.9659261 0 0.7071068 -0.7071068 0 0.7071068 -0.7071068 0 0.965927 -0.2588149 0 0.965927 -0.2588149 0 0.965927 0.2588149 0 0.965927 0.2588149 0 0.7071067 0.7071068 0 0.7071067 0.7071068 0 0.258818 0.9659261 0 0.258818 0.9659261 0 -0.2588205 0.9659254 0 -0.2588205 0.9659254 0 -0.7071021 0.7071115 0 -0.7071021 0.7071115 0 -0.965927 0.2588149 0 -0.965927 0.2588149 0 -0.9659258 -0.2588192 0 -0.9659258 -0.2588192 0 -0.7071068 -0.7071068 0 -0.7071068 -0.7071068 0 -0.258818 -0.9659261 0 -0.258818 -0.9659261 0 0.2588193 -0.9659258 0 0.2588193 -0.9659258 0 0.7071068 -0.7071068 0 0.7071068 -0.7071068 0 0.9659258 -0.2588192 0 0.9659258 -0.2588192 0 0.9659258 0.2588192 0 0.9659258 0.2588192 0 0.7071069 0.7071068 0 0.7071069 0.7071068 0 0.2588191 0.9659258 0 0.2588191 0.9659258 0 -0.258818 0.9659261 0 -0.258818 0.9659261 0 -0.7071069 0.7071068 0 -0.7071069 0.7071068 0 -0.9659258 0.2588192 0 -0.9659258 0.2588192 -0.9414917 0 -0.3370363 -0.9414916 0 -0.3370364 -0.9414917 0 -0.3370362 -0.9414917 0 -0.3370362 -0.941492 0 -0.3370355 -0.9414917 2.51624e-7 -0.3370362 -0.9414916 0 -0.3370362 -0.9414917 0 -0.3370362 0 1 0 1.45807e-7 1 0 4.31235e-7 1 -5.42251e-7 0 1 0 0 1 0 0 1 0 0 1 0 0 1 1.33687e-7 0 1 2.83834e-7 0 1 0 2.22965e-7 1 1.83674e-7 1.23832e-7 1 0 0 1 0 1.20615e-7 1 0 0 1 0 0 1 0 0 1 0 -1.58536e-7 1 2.40367e-7 1.70212e-7 1 0 2.24708e-7 1 -2.70377e-7 0 1 0 0 1 0 0 1 0 -1.22731e-6 -1 7.61255e-7 0 -1 0 0 -1 0 0 -1 0 0 -1 0 0 -1 -5.72743e-7 0 -1 -2.39776e-7 0 -1 0 0 -1 0 0 -1 0 0 -1 0 0 -1 -1.43793e-7 -2.6533e-7 -1 0 0 -1 0 0 -1 0 0 -1 0 0 -1 0 0 -1 0 -5.25544e-7 -1 -6.20847e-7 0 -1 0 -1.46477e-7 -1 5.98845e-7 -1.35827e-7 -1 0 0 -1 -1.31042e-7 0 -1 0 0 -1 -2.83834e-7 0 -1 -1.33687e-7 0 -1 5.72743e-7 -1.58911e-7 -1 0 -1.28238e-7 -1 0 -1.36316e-7 -1 0 0 -1 0 0 -1 0 -2.80587e-7 -1 0 -1.23832e-7 -1 0 0 -1 0 0 -1 0 0 -1 0 0 -1 0 0 -1 0 0 -1 -3.93311e-7 -1.34416e-7 -1 0 2.08163e-7 -1 3.05938e-7 0 -1 0 0 -1 0 0 -1 -1.64504e-7 0 -1 0 0 1 0 0 1 0 -2.6685e-7 1 5.55755e-7 0 1 2.53651e-7 0 1 0 0 1 0 0 1 0 0 1 0 0 1 0 0 1 0 0 1 0 0 1 0 1.39138e-7 1 0 0 1 0 2.6533e-7 1 0 0 1 1.43793e-7 0 1 1.31042e-7 4.46527e-7 1 -3.91107e-7 0 1 0 -1.38515e-7 1 5.66295e-7 1.36316e-7 1 0 0 1 0 3.4377e-7 1 5.14898e-7 -0.337037 0 0.9414914 -0.3370373 -6.41139e-7 0.9414913 -0.337037 0 0.9414914 -0.337037 0 0.9414914 -0.337037 1.1883e-6 0.9414914 -0.3370369 4.16483e-7 0.9414914 -0.3370375 -1.16861e-6 0.9414913 -0.3370372 0 0.9414913 -0.337037 -2.05905e-6 0.9414914 -0.3370372 -1.74097e-6 0.9414914 -0.3370346 -7.14592e-6 0.9414923 -0.337037 8.85169e-7 0.9414914 -0.3370437 -2.57079e-6 0.9414891 -0.3370356 1.73873e-7 0.9414919 -0.3370358 1.67225e-6 0.9414919 -0.3370367 9.41283e-7 0.9414914 -0.337037 6.83879e-7 0.9414914 -0.337037 7.46256e-7 0.9414915 -0.337037 4.61674e-7 0.9414914 -0.3370372 0 0.9414914 -0.9040507 0 0.4274253 -0.9040507 0 0.4274253 -0.8984341 -0.1112961 0.4247698 -0.8984253 -0.111295 0.4247888 -0.8336624 -0.32299 0.4479782 -0.833669 -0.3229947 0.4479625 -0.7104862 -0.5030715 0.4920656 -0.7104982 -0.5030922 0.492027 -0.5409436 -0.6339343 0.5527271 -0.5409439 -0.633936 0.5527248 -0.341626 -0.7027218 0.6240783 -0.3416246 -0.7027334 0.6240661 -0.1320437 -0.7027364 0.6990895 -0.1320589 -0.7026998 0.6991234 0.06725376 -0.6339146 0.7704734 0.06726843 -0.633934 0.7704562 0.2368194 -0.5030949 0.8311511 0.236786 -0.5030682 0.8311768 0.3599728 -0.3229906 0.8752694 0.3599897 -0.3229984 0.8752597 0.4247569 -0.1113004 0.8984397 0.4247466 -0.1112985 0.8984448 0.427402 -1.56287e-7 0.9040617 0.427402 -1.56281e-7 0.9040617 0.4247466 0.1112993 0.8984447 0.4247597 0.1113001 0.8984384 0.3599973 0.323 0.8752559 0.3599795 0.3229944 0.8752653 0.236794 0.503077 0.8311691 0.2368209 0.5030936 0.8311515 0.06726962 0.6339331 0.7704568 0.06726241 0.6339257 0.7704635 -0.132054 0.7027135 0.6991106 -0.1320485 0.702723 0.699102 -0.3416273 0.7027201 0.6240795 -0.3416233 0.7027351 0.6240649 -0.5409449 0.6339469 0.5527115 -0.5409446 0.6339337 0.5527269 -0.7104964 0.5030939 0.4920278 -0.7104904 0.5030769 0.4920539 -0.8336716 0.3229984 0.447955 -0.8336659 0.3229919 0.4479704 -0.8984267 0.1112943 0.4247859 -0.8984339 0.1112973 0.4247698 -0.9414917 0 -0.3370361 -0.9414917 0 -0.3370361 0.9298984 -0.1564347 0.3328921 0.9298984 -0.1564347 0.3328921 0.8388741 -0.4539891 0.3003066 0.8388741 -0.4539891 0.3003066 0.6657332 -0.7071075 0.2383242 0.6657332 -0.7071075 0.2383242 0.4274274 -0.8910065 0.1530137 0.4274277 -0.8910068 0.153011 0.1472818 -0.9876883 0.05272406 0.1472817 -0.9876883 0.05272501 -0.1472818 -0.9876883 -0.05272507 -0.147282 -0.9876883 -0.05272412 -0.4274283 -0.8910065 -0.1530112 -0.4274283 -0.8910065 -0.1530112 -0.6657345 -0.7071074 -0.2383202 -0.6657345 -0.7071074 -0.2383202 -0.8388754 -0.4539903 -0.3003014 -0.8388754 -0.4539902 -0.3003014 -0.9299004 -0.1564347 -0.3328866 -0.9299004 -0.1564347 -0.3328866 0.9414896 -1.50068e-7 0.3370417 0.9414896 -1.50053e-7 0.3370417 -0.9299003 0.156435 -0.3328866 -0.9299003 0.156435 -0.3328866 -0.8388754 0.4539903 -0.3003014 -0.8388754 0.4539903 -0.3003014 -0.6657345 0.7071074 -0.2383202 -0.6657345 0.7071074 -0.2383202 -0.4274283 0.8910065 -0.1530112 -0.4274283 0.8910065 -0.1530112 -0.1472836 0.9876881 -0.05272471 -0.147283 0.9876881 -0.05272549 0.1472828 0.9876881 0.05272543 0.1472834 0.9876881 0.05272465 0.4274277 0.8910068 0.153011 0.4274263 0.8910071 0.1530133 0.6657332 0.7071075 0.2383242 0.6657332 0.7071075 0.2383242 0.8388741 0.4539891 0.3003066 0.8388741 0.4539891 0.3003066 0.9298983 0.156435 0.3328921 0.9298983 0.156435 0.3328921 0.3370409 -1.16042e-6 -0.94149 0.3370396 -2.12406e-7 -0.9414904 0.3370397 1.52743e-7 -0.9414904 0.3370392 1.65762e-7 -0.9414907 0.3370397 0 -0.9414905 0.3372185 -9.38533e-5 -0.9414263 0.337027 3.67758e-6 -0.941495 0.3369469 5.73023e-5 -0.9415237 0.33687 1.17048e-4 -0.9415512 0.3370789 -3.90276e-5 -0.9414764 0.3370394 2.49551e-6 -0.9414905 0.3370379 -3.19413e-5 -0.9414911 0.3370125 0 -0.9415002 0.1103444 0.9448877 -0.3082392 0.1872311 0.9247419 -0.3313565 0.3285819 0.2225884 -0.9178717 0.4308528 0.169749 -0.8863132 0.3110096 0.3853673 -0.8687722 0.2950335 0.4834731 -0.8241414 0.245523 0.5481059 -0.7995614 0.3235772 0.6886288 -0.6489132 0.2247357 0.7452456 -0.627776 0.1784577 0.8483203 -0.4985034 0.3370373 0 -0.9414913 0.3370373 0 -0.9414913 0.3312955 -0.1837993 -0.9254518 0.3897733 -0.2224104 -0.8936501 0.3091999 -0.3979809 -0.8637168 0.2950333 -0.4834741 -0.8241408 0.2455246 -0.5481047 -0.7995617 0.3525299 -0.7391622 -0.5739005 0.2432469 -0.6921926 -0.6794852 0.1745676 -0.8554159 -0.4876369 0.199279 -0.9233622 -0.3281616 0.1060162 -0.94924 -0.2961487 0.3370397 1.65762e-7 -0.9414904 0.3370125 0 -0.9415002 0.3370379 3.21112e-5 -0.9414911 0.3370364 -5.68435e-7 -0.9414916 0.3370375 -7.46952e-7 -0.9414913 0.3370397 0 -0.9414904 0.3370366 0 -0.9414916 0.3370401 2.81937e-6 -0.9414903 0.3370407 1.87663e-6 -0.9414901 0.3370375 0 -0.9414912 0.3370359 2.50137e-7 -0.9414919 0.3370369 5.5785e-7 -0.9414915 0.3370375 5.35453e-7 -0.9414913 0.3370364 -2.26141e-6 -0.9414916 0.3370364 4.66916e-7 -0.9414917 0.3370373 -5.49375e-7 -0.9414913 0.3370373 0 -0.9414914 0.3370372 0 -0.9414913 0.3370373 6.89577e-7 -0.9414913 0.3370395 3.07733e-6 -0.9414905 0.3370367 -2.83252e-6 -0.9414915 0.3370364 -3.07921e-6 -0.9414916 0.3370379 7.06911e-7 -0.9414911 0.337039 -4.82664e-7 -0.9414907 0.3370347 -6.28506e-7 -0.9414922 0.3370345 -3.79848e-7 -0.9414923 0.3370395 1.2166e-7 -0.9414905 0.337044 -5.67684e-6 -0.9414889 0.3370422 -8.37129e-6 -0.9414895 0.3370365 2.62324e-6 -0.9414916 0.3370366 -2.45196e-6 -0.9414915 0.3370376 0 -0.9414911 0.3374838 1.32712e-4 -0.9413314 0.3370352 0 -0.941492 0.3511235 0 -0.9363293 0.3370019 3.4041e-6 -0.941504 0.3370363 0 -0.9414917 0.3370554 1.19716e-6 -0.9414848 0.3370332 1.2688e-7 -0.9414928 0.3370363 0 -0.9414917 0.3370362 0 -0.9414917 0.3370401 1.52306e-7 -0.9414903 0.3370393 -1.41271e-7 -0.9414906 0.3370417 0 -0.9414896 0.3370293 -1.30312e-5 -0.9414942 0.3370311 -1.14542e-5 -0.9414935 0.3369051 -1.62218e-4 -0.9415386 0.3370363 0 -0.9414917 0.3370363 0 -0.9414917 0.3370363 0 -0.9414917 -0.3361762 0.07153314 0.9390786 -0.2396882 0.2250207 0.9444127 -0.2934658 0.1783643 0.9391825 -0.3244916 0.337064 0.8837947 -0.2237116 0.7441437 0.6294468 -0.2626655 0.6351969 0.7263138 -0.1899353 0.5556786 0.8094108 -0.2457464 0.506582 0.8264281 -0.2967871 0.4134264 0.8608112 -0.1536194 0.8135917 0.5607759 -0.09321099 0.8508601 0.517058 -0.1448346 0.8813663 0.4496846 -0.03323686 0.9951258 0.09284365 -0.007749438 0.9835956 0.1802213 -0.007794857 0.9836177 0.1800991 -0.09482705 0.9598482 0.2640066 -0.125806 0.9276486 0.351626 -0.3370395 -1.46544e-7 0.9414906 -0.3370419 0 0.9414896 -0.3370395 1.46544e-7 0.9414905 -0.3370395 1.46544e-7 0.9414905 -0.06868416 -0.979207 0.1908831 -0.08526563 -0.9806724 0.1761003 -0.1401594 -0.8977248 0.4176667 -0.2360814 -0.7134032 0.659789 -0.1597134 -0.8416943 0.5157929 -0.04481333 -0.8115709 0.5825328 -0.1096321 -0.8630924 0.4930034 -0.3043235 -0.216094 0.9277341 -0.2701627 -0.1807041 0.9457051 -0.300937 -0.1292245 0.9448481 -0.3364455 -0.05934184 0.9398314 -0.3254846 -0.3606299 0.8740743 -0.2573665 -0.4834184 0.8367013 -0.1889677 -0.5558634 0.8095104 -0.2079125 -0.5696976 0.7951207 -0.2571334 -0.6482266 0.716718 -0.3370384 -1.91791e-7 0.9414909 -0.3370404 -1.06919e-6 0.9414902 -0.3370339 0 0.9414924 -0.3370361 -1.53812e-7 0.9414918 -0.3370301 3.41964e-5 0.9414938 -0.3370231 -1.56143e-6 0.9414964 -0.3370316 1.24112e-6 0.9414933 -0.3370394 -2.78446e-6 0.9414906 -0.3370352 0 0.9414921 -0.3370333 7.42498e-6 0.9414927 -0.3370432 -1.31283e-4 0.9414892 -0.3370298 2.75086e-4 0.941494 -0.3370375 4.42395e-7 0.9414913 -0.3370372 -1.48181e-7 0.9414913 -0.3370374 -1.08552e-6 0.9414913 -0.3370363 4.67528e-6 0.9414917 -0.3370361 5.84903e-6 0.9414917 -0.3370445 -1.66109e-6 0.9414888 -0.3370382 -3.53818e-6 0.941491 -0.3370361 4.0614e-7 0.9414917 -0.337044 -2.47692e-6 0.9414889 -0.3370378 -1.22282e-6 0.9414911 -0.337035 -6.09053e-7 0.9414921 -0.3370351 -1.16454e-6 0.9414921 -0.3370385 -1.57175e-7 0.9414909 -0.3370357 1.97107e-6 0.9414918 -0.3370434 -6.04171e-6 0.9414891 -0.3370388 -0.001029193 0.9414902 -0.337035 0.006402075 0.9414704 -0.3370286 0 0.9414944 -0.3370376 -1.52306e-7 0.9414912 -0.3370397 -3.61722e-7 0.9414904 -0.3370376 -4.03874e-7 0.9414911 -0.3370359 5.15896e-7 0.9414918 -0.3370367 6.20739e-7 0.9414915 -0.3370336 -3.63909e-6 0.9414927 -0.3370349 6.33991e-7 0.9414921 -0.337035 7.29509e-7 0.9414921 -0.3370373 -8.80921e-7 0.9414914 -0.3370377 8.82196e-6 0.9414912 -0.3370354 7.68111e-7 0.941492 -0.3370398 -2.46319e-6 0.9414904 -0.3370386 -2.1701e-6 0.9414908 -0.3370378 -1.54996e-6 0.9414911 -0.3370368 1.62415e-6 0.9414915 -0.3370363 -1.45666e-6 0.9414916 -0.3370352 0 0.9414921 -0.3370311 0 0.9414935 -0.3370279 0 0.9414947 -0.3370292 0 0.9414942 -0.3370228 0 0.9414966 -0.3370379 -9.40077e-7 0.9414911 -0.3370355 -3.0804e-6 0.941492 -0.3370325 -4.23151e-6 0.941493 -0.3370323 -3.51164e-6 0.9414931 -0.3370392 4.89992e-7 0.9414907 -0.3370327 -1.49286e-6 0.9414929 -0.337039 7.22782e-7 0.9414907 -0.3370379 3.36007e-5 0.9414911 -0.3370377 5.49021e-6 0.9414912 -0.3370361 3.40425e-6 0.9414917 -0.3370379 4.64128e-6 0.941491 -0.337033 1.97912e-6 0.9414927 -0.337036 0 0.9414918 -0.3370361 -1.53408e-7 0.9414918 -0.337036 -1.52306e-7 0.9414917 -0.3370394 1.95425e-5 0.9414905 -0.3368152 -0.03761601 0.9408191 -0.3370252 3.4473e-6 0.9414957 -0.3369712 -3.87542e-5 0.9415149 -0.3371434 7.57981e-5 0.9414533 -0.336844 -1.63378e-4 0.9415605 -0.3368848 -1.37505e-4 0.9415459 -0.9824376 0.00656861 -0.1864758 -0.9803714 0.02039015 -0.1961027 -0.9822539 0.01088309 -0.1872402 -0.9833011 0.006661117 -0.1818643 -0.9838653 0.004770517 -0.1788471 -0.9844205 0.003129482 -0.1758021 -0.9842674 0 -0.1766858 -0.986155 2.75292e-4 -0.165826 -0.9859611 0 -0.1669753 -0.9857499 3.78624e-4 -0.1682171 -0.9851105 0.00155884 -0.1719149 -0.9520494 0 -0.3059445 -0.9485015 0.02432978 -0.3158368 -0.9594 -0.003934621 -0.2820216 -0.9651718 0.003651201 -0.2615917 -0.9650287 0.004031181 -0.2621133 -0.9727472 -0.008819401 -0.2317003 -0.9710494 0.001805543 -0.2388719 -0.9769133 -3.91254e-4 -0.2136358 0.06575328 0.9807843 -0.1836808 0.06575417 0.9807844 -0.1836797 0.1872472 0.8314713 -0.5230619 0.187244 0.83147 -0.5230654 0.2835499 0.5405411 -0.7920953 0.3202716 0.5634108 -0.7615736 0.2927621 0.1648042 -0.9418757 0.3305541 0.195084 -0.9234046 0 1 0 0 1 0 0.06575548 0.9807836 -0.1836838 0.06575554 0.9807837 -0.1836835 0.1872454 0.8314752 -0.5230567 0.1872445 0.8314726 -0.5230611 0.2802354 0.5555619 -0.7828277 0.2802371 0.5555672 -0.7828233 0.3305615 0.1950885 -0.9234011 0.3305644 0.1950958 -0.9233985 0.3370409 1.60104e-7 -0.94149 0.337037 2.87079e-6 -0.9414914 0.3370376 0 -0.9414911 0.3370363 0 -0.9414917 0.337032 -4.28558e-7 -0.9414931 0.3370383 0 -0.941491 0.3370383 0 -0.941491 0.3370402 0 -0.9414902 0.3370171 1.19718e-6 -0.9414985 0.3370363 0 -0.9414917 0.3370363 0 -0.9414917 0.3370363 0 -0.9414917 0.3365069 1.56457e-4 -0.941681 0.3374839 -1.32736e-4 -0.9413313 -0.9414942 0 -0.337029 -0.9414943 0 -0.337029 -0.9414942 0 -0.337029 -0.9414943 0 -0.337029 -0.9414912 0 -0.3370376 -0.9414914 -1.32649e-5 -0.3370369 -0.9414934 -1.39008e-5 -0.3370314 -0.9414895 1.95094e-5 -0.3370423 -0.9414861 1.62191e-5 -0.3370518 -0.9414938 -7.13751e-6 -0.3370302 -0.941495 -3.24653e-6 -0.337027 -0.9414853 7.27775e-6 -0.3370541 -0.9414846 0 -0.3370558 -0.9414846 0 -0.3370558 -0.9414855 -1.00462e-5 -0.3370534 -0.9415004 1.61322e-5 -0.3370119 -0.9414975 2.50787e-5 -0.3370198 -0.9414879 -1.79369e-5 -0.337047 -0.9414905 -2.04963e-5 -0.3370395 -0.9414922 1.28984e-5 -0.3370348 -0.9414913 1.27473e-5 -0.3370372 -0.9414914 0 -0.3370371 -0.337038 0 0.941491 -0.337038 0 0.941491 -0.337038 0 0.941491 -0.337038 0 0.941491 -0.8864198 0.336986 -0.3173329 -0.8419673 0.4174686 -0.3417763 -0.8136294 0.4888785 -0.3146505 -0.9414916 0 -0.3370364 -0.8864056 0.3370389 -0.3173167 -0.8567309 0.4080718 -0.3154194 -0.9225609 4.87873e-5 -0.3858518 -0.9248215 -0.08846497 -0.3699718 -0.9318241 -0.0767852 -0.3546941 -0.9373795 -0.04304128 -0.3456401 -0.9403935 -0.01127654 -0.3399011 -0.9410885 0.01979529 -0.3375803 -0.9403976 0.05282586 -0.3359491 -0.9347264 0.1062585 -0.33911 -0.9254734 0.1356107 -0.3537071 -0.8500078 0 -0.5267701 -0.9414916 0 -0.3370364 -0.8700478 -0.3821111 -0.3114609 -0.812527 -0.4888419 -0.3175428 0.3370334 0 -0.9414927 0.3370334 0 -0.9414927 0.3370334 0 -0.9414927 0.3370334 0 -0.9414927 -0.9484806 0.09537523 0.3021394 -0.698498 0.1414267 0.7014977 -0.2737924 0.9296876 0.2464115 -0.2738135 0.9296843 0.2464007 -0.3412465 0.8360602 0.4295977 -0.7802885 0.5833924 0.2253957 -0.3907221 0.722126 0.5708504 -0.4448564 0.5298558 0.7220495 -0.8421405 0.3637099 0.3981387 -0.4746362 0.3622962 0.8021608 -0.4923206 0.1535343 0.8567658 -0.4923286 0.1535347 0.8567612 -0.9850968 0.02717024 -0.1698417 -0.9850984 0.02717256 -0.1698319 -0.9786322 0.0847302 -0.1873496 -0.978636 0.08474195 -0.1873246 -0.964226 0.1359288 -0.2275778 -0.9642258 0.1359268 -0.2275797 -0.9464288 0.1645523 -0.2778401 -0.946429 0.1645458 -0.2778432 -0.9936578 0.06636321 0.09077507 -0.9723975 0.08887672 0.2157403 -0.9513966 0.2615701 0.1625597 -0.9514018 0.261561 0.1625437 -0.9069259 0.4195449 0.03830808 -0.9069223 0.419552 0.03831428 -0.8529628 0.5087179 -0.1168785 -0.8529477 0.5087459 -0.1168663 -0.8353097 0.1240536 0.535601 -0.7866491 0.1361915 0.6021918 -0.7529568 0.4083904 0.516017 -0.7529259 0.4084056 0.5160497 -0.6834917 0.6550703 0.322059 -0.6834975 0.6550664 0.3220546 -0.5994744 0.7963436 0.08041936 -0.5994976 0.7963273 0.08040815 -0.4973224 0 0.8675658 -0.498236 9.41557e-7 0.8670414 -0.7048584 -5.31548e-7 0.709348 -0.70559 0 0.7086203 -0.8405671 0 0.5417075 -0.8418123 1.65309e-6 0.5397705 -0.9520944 -1.68169e-6 0.3058042 -0.9528241 0 0.303523 -0.9966406 0 -0.0818988 -0.9958136 -0.008914887 0.090972 -0.9854606 0 -0.1699044 -0.9966402 0 -0.08190482 -0.996641 0 -0.08189481 -0.996641 0 -0.08189481 -0.996641 0 -0.08189481 -0.9966347 3.62082e-7 -0.08197152 -0.9966426 0 -0.08187443 -0.9966404 0 -0.08190286 -0.9966403 0 -0.08190286 -0.9966403 0 -0.08190286 -0.9966403 0 -0.08190286 -0.9966403 0 -0.08190286 -0.9966412 0 -0.08189278 -0.9966406 0 -0.0818988 -0.9954771 0.009098768 0.09456509 -0.9860774 0 -0.1662871 -0.8340518 -0.1242668 0.5375086 -0.9932898 -0.06687408 0.09435731 -0.4914236 -0.1535634 0.8572754 -0.4914231 -0.1535634 0.8572757 -0.4737381 -0.3623674 0.8026594 -0.842987 -0.3631839 0.3968254 -0.443898 -0.5299587 0.7225638 -0.3897614 -0.7222651 0.5713312 -0.7812132 -0.5825585 0.2243468 -0.3403099 -0.8362085 0.4300517 -0.2728642 -0.9298578 0.2467986 -0.2728701 -0.9298566 0.2467966 -0.9462178 -0.1680248 -0.276477 -0.9462193 -0.1679836 -0.2764968 -0.9643844 -0.138763 -0.2251833 -0.9643842 -0.1387576 -0.2251873 -0.9790945 -0.08651036 -0.1840922 -0.9790912 -0.08649468 -0.184117 -0.9856957 -0.02773684 -0.1662369 -0.9856979 -0.02774024 -0.1662231 -0.8504542 -0.5135012 -0.1142109 -0.850456 -0.5134978 -0.114213 -0.9049144 -0.4234736 0.04242658 -0.9049151 -0.4234723 0.04242497 -0.9498072 -0.2640109 0.1678235 -0.9497997 -0.2640207 0.16785 -0.9710159 -0.0895546 0.2216033 -0.9477274 -0.09566909 0.3044015 -0.5969578 -0.798075 0.08196163 -0.596976 -0.7980628 0.08194798 -0.6811757 -0.6564732 0.3241029 -0.6811522 -0.656486 0.3241262 -0.7507538 -0.4092793 0.5185163 -0.7507753 -0.4092727 0.5184904 -0.7845471 -0.1364524 0.6048691 -0.6977669 -0.1414957 0.702211 -0.9372217 -0.1731154 -0.3027318 -0.9343844 -0.1886361 -0.3022286 -0.8201532 -0.5407236 -0.1869939 -0.8250682 -0.5306379 -0.1941287 -0.5750959 -0.816437 -0.05191671 -0.5589763 -0.8283093 -0.03806704 -0.2414833 -0.9660485 0.09184789 -0.2237727 -0.9691367 0.1034396 -0.591359 0.6947457 -0.4094179 -0.5913617 0.6947444 -0.4094164 -0.4826881 0.508589 -0.7129864 -0.4826752 0.5085896 -0.7129947 -0.419931 0.1861551 -0.8882591 -0.4199428 0.1861604 -0.8882524 -0.4199435 -0.1861526 -0.8882538 -0.419933 -0.1861624 -0.8882566 -0.4826758 -0.5085961 -0.7129895 -0.4826849 -0.5085839 -0.7129921 -0.5913612 -0.6947437 -0.4094182 -0.5913597 -0.694746 -0.4094163 -0.591359 0.6947457 -0.4094179 -0.5913617 0.6947444 -0.4094164 -0.4826871 0.5085874 -0.712988 -0.4826781 0.5085878 -0.7129939 -0.4199324 0.1861557 -0.8882583 -0.4199428 0.1861604 -0.8882524 -0.4199435 -0.1861526 -0.8882538 -0.419933 -0.1861624 -0.8882566 -0.4826758 -0.5085961 -0.7129895 -0.4826849 -0.5085839 -0.7129921 -0.5913612 -0.6947437 -0.4094182 -0.5913647 -0.6947383 -0.4094223 -0.5913608 0.6947421 -0.4094213 -0.5913605 0.6947423 -0.4094214 -0.4826891 0.5085905 -0.7129846 -0.4826722 0.5085912 -0.7129954 -0.4199298 0.1861553 -0.8882596 -0.4199427 0.1861611 -0.8882523 -0.4199435 -0.1861526 -0.8882538 -0.419933 -0.1861624 -0.8882566 -0.4826758 -0.5085961 -0.7129895 -0.4826827 -0.5085868 -0.7129915 -0.5913571 -0.6947455 -0.4094209 -0.5913572 -0.6947453 -0.4094211 -0.5913608 0.6947421 -0.4094213 -0.5913605 0.6947423 -0.4094214 -0.4826891 0.5085905 -0.7129846 -0.4826722 0.5085912 -0.7129954 -0.4199298 0.1861553 -0.8882596 -0.4199427 0.1861611 -0.8882523 -0.4199435 -0.1861526 -0.8882538 -0.419933 -0.1861624 -0.8882566 -0.4826756 -0.5085942 -0.7129911 -0.4826797 -0.5085886 -0.7129923 -0.5913548 -0.6947513 -0.4094142 -0.5913608 -0.6947421 -0.4094215 -0.5913608 0.6947421 -0.4094213 -0.5913605 0.6947423 -0.4094214 -0.4826891 0.5085905 -0.7129846 -0.4826722 0.5085912 -0.7129954 -0.4199298 0.1861553 -0.8882596 -0.4199427 0.1861611 -0.8882523 -0.4199435 -0.1861526 -0.8882538 -0.419932 -0.1861633 -0.8882569 -0.4826726 -0.5085959 -0.7129918 -0.482679 -0.5085874 -0.7129937 -0.5913548 -0.6947513 -0.4094142 -0.5913608 -0.6947421 -0.4094215 -0.5913617 0.6947413 -0.4094214 -0.5913604 0.694742 -0.409422 -0.4826891 0.5085905 -0.7129846 -0.4826722 0.5085912 -0.7129954 -0.4199298 0.1861553 -0.8882596 -0.4199427 0.1861611 -0.8882523 -0.4199435 -0.1861526 -0.8882538 -0.419934 -0.1861615 -0.8882564 -0.4826785 -0.5085924 -0.7129903 -0.4826806 -0.5085898 -0.7129909 -0.5913548 -0.6947513 -0.4094142 -0.5913608 -0.6947421 -0.4094215 -0.5913639 0.694743 -0.4094152 -0.5913535 0.6947487 -0.4094207 -0.4826812 0.5085909 -0.7129896 -0.4826722 0.5085912 -0.7129954 -0.4199298 0.1861553 -0.8882596 -0.4199427 0.1861611 -0.8882523 -0.4199435 -0.1861526 -0.8882538 -0.419934 -0.1861615 -0.8882564 -0.4826785 -0.5085924 -0.7129903 -0.4826806 -0.5085898 -0.7129909 -0.5913548 -0.6947513 -0.4094142 -0.5913608 -0.6947421 -0.4094215 -0.5913608 0.6947421 -0.4094213 -0.5913605 0.6947423 -0.4094214 -0.4826891 0.5085905 -0.7129846 -0.4826722 0.5085912 -0.7129954 -0.4199298 0.1861553 -0.8882596 -0.4199427 0.1861611 -0.8882523 -0.4199435 -0.1861526 -0.8882538 -0.419932 -0.1861633 -0.8882569 -0.4826726 -0.5085959 -0.7129918 -0.482679 -0.5085874 -0.7129937 -0.5913548 -0.6947513 -0.4094142 -0.5913608 -0.6947421 -0.4094215 -0.5913608 0.6947421 -0.4094213 -0.5913605 0.6947423 -0.4094214 -0.4826891 0.5085905 -0.7129846 -0.4826722 0.5085912 -0.7129954 -0.4199298 0.1861553 -0.8882596 -0.4199427 0.1861611 -0.8882523 -0.4199435 -0.1861526 -0.8882538 -0.419932 -0.1861633 -0.8882569 -0.4826731 -0.5085999 -0.7129887 -0.4826849 -0.5085839 -0.7129921 -0.5913606 -0.6947423 -0.4094213 -0.5913608 -0.6947421 -0.4094215 -0.5913639 0.694743 -0.4094152 -0.5913535 0.6947487 -0.4094207 -0.4826812 0.5085909 -0.7129896 -0.4826722 0.5085912 -0.7129954 -0.4199298 0.1861553 -0.8882596 -0.4199427 0.1861611 -0.8882523 -0.4199435 -0.1861526 -0.8882538 -0.419932 -0.1861633 -0.8882569 -0.4826726 -0.5085959 -0.7129918 -0.482679 -0.5085874 -0.7129937 -0.5913548 -0.6947513 -0.4094142 -0.5913608 -0.6947421 -0.4094215 -0.5913639 0.694743 -0.4094152 -0.5913535 0.6947487 -0.4094207 -0.4826812 0.5085909 -0.7129896 -0.4826722 0.5085912 -0.7129954 -0.4199298 0.1861553 -0.8882596 -0.4199427 0.1861611 -0.8882523 -0.4199435 -0.1861526 -0.8882538 -0.419932 -0.1861633 -0.8882569 -0.4826731 -0.5085999 -0.7129887 -0.4826849 -0.5085839 -0.7129921 -0.5913606 -0.6947423 -0.4094213 -0.5913608 -0.6947421 -0.4094215 -0.5913506 0.6947476 -0.4094267 -0.5913686 0.6947379 -0.4094171 -0.482693 0.508584 -0.7129865 -0.482684 0.5085844 -0.7129924 -0.4199345 0.1861544 -0.8882576 -0.419943 0.1861582 -0.8882527 -0.4199432 -0.1861562 -0.8882532 -0.4199366 -0.1861624 -0.8882549 -0.4826844 -0.508589 -0.7129888 -0.4826907 -0.5085805 -0.7129906 -0.5913664 -0.6947333 -0.4094282 -0.5913562 -0.6947492 -0.4094159 -0.5913668 0.6947404 -0.4094154 -0.5913644 0.6947417 -0.4094167 -0.4826887 0.508595 -0.7129817 -0.4826726 0.5085957 -0.712992 -0.4199289 0.1861519 -0.8882608 -0.419943 0.1861582 -0.8882527 -0.4199432 -0.1861562 -0.8882532 -0.4199366 -0.1861624 -0.8882549 -0.4826844 -0.508589 -0.7129888 -0.4826907 -0.5085805 -0.7129906 -0.5913664 -0.6947333 -0.4094282 -0.5913562 -0.6947492 -0.4094159 -0.5913711 0.6947367 -0.4094159 -0.5913686 0.6947379 -0.4094171 -0.482693 0.508584 -0.7129865 -0.482684 0.5085844 -0.7129924 -0.4199345 0.1861544 -0.8882576 -0.419943 0.1861582 -0.8882527 -0.4199435 -0.1861526 -0.8882538 -0.419932 -0.1861633 -0.8882569 -0.4826735 -0.5086038 -0.7129856 -0.4826907 -0.5085805 -0.7129906 -0.5913689 -0.6947386 -0.4094156 -0.5913702 -0.6947364 -0.4094173 -0.5913506 0.6947476 -0.4094267 -0.5913686 0.6947379 -0.4094171 -0.482693 0.508584 -0.7129865 -0.482684 0.5085844 -0.7129924 -0.4199354 0.1861578 -0.8882564 -0.4199427 0.1861611 -0.8882523 -0.4199438 -0.186149 -0.8882544 -0.4199313 -0.1861606 -0.8882578 -0.4826735 -0.5086038 -0.7129856 -0.4826907 -0.5085805 -0.7129906 -0.5913664 -0.6947333 -0.4094282 -0.5913562 -0.6947492 -0.4094159 -0.5913624 0.6947426 -0.4094182 -0.5913571 0.6947455 -0.4094211 -0.4826851 0.5085906 -0.7129871 -0.4826753 0.5085911 -0.7129935 -0.419931 0.1861551 -0.8882591 -0.4199428 0.1861604 -0.8882524 -0.4199435 -0.1861526 -0.8882538 -0.419933 -0.1861624 -0.8882566 -0.4826756 -0.5085942 -0.7129911 -0.4826797 -0.5085886 -0.7129923 -0.5913548 -0.6947513 -0.4094142 -0.5913608 -0.6947421 -0.4094215 -0.935449 0.1881006 -0.2992547 -0.9361726 0.1702928 -0.3075408 -0.8290292 0.5250142 -0.1925375 -0.8189214 0.5413579 -0.1905236 -0.560011 0.827323 -0.04386752 -0.5769905 0.8154176 -0.04664885 -0.2231742 0.9697561 0.09882432 -0.2429236 0.9652961 0.09587216 -0.6657295 0.7071124 -0.2383195 -0.6657358 0.707106 -0.2383214 -0.7109242 -0.6980805 -0.08526724 -0.7109244 -0.6980801 -0.0852679 -0.8076913 -0.5598137 0.1850499 -0.8076947 -0.5598129 0.1850377 -0.8746576 -0.3106701 0.3720998 -0.8746581 -0.3106706 0.3720982 -0.8985565 0 0.4388579 -0.8985565 0 0.4388579 -0.8746584 0.3106696 0.3720985 -0.8746575 0.310671 0.3720993 -0.8076961 0.5598098 0.1850404 -0.8076919 0.5598157 0.185041 -0.7109293 0.6980754 -0.08526593 -0.710924 0.6980805 -0.08526772 -0.6657354 -0.7071061 -0.2383217 -0.6657296 -0.7071126 -0.2383192 0.08723133 -0.9659261 -0.2436747 0.08723133 -0.9659261 -0.2436747 0.2383217 -0.7071061 -0.6657355 0.2383227 -0.7071078 -0.6657333 0.3255556 -0.2588171 -0.9094105 0.3255537 -0.2588139 -0.909412 0.3255534 0.2588171 -0.9094112 0.3255559 0.258814 -0.9094112 0.2383233 0.7071062 -0.6657349 0.2383211 0.7071077 -0.6657339 0.08723133 0.9659261 -0.2436747 0.08723133 0.9659261 -0.2436747 -0.9414914 1.85373e-6 -0.3370369 -0.9414939 -1.55712e-5 -0.3370303 -0.9414893 7.33691e-6 -0.3370427 -0.9414849 -1.08751e-5 -0.3370552 -0.9414926 2.35216e-6 -0.3370336 -0.9414915 -4.37887e-6 -0.3370367 -0.9414913 3.22272e-7 -0.3370374 -0.9414915 -1.19209e-6 -0.337037 -0.9414915 -4.53244e-7 -0.337037 -0.9414913 1.41262e-6 -0.3370372 -0.9414915 4.37887e-6 -0.3370367 -0.9414914 -1.85373e-6 -0.337037 -0.6657295 0.7071124 -0.2383195 -0.6657358 0.707106 -0.2383214 -0.7109288 -0.6980759 -0.08526563 -0.7109291 -0.6980756 -0.08526641 -0.8076927 -0.5598133 0.1850447 -0.8076947 -0.5598129 0.1850377 -0.8746576 -0.3106701 0.3720998 -0.8746581 -0.3106706 0.3720982 -0.8985565 0 0.4388579 -0.8985565 0 0.4388579 -0.8746584 0.3106696 0.3720985 -0.8746575 0.310671 0.3720993 -0.8076961 0.5598098 0.1850404 -0.8076919 0.5598157 0.185041 -0.7109293 0.6980754 -0.08526593 -0.710924 0.6980805 -0.08526772 -0.6657408 -0.7071005 -0.2383236 -0.6657347 -0.707107 -0.238321 0.08723133 -0.9659261 -0.2436747 0.08723133 -0.9659261 -0.2436747 0.2383217 -0.7071061 -0.6657355 0.2383227 -0.7071078 -0.6657333 0.3255556 -0.2588171 -0.9094105 0.3255537 -0.2588139 -0.909412 0.3255533 0.2588183 -0.9094108 0.3255557 0.2588152 -0.9094108 0.2383241 0.7071037 -0.6657372 0.238322 0.7071053 -0.6657363 0.08723133 0.9659261 -0.2436747 0.08723133 0.9659261 -0.2436747 -0.9414914 1.85373e-6 -0.337037 -0.9414915 -4.39743e-6 -0.3370367 -0.9414914 -1.48298e-6 -0.3370369 -0.9414914 4.45306e-6 -0.3370367 -0.9414913 3.22272e-7 -0.3370374 -0.9414915 -1.19209e-6 -0.337037 -0.9414926 2.35216e-6 -0.3370336 -0.9414849 -1.08751e-5 -0.3370552 -0.9414938 -1.55711e-5 -0.3370302 -0.9414893 7.33696e-6 -0.3370427 -0.9414914 1.41262e-6 -0.3370372 -0.9414914 -3.97366e-7 -0.3370369 -0.6657327 0.707109 -0.2383207 -0.6657389 0.7071025 -0.2383225 -0.710926 -0.6980796 -0.08525943 -0.7109287 -0.6980758 -0.08526706 -0.8076921 -0.5598151 0.185042 -0.8076926 -0.5598149 0.1850402 -0.8746566 -0.3106692 0.3721026 -0.8746581 -0.3106706 0.3720982 -0.8985565 0 0.4388579 -0.8985565 0 0.4388579 -0.8746588 0.3106679 0.3720989 -0.8746565 0.3106716 0.372101 -0.8076953 0.5598096 0.185045 -0.8076879 0.5598199 0.185046 -0.7109217 0.6980832 -0.08526569 -0.7109284 0.6980766 -0.08526337 -0.6657354 -0.7071061 -0.2383217 -0.6657296 -0.7071126 -0.2383192 0.08723288 -0.9659249 -0.2436791 0.08723288 -0.9659249 -0.243679 0.2383217 -0.7071061 -0.6657355 0.2383227 -0.7071078 -0.6657333 0.3255556 -0.2588171 -0.9094105 0.3255537 -0.2588139 -0.909412 0.3255534 0.2588171 -0.9094112 0.3255559 0.258814 -0.9094112 0.2383224 0.7071086 -0.6657326 0.2383204 0.7071102 -0.6657316 0.08723288 0.9659249 -0.243679 0.08723282 0.9659249 -0.2436791 -0.9414914 -1.85369e-6 -0.337037 -0.9414915 4.45312e-6 -0.3370367 -0.9414916 -4.45309e-6 -0.3370367 -0.9414914 1.48295e-6 -0.337037 -0.9414913 3.22272e-7 -0.3370374 -0.9414914 -1.19209e-6 -0.337037 -0.9414926 2.35217e-6 -0.3370336 -0.9414849 -1.08751e-5 -0.3370552 -0.9414938 -1.55715e-5 -0.3370303 -0.9414893 7.33691e-6 -0.3370427 -0.9414913 1.41262e-6 -0.3370372 -0.9414915 -3.97364e-7 -0.337037 -0.6657327 0.707109 -0.2383207 -0.6657389 0.7071025 -0.2383225 -0.7109272 -0.6980773 -0.08526903 -0.7109242 -0.6980813 -0.08526068 -0.8076892 -0.5598158 0.1850524 -0.8076938 -0.5598147 0.1850361 -0.8746577 -0.3106685 0.3721008 -0.8746591 -0.31067 0.3720964 -0.8985565 0 0.4388579 -0.8985565 0 0.4388579 -0.8746597 0.3106672 0.3720971 -0.8746575 0.310671 0.3720993 -0.8076972 0.5598075 0.1850425 -0.8076874 0.5598212 0.1850439 -0.7109217 0.6980832 -0.08526569 -0.7109284 0.6980766 -0.08526337 -0.6657386 -0.7071027 -0.2383229 -0.6657328 -0.7071092 -0.2383203 0.08722978 -0.9659274 -0.2436704 0.08722978 -0.9659274 -0.2436704 0.2383226 -0.7071037 -0.6657378 0.2383236 -0.7071053 -0.6657356 0.3255556 -0.2588171 -0.9094105 0.3255537 -0.2588139 -0.909412 0.3255534 0.2588171 -0.9094112 0.3255559 0.258814 -0.9094112 0.2383224 0.7071086 -0.6657326 0.2383204 0.7071102 -0.6657316 0.08723288 0.9659249 -0.243679 0.08723282 0.9659249 -0.2436791 -0.9414914 -1.85368e-6 -0.3370369 -0.9414915 4.45312e-6 -0.3370367 -0.9414914 1.85378e-6 -0.3370369 -0.9414915 -4.3974e-6 -0.3370367 -0.9414913 3.22272e-7 -0.3370374 -0.9414915 -1.19209e-6 -0.337037 -0.9414926 2.35214e-6 -0.3370336 -0.9414849 -1.08751e-5 -0.3370552 -0.9414938 -1.55715e-5 -0.3370303 -0.9414893 7.33691e-6 -0.3370427 -0.9414913 1.41262e-6 -0.3370372 -0.9414915 -3.97364e-7 -0.337037 -0.6657327 0.707109 -0.2383207 -0.6657389 0.7071025 -0.2383225 -0.7109272 -0.6980773 -0.08526903 -0.7109242 -0.6980813 -0.08526068 -0.8076892 -0.5598158 0.1850524 -0.8076938 -0.5598147 0.1850361 -0.8746577 -0.3106685 0.3721008 -0.8746591 -0.31067 0.3720964 -0.8985565 0 0.4388579 -0.8985565 0 0.4388579 -0.8746597 0.3106672 0.3720971 -0.8746575 0.310671 0.3720993 -0.8076972 0.5598075 0.1850425 -0.8076874 0.5598212 0.1850439 -0.7109217 0.6980832 -0.08526569 -0.7109284 0.6980766 -0.08526337 -0.6657386 -0.7071027 -0.2383229 -0.6657328 -0.7071092 -0.2383203 0.08722978 -0.9659274 -0.2436704 0.08722978 -0.9659274 -0.2436704 0.2383226 -0.7071037 -0.6657378 0.2383236 -0.7071053 -0.6657356 0.3255556 -0.2588171 -0.9094105 0.3255537 -0.2588139 -0.909412 0.3255534 0.2588171 -0.9094112 0.3255559 0.258814 -0.9094112 0.2383224 0.7071086 -0.6657326 0.2383204 0.7071102 -0.6657316 0.08723288 0.9659249 -0.243679 0.08723282 0.9659249 -0.2436791 -0.9414914 1.85378e-6 -0.3370369 -0.9414915 -4.3974e-6 -0.3370367 -0.9414914 -1.48294e-6 -0.337037 -0.9414915 4.45312e-6 -0.3370367 -0.9414913 3.22272e-7 -0.3370374 -0.9414915 -1.19209e-6 -0.337037 -0.9414926 2.35214e-6 -0.3370336 -0.9414849 -1.08751e-5 -0.3370552 -0.9414938 -1.55715e-5 -0.3370303 -0.9414893 7.33691e-6 -0.3370427 -0.9414913 1.41262e-6 -0.3370372 -0.9414915 -3.97364e-7 -0.337037 -0.6657328 0.707109 -0.2383203 -0.6657398 0.7071018 -0.2383223 -0.7109272 -0.6980773 -0.08526903 -0.7109242 -0.6980813 -0.08526068 -0.8076892 -0.5598158 0.1850524 -0.8076938 -0.5598147 0.1850361 -0.8746585 -0.3106601 0.3721063 -0.8746607 -0.3106625 0.3720986 -0.8985565 0 0.4388579 -0.8985565 0 0.4388579 -0.8746597 0.3106672 0.3720971 -0.8746575 0.310671 0.3720993 -0.8076972 0.5598075 0.1850425 -0.8076874 0.5598212 0.1850439 -0.7109217 0.6980832 -0.08526569 -0.7109284 0.6980766 -0.08526337 -0.6657386 -0.7071027 -0.2383229 -0.6657328 -0.7071092 -0.2383203 0.08722978 -0.9659274 -0.2436704 0.08722978 -0.9659274 -0.2436704 0.2383226 -0.7071037 -0.6657378 0.2383236 -0.7071053 -0.6657356 0.3255556 -0.2588171 -0.9094105 0.3255537 -0.2588139 -0.909412 0.3255534 0.2588171 -0.9094112 0.3255559 0.258814 -0.9094112 0.2383224 0.7071086 -0.6657326 0.2383204 0.7071102 -0.6657316 0.08723288 0.9659249 -0.243679 0.08723282 0.9659249 -0.2436791 -0.9414914 -1.85368e-6 -0.3370369 -0.9414915 4.45312e-6 -0.3370367 -0.9414915 -4.45306e-6 -0.3370367 -0.9414914 1.48302e-6 -0.3370369 -0.9414913 3.22272e-7 -0.3370374 -0.9414915 -1.19209e-6 -0.337037 -0.9414926 2.35214e-6 -0.3370336 -0.9414849 -1.08751e-5 -0.3370552 -0.9414938 -1.55715e-5 -0.3370303 -0.9414893 7.33691e-6 -0.3370427 -0.9414913 1.41262e-6 -0.3370372 -0.9414915 -3.97364e-7 -0.337037 -0.6657328 0.707109 -0.2383202 -0.665739 0.7071027 -0.2383221 -0.7109272 -0.6980773 -0.08526903 -0.7109242 -0.6980813 -0.08526068 -0.8076892 -0.5598158 0.1850524 -0.8076938 -0.5598147 0.1850361 -0.8746577 -0.3106685 0.3721008 -0.8746591 -0.31067 0.3720964 -0.8985565 0 0.4388579 -0.8985565 0 0.4388579 -0.8746597 0.3106672 0.3720971 -0.8746575 0.310671 0.3720993 -0.8076972 0.5598075 0.1850425 -0.8076874 0.5598212 0.1850439 -0.7109217 0.6980832 -0.08526569 -0.7109284 0.6980766 -0.08526337 -0.6657387 -0.7071027 -0.2383225 -0.665733 -0.707109 -0.2383201 0.08722978 -0.9659274 -0.2436704 0.08722978 -0.9659274 -0.2436704 0.2383226 -0.7071037 -0.6657378 0.2383236 -0.7071053 -0.6657356 0.3255556 -0.2588171 -0.9094105 0.3255537 -0.2588139 -0.909412 0.3255534 0.2588171 -0.9094112 0.3255559 0.258814 -0.9094112 0.2383241 0.7071037 -0.6657372 0.238322 0.7071053 -0.6657363 0.08722978 0.9659274 -0.2436704 0.08722978 0.9659274 -0.2436704 -0.9414915 1.85377e-6 -0.337037 -0.9414915 -4.3974e-6 -0.3370367 -0.9414918 2.96602e-5 -0.3370359 -0.9414915 4.45306e-6 -0.3370367 -0.9414913 3.22272e-7 -0.3370374 -0.9414915 -1.19209e-6 -0.337037 -0.9414926 2.35214e-6 -0.3370336 -0.9414849 -1.08751e-5 -0.3370552 -0.9414938 -1.5571e-5 -0.3370302 -0.9414893 7.33691e-6 -0.3370427 -0.9414913 1.41262e-6 -0.3370372 -0.9414915 -3.97364e-7 -0.337037 -0.6657327 0.7071091 -0.2383207 -0.6657389 0.7071027 -0.2383224 -0.7109272 -0.6980773 -0.08526903 -0.7109242 -0.6980813 -0.08526068 -0.8076892 -0.5598158 0.1850524 -0.8076938 -0.5598147 0.1850361 -0.8746577 -0.3106685 0.3721008 -0.8746591 -0.31067 0.3720964 -0.8985565 0 0.4388579 -0.8985565 0 0.4388579 -0.8746597 0.3106672 0.3720971 -0.8746575 0.310671 0.3720993 -0.8076972 0.5598075 0.1850425 -0.8076874 0.5598212 0.1850439 -0.7109217 0.6980832 -0.08526569 -0.7109284 0.6980766 -0.08526337 -0.6657386 -0.7071027 -0.2383229 -0.6657328 -0.7071092 -0.2383204 0.08722978 -0.9659274 -0.2436704 0.08722978 -0.9659274 -0.2436704 0.2383226 -0.7071037 -0.6657378 0.2383236 -0.7071053 -0.6657356 0.3255556 -0.2588171 -0.9094105 0.3255537 -0.2588139 -0.909412 0.3255534 0.2588171 -0.9094112 0.3255559 0.258814 -0.9094112 0.2383224 0.7071086 -0.6657326 0.2383204 0.7071102 -0.6657316 0.08723288 0.9659249 -0.243679 0.08723282 0.9659249 -0.2436791 -0.9414914 -1.85369e-6 -0.337037 -0.9414914 4.45312e-6 -0.3370367 -0.9414915 -4.45307e-6 -0.3370367 -0.9414915 1.48301e-6 -0.3370369 -0.9414913 3.22272e-7 -0.3370374 -0.9414915 -1.19209e-6 -0.337037 -0.9414926 2.35214e-6 -0.3370336 -0.9414849 -1.08751e-5 -0.3370552 -0.9414938 -1.55715e-5 -0.3370303 -0.9414893 7.33691e-6 -0.3370427 -0.9414913 1.41262e-6 -0.3370372 -0.9414915 -3.97364e-7 -0.337037 -0.6657327 0.707109 -0.2383207 -0.6657389 0.7071025 -0.2383225 -0.7109272 -0.6980773 -0.08526903 -0.7109242 -0.6980813 -0.08526068 -0.8076892 -0.5598158 0.1850524 -0.8076938 -0.5598147 0.1850361 -0.8746577 -0.3106685 0.3721008 -0.8746591 -0.31067 0.3720964 -0.8985565 0 0.4388579 -0.8985565 0 0.4388579 -0.8746597 0.3106672 0.3720971 -0.8746575 0.310671 0.3720993 -0.8076972 0.5598075 0.1850425 -0.8076874 0.5598212 0.1850439 -0.7109217 0.6980832 -0.08526569 -0.7109284 0.6980766 -0.08526337 -0.6657386 -0.7071027 -0.2383229 -0.6657328 -0.7071092 -0.2383203 0.08723288 -0.9659249 -0.2436791 0.08723288 -0.9659249 -0.243679 0.2383209 -0.7071086 -0.6657332 0.2383219 -0.7071102 -0.665731 0.3255556 -0.2588171 -0.9094105 0.3255537 -0.2588139 -0.909412 0.3255534 0.2588171 -0.9094112 0.3255559 0.258814 -0.9094112 0.2383224 0.7071086 -0.6657326 0.2383204 0.7071102 -0.6657316 0.08723288 0.9659249 -0.243679 0.08723282 0.9659249 -0.2436791 -0.9414914 1.85371e-6 -0.3370369 -0.9414915 -4.39745e-6 -0.3370367 -0.9414914 -1.48294e-6 -0.337037 -0.9414915 4.45312e-6 -0.3370367 -0.9414913 3.22272e-7 -0.3370374 -0.9414915 -1.19209e-6 -0.337037 -0.9414926 2.35218e-6 -0.3370336 -0.9414849 -1.08751e-5 -0.3370552 -0.9414938 -1.55715e-5 -0.3370303 -0.9414893 7.33691e-6 -0.3370427 -0.9414913 1.41262e-6 -0.3370372 -0.9414915 -3.97364e-7 -0.337037 -0.6657327 0.707109 -0.2383207 -0.6657389 0.7071025 -0.2383225 -0.7109272 -0.6980773 -0.08526903 -0.7109274 -0.6980769 -0.08526974 -0.8076933 -0.5598117 0.1850474 -0.8076955 -0.5598111 0.1850393 -0.8746573 -0.3106716 0.3720989 -0.874657 -0.3106712 0.3720999 -0.8985565 0 0.4388579 -0.8985565 0 0.4388579 -0.8746597 0.3106672 0.3720971 -0.8746575 0.310671 0.3720993 -0.8076972 0.5598075 0.1850425 -0.8076874 0.5598212 0.1850439 -0.7109217 0.6980832 -0.08526569 -0.7109284 0.6980766 -0.08526337 -0.6657386 -0.7071027 -0.2383229 -0.6657328 -0.7071092 -0.2383203 0.08722978 -0.9659274 -0.2436704 0.08722978 -0.9659274 -0.2436704 0.2383226 -0.7071037 -0.6657378 0.2383236 -0.7071053 -0.6657356 0.3255556 -0.2588171 -0.9094105 0.3255537 -0.2588139 -0.909412 0.3255534 0.2588171 -0.9094112 0.3255559 0.258814 -0.9094112 0.2383241 0.7071037 -0.6657372 0.238322 0.7071053 -0.6657363 0.08722978 0.9659274 -0.2436704 0.08722978 0.9659274 -0.2436704 -0.9414914 -1.85375e-6 -0.337037 -0.9414915 4.45306e-6 -0.3370367 -0.9414915 -4.45306e-6 -0.3370367 -0.9414914 1.48302e-6 -0.3370369 -0.9414913 3.22272e-7 -0.3370374 -0.9414915 -1.19209e-6 -0.337037 -0.9414926 2.35214e-6 -0.3370336 -0.9414849 -1.08751e-5 -0.3370552 -0.9414938 -1.5571e-5 -0.3370302 -0.9414893 7.33691e-6 -0.3370427 -0.9414913 1.41262e-6 -0.3370372 -0.9414915 -3.97364e-7 -0.337037 -0.6657327 0.707109 -0.2383207 -0.6657389 0.7071025 -0.2383225 -0.7109272 -0.6980773 -0.08526903 -0.7109242 -0.6980813 -0.08526068 -0.8076892 -0.5598158 0.1850524 -0.8076938 -0.5598147 0.1850361 -0.8746577 -0.3106685 0.3721008 -0.8746591 -0.31067 0.3720964 -0.8985565 0 0.4388579 -0.8985565 0 0.4388579 -0.8746597 0.3106672 0.3720971 -0.8746575 0.310671 0.3720993 -0.8076972 0.5598075 0.1850425 -0.8076874 0.5598212 0.1850439 -0.7109217 0.6980832 -0.08526569 -0.7109284 0.6980766 -0.08526337 -0.6657386 -0.7071027 -0.2383229 -0.6657328 -0.7071092 -0.2383203 0.08723288 -0.9659249 -0.2436791 0.08723288 -0.9659249 -0.243679 0.2383209 -0.7071086 -0.6657332 0.2383219 -0.7071102 -0.665731 0.3255556 -0.2588171 -0.9094105 0.3255537 -0.2588139 -0.909412 0.3255534 0.2588171 -0.9094112 0.3255559 0.258814 -0.9094112 0.2383241 0.7071037 -0.6657372 0.238322 0.7071053 -0.6657363 0.08722978 0.9659274 -0.2436704 0.08722978 0.9659274 -0.2436704 -0.9414914 -1.85375e-6 -0.337037 -0.9414915 4.45306e-6 -0.3370367 -0.9414914 1.85371e-6 -0.3370369 -0.9414915 -4.39745e-6 -0.3370367 -0.9414913 3.22272e-7 -0.3370374 -0.9414915 -1.19209e-6 -0.337037 -0.9414926 2.35218e-6 -0.3370336 -0.9414849 -1.08751e-5 -0.3370552 -0.9414938 -1.5571e-5 -0.3370302 -0.9414893 7.33691e-6 -0.3370427 -0.9414913 1.41262e-6 -0.3370372 -0.9414915 -3.97364e-7 -0.337037 -0.6657263 0.7071158 -0.2383184 -0.6657326 0.7071093 -0.2383202 -0.7109249 -0.6980819 -0.08524978 -0.7109333 -0.6980704 -0.0852735 -0.8076962 -0.5598109 0.185037 -0.8076933 -0.5598117 0.1850475 -0.8746557 -0.3106698 0.3721044 -0.874657 -0.3106712 0.3720999 -0.8985565 0 0.4388579 -0.8985565 0 0.4388579 -0.8746578 0.3106685 0.3721007 -0.8746556 0.3106723 0.3721028 -0.8076909 0.5598162 0.1850433 -0.8076973 0.5598075 0.1850425 -0.7109403 0.6980649 -0.08525937 -0.7109211 0.6980838 -0.08526587 -0.6657323 -0.7071095 -0.2383205 -0.6657264 -0.7071159 -0.238318 0.08723592 -0.9659224 -0.2436876 0.08723592 -0.9659224 -0.2436876 0.2383226 -0.7071037 -0.6657378 0.2383236 -0.7071053 -0.6657356 0.3255552 -0.258822 -0.9094092 0.3255532 -0.2588189 -0.9094107 0.3255534 0.2588171 -0.9094112 0.3255559 0.258814 -0.9094112 0.2383241 0.7071037 -0.6657372 0.238322 0.7071053 -0.6657363 0.08723592 0.9659225 -0.2436876 0.08723598 0.9659225 -0.2436877 -0.9414914 -1.85362e-6 -0.3370369 -0.9414915 4.45305e-6 -0.3370368 -0.9414914 1.85362e-6 -0.337037 -0.9414915 -4.39739e-6 -0.3370367 -0.9414913 3.22279e-7 -0.3370374 -0.9414915 -1.19209e-6 -0.337037 -0.9414926 2.35221e-6 -0.3370336 -0.9414849 -1.08754e-5 -0.3370552 -0.9414938 -1.55714e-5 -0.3370303 -0.9414893 7.33694e-6 -0.3370427 -0.9414914 1.4126e-6 -0.3370372 -0.9414915 -3.97364e-7 -0.337037 -0.6657369 0.7071047 -0.2383222 -0.6657431 0.7070982 -0.238324 -0.7109249 -0.6980819 -0.08524978 -0.7109333 -0.6980704 -0.0852735 -0.8076962 -0.5598109 0.185037 -0.8076978 -0.5598105 0.1850311 -0.8746597 -0.3106673 0.3720973 -0.874661 -0.3106687 0.3720929 -0.8985565 0 0.4388579 -0.8985565 0 0.4388579 -0.8746578 0.3106685 0.3721007 -0.8746556 0.3106723 0.3721028 -0.8076909 0.5598162 0.1850433 -0.807699 0.5598052 0.1850422 -0.7109327 0.698071 -0.08527261 -0.7109322 0.6980715 -0.08527278 -0.6657323 -0.7071095 -0.2383205 -0.6657264 -0.7071159 -0.238318 0.08723592 -0.9659224 -0.2436876 0.08723592 -0.9659224 -0.2436876 0.2383226 -0.7071037 -0.6657378 0.2383236 -0.7071053 -0.6657356 0.3255552 -0.258822 -0.9094092 0.3255532 -0.2588189 -0.9094107 0.3255539 0.2588121 -0.9094125 0.3255563 0.258809 -0.9094125 0.2383208 0.7071135 -0.6657279 0.2383187 0.7071151 -0.665727 0.08722978 0.9659274 -0.2436704 0.08722978 0.9659274 -0.2436704 -0.9414914 1.85362e-6 -0.3370369 -0.9414938 -1.55716e-5 -0.3370302 -0.9414893 7.33671e-6 -0.3370427 -0.9414849 -1.08754e-5 -0.3370551 -0.9414926 2.35221e-6 -0.3370336 -0.9414915 -4.37884e-6 -0.3370367 -0.9414913 3.22279e-7 -0.3370374 -0.9414915 -1.19209e-6 -0.337037 -0.9414915 -4.53235e-7 -0.337037 -0.9414914 1.41262e-6 -0.3370372 -0.9414915 4.37896e-6 -0.3370367 -0.9414914 -1.85376e-6 -0.3370369 -0.665739 0.7071024 -0.2383229 -0.6657453 0.7070959 -0.2383248 -0.710933 -0.6980708 -0.08527278 -0.7109333 -0.6980704 -0.0852735 -0.8076962 -0.5598109 0.185037 -0.8076933 -0.5598117 0.1850475 -0.8746557 -0.3106698 0.3721044 -0.8746598 -0.310674 0.3720913 -0.8985565 0 0.4388579 -0.8985565 0 0.4388579 -0.8746616 0.3106659 0.3720936 -0.8746551 0.3106771 0.3720997 -0.8076909 0.5598162 0.1850433 -0.8076973 0.5598075 0.1850425 -0.7109335 0.6980702 -0.08527302 -0.7109329 0.6980708 -0.08527326 -0.665745 -0.707096 -0.2383251 -0.6657391 -0.7071024 -0.2383226 0.08722978 -0.9659274 -0.2436704 0.08722978 -0.9659274 -0.2436704 0.2383192 -0.7071135 -0.6657286 0.2383202 -0.7071151 -0.6657264 0.3255556 -0.2588171 -0.9094105 0.3255537 -0.2588139 -0.909412 0.3255534 0.2588171 -0.9094112 0.3255559 0.258814 -0.9094112 0.2383241 0.7071037 -0.6657372 0.238322 0.7071053 -0.6657363 0.08722978 0.9659274 -0.2436704 0.08722978 0.9659274 -0.2436704 -0.9414914 -1.85376e-6 -0.3370369 -0.9414915 -4.45318e-6 -0.3370367 -0.9414914 1.48301e-6 -0.3370369 -0.9414915 4.45306e-6 -0.3370367 -0.9414913 3.22273e-7 -0.3370374 -0.9414915 -1.19211e-6 -0.337037 -0.9414926 2.35218e-6 -0.3370336 -0.9414849 -1.0875e-5 -0.3370552 -0.9414938 -1.5571e-5 -0.3370302 -0.9414893 7.33691e-6 -0.3370427 -0.9414913 1.41262e-6 -0.3370372 -0.9414915 -3.97364e-7 -0.337037 -0.6657263 0.7071158 -0.2383184 -0.6657326 0.7071093 -0.2383202 -0.7109249 -0.6980819 -0.08524978 -0.7109333 -0.6980704 -0.0852735 -0.8076962 -0.5598109 0.185037 -0.8076933 -0.5598117 0.1850475 -0.8746557 -0.3106698 0.3721044 -0.874657 -0.3106712 0.3720999 -0.8985565 0 0.4388579 -0.8985565 0 0.4388579 -0.8746578 0.3106685 0.3721007 -0.8746556 0.3106723 0.3721028 -0.8076909 0.5598162 0.1850433 -0.8076973 0.5598075 0.1850425 -0.7109403 0.6980649 -0.08525937 -0.7109211 0.6980838 -0.08526587 -0.6657323 -0.7071095 -0.2383205 -0.6657264 -0.7071159 -0.238318 0.08723592 -0.9659224 -0.2436876 0.08723592 -0.9659224 -0.2436876 0.2383192 -0.7071135 -0.6657286 0.2383202 -0.7071151 -0.6657264 0.325556 -0.2588121 -0.9094116 0.3255541 -0.258809 -0.9094132 0.325553 0.258822 -0.9094099 0.3255554 0.2588189 -0.90941 0.2383241 0.7071037 -0.6657372 0.238322 0.7071053 -0.6657363 0.08723592 0.9659225 -0.2436876 0.08723598 0.9659225 -0.2436877 -0.9414914 -1.85362e-6 -0.3370369 -0.9414915 -4.45317e-6 -0.3370367 -0.9414914 1.4829e-6 -0.3370369 -0.9414915 4.45305e-6 -0.3370368 -0.9414913 3.22266e-7 -0.3370374 -0.9414915 -1.19208e-6 -0.337037 -0.9414927 2.35217e-6 -0.3370336 -0.9414849 -1.08747e-5 -0.3370552 -0.9414938 -1.55714e-5 -0.3370303 -0.9414893 7.33712e-6 -0.3370428 -0.9414914 1.41261e-6 -0.3370372 -0.9414915 -3.97373e-7 -0.337037 -0.6657327 0.707109 -0.2383207 -0.6657389 0.7071025 -0.2383225 -0.7109272 -0.6980773 -0.08526903 -0.7109258 -0.6980791 -0.08526521 -0.8076913 -0.5598137 0.1850499 -0.8076935 -0.5598132 0.1850417 -0.8746565 -0.3106707 0.3721016 -0.8746578 -0.3106719 0.3720977 -0.8985565 0 0.4388579 -0.8985565 0 0.4388579 -0.8746588 0.3106679 0.3720989 -0.8746554 0.3106735 0.3721021 -0.8076909 0.5598162 0.1850433 -0.8076924 0.5598143 0.1850432 -0.7109293 0.6980754 -0.08526593 -0.7109277 0.698077 -0.08526647 -0.6657386 -0.7071027 -0.2383229 -0.6657328 -0.7071092 -0.2383203 0.08722978 -0.9659274 -0.2436704 0.08722978 -0.9659274 -0.2436704 0.2383226 -0.7071037 -0.6657378 0.2383236 -0.7071053 -0.6657356 0.3255556 -0.2588171 -0.9094105 0.3255537 -0.2588139 -0.909412 0.3255534 0.2588171 -0.9094112 0.3255559 0.258814 -0.9094112 0.2383233 0.7071062 -0.6657349 0.2383211 0.7071077 -0.6657339 0.08723133 0.9659261 -0.2436747 0.08723133 0.9659261 -0.2436747 -0.9414914 1.85376e-6 -0.3370369 -0.9414939 -1.55712e-5 -0.3370303 -0.9414893 7.33691e-6 -0.3370427 -0.9414849 -1.08751e-5 -0.3370552 -0.9414926 2.35214e-6 -0.3370336 -0.9414915 -4.37885e-6 -0.3370367 -0.9414913 3.22272e-7 -0.3370374 -0.9414915 -1.19209e-6 -0.337037 -0.9414915 -4.53244e-7 -0.337037 -0.9414913 1.41262e-6 -0.3370372 -0.9414915 4.37887e-6 -0.3370367 -0.9414914 -1.85373e-6 -0.337037 -0.3329135 0.1559351 0.9299746 -0.2929391 0.1773498 0.9395391 -0.324158 0.3680503 0.8714704 -0.3107088 0.3870717 0.8681218 -0.2842156 0.5382059 0.7934455 -0.2820932 0.5391958 0.793531 -0.230816 0.7335046 0.6392925 -0.2286031 0.7341825 0.6393096 -0.177998 0.8493944 0.496836 -0.1996229 0.8423914 0.500527 -0.06589138 0.9431341 0.3258163 -0.1141833 0.9408854 0.3188994 -0.3370363 0 0.9414916 -0.3370363 0 0.9414916 -0.3298448 -0.2054744 0.9214026 -0.2009162 -0.1544684 0.9673532 -0.3218562 -0.3680642 0.8723172 -0.2637957 -0.5295085 0.8062459 -0.2822979 -0.538205 0.7941306 -0.2362951 -0.7172101 0.6555718 -0.1110169 -0.9442141 0.3100564 -0.2796241 -0.7324339 0.6207665 -0.1342435 -0.8484808 0.5119171 0.003004372 -0.8697223 0.4935324 -0.3727122 -0.9087902 0.187579 -0.3919045 -0.9194928 0.03072243 -0.9055379 -0.3320305 -0.2641152 -0.243721 -0.9648707 0.09810477 -0.5036577 -0.8637183 -0.01787656 -0.4046305 -0.914048 0.02811151 -0.3942404 -0.9182521 0.03724944 -0.9404472 -0.1613728 -0.2991954 -0.6454287 -0.7582215 -0.09231477 -0.5021446 -0.8645026 -0.02204447 -0.9404693 -0.09753775 -0.3255823 -0.9399388 -0.09768897 -0.3270656 -0.9424578 -0.054129 -0.3299142 -0.9415403 -0.05436056 -0.3324856 -0.9421113 -0.01004976 -0.33515 -0.576071 -0.8159189 -0.0491786 -0.6546531 -0.7500202 -0.09433406 -0.6549685 -0.7498549 -0.09345525 -0.6549342 -0.7498873 -0.09343516 -0.6494132 -0.7526303 -0.1086744 -0.8098066 -0.5510374 -0.2014225 -0.9253062 -0.2350647 -0.2975788 -0.6299394 -0.7687771 -0.1102641 -0.6358413 -0.7660558 -0.0941506 -0.8384683 -0.4983222 -0.2205584 -0.8428671 -0.4961146 -0.2084352 -0.8428609 -0.4961274 -0.2084303 -0.8426959 -0.4962141 -0.2088904 -0.8193764 -0.5411381 -0.1891878 -0.9336678 -0.1753936 -0.3122521 -0.9336862 -0.1835802 -0.3074546 -0.9335741 -0.1836199 -0.3077714 -0.934823 -0.1732809 -0.3099672 -0.9365302 -0.1725119 -0.3052059 -0.9365199 -0.1726093 -0.3051826 -0.9372557 -0.1722312 -0.3031305 -0.9372606 -0.1721815 -0.3031436 -0.9372981 -0.1721616 -0.3030392 -0.9357102 -0.1879473 -0.2985335 -0.05917453 -0.984472 0.165267 -0.9414926 -4.21024e-6 -0.3370335 -0.9414916 -3.80485e-7 -0.3370364 -0.9414913 9.17049e-7 -0.3370373 -0.9414911 8.60701e-7 -0.3370378 -0.9414926 1.25468e-6 -0.3370338 -0.941492 0 -0.3370353 -0.941492 6.30856e-7 -0.3370353 -0.9414924 -1.38747e-6 -0.3370341 -0.9414924 -8.00408e-7 -0.3370342 -0.9414899 5.57317e-6 -0.3370413 -0.9414914 1.3188e-6 -0.3370371 -0.9414926 -4.21026e-6 -0.3370335 -0.941491 0 -0.337038 -0.941491 0 -0.337038 -0.9414908 1.87374e-7 -0.3370388 -0.9414918 -1.28302e-6 -0.3370358 -0.9414921 -1.1916e-6 -0.3370351 -0.9414891 1.44796e-6 -0.3370436 -0.9414914 9.76524e-7 -0.337037 -0.9414915 8.77022e-7 -0.3370369 -0.9414909 2.35547e-6 -0.3370385 -0.9414916 1.52544e-7 -0.3370366 -0.9414913 -1.01376e-6 -0.3370373 -0.9414932 3.52101e-6 -0.3370321 -0.9414903 -6.85495e-6 -0.3370401 -0.9414919 3.81978e-6 -0.3370358 -0.9414914 -6.60413e-7 -0.3370369 -0.9414914 0 -0.337037 -0.9414911 2.41627e-6 -0.3370375 -0.9414911 0 -0.337038 -0.9414926 4.21024e-6 -0.3370335 -0.9414914 -1.31878e-6 -0.3370372 -0.9414922 0 -0.3370347 -0.941492 -1.71124e-6 -0.3370353 -0.941492 -6.25646e-7 -0.3370353 -0.9414925 1.36747e-6 -0.3370341 -0.9414924 8.00413e-7 -0.3370342 -0.9414912 -2.41629e-6 -0.3370376 -0.9414914 0 -0.337037 -0.9414914 6.60408e-7 -0.3370369 -0.9414918 -3.87683e-6 -0.3370358 -0.9414904 6.85492e-6 -0.3370401 -0.9414913 -2.07293e-6 -0.3370374 -0.9414889 -2.70537e-6 -0.337044 -0.9414918 1.2805e-6 -0.3370358 -0.9414921 1.18834e-6 -0.3370351 -0.9414891 -1.44797e-6 -0.3370436 -0.9414913 9.26435e-7 -0.3370376 -0.9414908 1.87225e-6 -0.3370384 -0.9414912 1.40693e-6 -0.3370377 -0.9414921 -8.84617e-7 -0.3370351 -0.9414916 -4.03238e-7 -0.3370365 -0.941491 -1.81179e-6 -0.337038 -0.9414914 1.04596e-6 -0.3370369 -0.9414917 -1.32343e-7 -0.3370363 -0.941492 -8.47272e-7 -0.3370351 -0.9414898 0 -0.3370414 -0.9414907 0 -0.3370388 -0.9414926 1.25989e-6 -0.3370338 -0.9414914 1.31881e-6 -0.3370371 -0.9414926 -4.21024e-6 -0.3370335 -0.941491 0 -0.337038 -0.941491 0 -0.337038 -0.9414927 4.0213e-6 -0.3370331 -0.9414904 -6.85492e-6 -0.3370401 -0.9414919 3.81978e-6 -0.3370358 -0.9414914 -6.60413e-7 -0.3370369 -0.9414914 0 -0.3370369 -0.9414912 2.41625e-6 -0.3370376 -0.9414914 1.15425e-6 -0.3370371 -0.9414921 -1.65421e-7 -0.3370348 -0.9414908 -2.67909e-6 -0.3370386 -0.9414922 0 -0.3370347 -0.9414887 2.28322e-6 -0.3370444 -0.9414916 -3.09859e-7 -0.3370364 -0.9414921 -2.24813e-7 -0.337035 -0.9414913 -1.21299e-6 -0.3370372 -0.9414912 -2.10081e-6 -0.3370376 -0.9414914 -4.09554e-7 -0.337037 -0.9414914 -7.44456e-7 -0.337037 -0.9414917 1.96668e-6 -0.3370364 -0.941491 -9.48948e-7 -0.337038 -0.941491 0 -0.337038 -0.941495 1.0273e-5 -0.337027 -0.9414919 -3.16977e-6 -0.3370357 -0.941491 0 -0.3370382 -0.9414897 -6.69561e-7 -0.3370419 -0.9414928 1.05255e-6 -0.337033 -0.9414885 -1.76316e-6 -0.3370448 -0.9414931 8.20835e-7 -0.3370323 -0.9414919 3.42048e-7 -0.3370358 -0.9414926 -1.24947e-6 -0.3370337 -0.9414913 1.21299e-6 -0.3370372 -0.9414915 -5.96956e-6 -0.3370368 -0.9414914 -6.50234e-6 -0.337037 -0.9414916 -5.77861e-7 -0.3370366 -0.9414919 -3.87679e-6 -0.3370358 -0.9414903 6.85497e-6 -0.3370401 -0.9414927 -4.0213e-6 -0.3370331 -0.941491 0 -0.337038 -0.9414904 1.31906e-6 -0.3370402 -0.9414956 0 -0.3370253 -0.941491 0 -0.3370381 -0.941492 1.7507e-6 -0.3370352 -0.9414912 2.19215e-6 -0.3370376 -0.9414914 4.09554e-7 -0.337037 -0.9414916 2.60559e-6 -0.3370364 -0.9414918 1.51283e-7 -0.3370359 -0.9414914 2.19756e-6 -0.3370372 -0.9414923 1.52556e-6 -0.3370348 -0.9414914 -7.24203e-7 -0.3370369 -0.9414914 -1.15425e-6 -0.3370371 -0.941491 0 -0.337038 -0.941491 0 -0.337038 -0.9414916 0 -0.3370364 -0.9414916 0 -0.3370364 -0.9414922 0 -0.3370348 -0.9414921 0 -0.3370348 -0.941488 0 -0.3370466 -0.941488 0 -0.3370466 -0.9414942 0 -0.3370293 -0.9414908 0 -0.3370388 -0.9414913 -1.31881e-6 -0.3370372 -0.9414914 1.31881e-6 -0.3370372 -0.9414926 -4.21025e-6 -0.3370335 -0.941491 0 -0.337038 -0.941491 0 -0.337038 -0.9414926 4.21024e-6 -0.3370335 -0.9414922 0 -0.3370347 -0.9414908 -2.69023e-6 -0.3370388 -0.9414926 1.25989e-6 -0.3370337 -0.9414902 -6.85493e-6 -0.3370401 -0.9414919 3.81983e-6 -0.3370358 -0.9414914 -6.60413e-7 -0.3370369 -0.9414914 0 -0.337037 -0.9414913 2.4163e-6 -0.3370376 -0.9414912 -2.41629e-6 -0.3370376 -0.9414914 0 -0.3370369 -0.9414914 6.60411e-7 -0.3370369 -0.9414918 -3.87684e-6 -0.3370357 -0.9414903 6.85493e-6 -0.3370401 -0.9414912 -6.70971e-7 -0.3370376 -0.9414913 1.31881e-6 -0.3370372 -0.9414926 -4.21024e-6 -0.3370335 -0.9414909 4.34011e-7 -0.3370385 -0.9414907 0 -0.3370392 -0.9414924 4.5583e-6 -0.3370342 -0.9414926 1.24947e-6 -0.3370338 -0.9414922 4.28562e-7 -0.3370348 -0.9414929 -1.04123e-6 -0.3370329 -0.9414917 3.83759e-6 -0.337036 -0.9414914 0 -0.3370369 -0.9414914 6.60411e-7 -0.3370369 -0.9414914 1.19725e-6 -0.337037 -0.9414905 7.42457e-6 -0.3370395 -0.9414903 -6.85493e-6 -0.3370401 -0.9414918 3.81983e-6 -0.3370357 -0.9414914 -6.60411e-7 -0.3370369 -0.9414914 0 -0.3370369 -0.9414912 2.41629e-6 -0.3370376 -0.9414923 0 -0.3370347 -0.9414907 -2.69023e-6 -0.3370388 -0.9414926 1.25989e-6 -0.3370338 -0.9414913 -1.31881e-6 -0.3370372 -0.9414914 1.3188e-6 -0.3370372 -0.9414927 -4.21024e-6 -0.3370335 -0.9414911 0 -0.337038 -0.941491 0 -0.337038 -0.9414926 4.21024e-6 -0.3370335 -0.9414911 -2.41627e-6 -0.3370375 -0.9414914 0 -0.337037 -0.9414914 6.60413e-7 -0.3370369 -0.9414919 -3.87679e-6 -0.3370358 -0.9414903 6.85495e-6 -0.3370401 -0.9414904 -6.85492e-6 -0.3370401 -0.9414919 3.81978e-6 -0.3370358 -0.9414914 -6.60413e-7 -0.3370369 -0.9414914 0 -0.337037 -0.9414912 2.41625e-6 -0.3370376 -0.9414903 -6.87391e-6 -0.3370401 -0.9414923 0 -0.3370347 -0.9414907 -2.69023e-6 -0.3370388 -0.9414926 1.25989e-6 -0.3370338 -0.9414914 -1.31881e-6 -0.3370371 -0.9414911 0 -0.337038 -0.941491 0 -0.337038 -0.9414926 4.21024e-6 -0.3370335 -0.9414914 0 -0.337037 -0.9414912 2.41625e-6 -0.3370376 -0.9414914 1.31881e-6 -0.3370371 -0.9414912 -2.41625e-6 -0.3370376 -0.9414914 0 -0.337037 -0.9414914 6.60413e-7 -0.3370369 -0.9414919 -3.87679e-6 -0.3370358 -0.9414903 6.85495e-6 -0.3370401 -0.9414919 -3.81978e-6 -0.3370358 -0.9414919 3.16977e-6 -0.3370357 -0.9414933 -3.21102e-6 -0.3370316 -0.9414917 1.19575e-6 -0.3370363 -0.941491 0 -0.337038 -0.9414926 4.21024e-6 -0.3370335 -0.9414914 -1.31881e-6 -0.3370371 -0.9414912 -2.45178e-6 -0.3370376 -0.9414919 3.87679e-6 -0.3370358 -0.9414914 -6.60413e-7 -0.3370369 -0.9414914 6.60413e-7 -0.3370369 -0.9414914 -1.35465e-7 -0.337037 -0.9414925 1.24948e-6 -0.3370338 -0.941492 0 -0.3370353 -0.9414925 -1.24948e-6 -0.3370338 -0.9414903 6.83593e-6 -0.33704 -0.9414904 -6.85492e-6 -0.3370401 -0.9414919 3.81978e-6 -0.3370358 -0.9414916 5.77861e-7 -0.3370366 -0.9414914 6.50234e-6 -0.337037 -0.9414915 5.96956e-6 -0.3370368 -0.9414941 -2.24394e-6 -0.3370296 -0.941491 0 -0.337038 -0.9414908 0 -0.3370388 -0.9414908 1.19717e-6 -0.3370388 -0.9414908 1.19454e-6 -0.3370388 -0.9414908 0 -0.3370388 -0.9414908 0 -0.3370388 -0.9414908 0 -0.3370388 -0.9414908 0 -0.3370388 -0.9414908 4.28567e-7 -0.3370388 -0.9414908 4.25328e-7 -0.3370388 -0.9414908 0 -0.3370388 -0.9414908 0 -0.3370388 -0.9414908 0 -0.3370388 -0.9414908 0 -0.3370388 -0.9414908 0 -0.3370388 -0.9414914 -1.31881e-6 -0.3370371 -0.9414925 1.24948e-6 -0.3370338 -0.941492 0 -0.3370354 -0.9414925 -1.24948e-6 -0.3370338 -0.9414914 1.31881e-6 -0.3370371 -0.9414926 -4.21024e-6 -0.3370335 -0.9414911 0 -0.337038 -0.941491 0 -0.337038 -0.9414926 4.21024e-6 -0.3370335 -0.9414912 -2.41625e-6 -0.3370376 -0.9414914 0 -0.337037 -0.9414914 6.60413e-7 -0.3370369 -0.9414919 -3.87679e-6 -0.3370358 -0.9414902 6.85492e-6 -0.3370401 -0.9414904 -6.85492e-6 -0.3370401 -0.9414919 3.81978e-6 -0.3370358 -0.9414914 -6.60413e-7 -0.3370369 -0.9414914 0 -0.337037 -0.9414912 2.41625e-6 -0.3370376 -0.9414914 -1.3188e-6 -0.3370372 -0.9414923 0 -0.3370347 -0.9414908 -2.69025e-6 -0.3370388 -0.9414926 1.25989e-6 -0.3370338 -0.9414914 1.31881e-6 -0.3370371 -0.9414926 -4.21024e-6 -0.3370335 -0.9414911 0 -0.337038 -0.941491 0 -0.337038 -0.9414926 4.21024e-6 -0.3370335 -0.9414904 -6.85492e-6 -0.3370401 -0.9414919 3.81978e-6 -0.3370358 -0.9414914 -6.60413e-7 -0.3370369 -0.9414914 0 -0.337037 -0.9414912 2.41625e-6 -0.3370376 -0.9414913 -2.4163e-6 -0.3370376 -0.9414914 0 -0.337037 -0.9414914 6.60413e-7 -0.3370369 -0.9414919 -3.87679e-6 -0.3370358 -0.9414904 6.85492e-6 -0.3370401 -0.9414914 -1.31881e-6 -0.3370371 -0.9414923 0 -0.3370347 -0.9414908 -2.69025e-6 -0.3370388 -0.9414926 1.25989e-6 -0.3370338 -0.9414914 1.31881e-6 -0.3370371 -0.9414926 -4.21024e-6 -0.3370335 -0.9414911 0 -0.337038 -0.941491 0 -0.337038 -0.9414926 4.21024e-6 -0.3370335 -0.9414912 -2.41625e-6 -0.3370376 -0.9414914 0 -0.337037 -0.9414914 6.60413e-7 -0.3370369 -0.9414919 -3.87679e-6 -0.3370358 -0.9414904 6.85492e-6 -0.3370401 -0.9414904 -6.85492e-6 -0.3370401 -0.9414919 3.81978e-6 -0.3370358 -0.9414914 -6.60413e-7 -0.3370369 -0.9414914 0 -0.337037 -0.9414912 2.41625e-6 -0.3370376 -0.9414914 -1.31879e-6 -0.3370372 -0.9414926 1.24946e-6 -0.3370338 -0.941492 0 -0.3370353 -0.9414926 -1.24948e-6 -0.3370337 -0.9414914 1.31878e-6 -0.3370372 -0.9414926 -4.21024e-6 -0.3370335 -0.9414911 0 -0.337038 -0.9414911 0 -0.337038 -0.9414927 4.21024e-6 -0.3370335 -0.9414913 -2.4163e-6 -0.3370376 -0.9414914 0 -0.337037 -0.9414914 6.60413e-7 -0.3370369 -0.9414918 -3.87685e-6 -0.3370357 -0.9414902 6.85493e-6 -0.3370401 -0.9414904 -6.85492e-6 -0.3370401 -0.9414918 3.81982e-6 -0.3370357 -0.9414914 -6.60408e-7 -0.3370369 -0.9414914 0 -0.337037 -0.9414912 2.41629e-6 -0.3370376 -0.9414914 -1.31882e-6 -0.3370371 -0.9414923 1.49936e-6 -0.3370345 -0.9414919 4.28563e-7 -0.3370359 -0.9414926 -1.24948e-6 -0.3370338 -0.9414909 4.60419e-6 -0.3370384 -0.9414929 -3.86218e-6 -0.3370328 -0.9414913 4.25153e-7 -0.3370375 -0.941491 0 -0.337038 -0.9414926 4.21025e-6 -0.3370335 -0.9414913 -2.41631e-6 -0.3370375 -0.9414914 0 -0.337037 -0.9414914 6.60417e-7 -0.3370369 -0.9414918 -3.87686e-6 -0.3370358 -0.9414903 6.85494e-6 -0.3370401 -0.9414907 -4.27244e-6 -0.3370391 -0.9414918 3.81982e-6 -0.3370357 -0.9414914 -6.60408e-7 -0.3370369 -0.9414914 0 -0.337037 -0.9414912 2.41629e-6 -0.3370376 -0.9414914 1.31879e-6 -0.3370372 -0.9414927 -4.21031e-6 -0.3370335 -0.9414911 0 -0.3370381 -0.941491 0 -0.337038 -0.9414927 4.21031e-6 -0.3370335 -0.9414914 -1.31879e-6 -0.3370372 -0.9414926 1.24946e-6 -0.3370338 -0.941492 0 -0.3370353 -0.9414926 -1.24948e-6 -0.3370338 -0.9414913 -2.41631e-6 -0.3370375 -0.9414914 0 -0.337037 -0.9414914 6.60417e-7 -0.3370369 -0.9414918 -3.87686e-6 -0.3370358 -0.9414903 6.85494e-6 -0.3370401 -0.9414903 -6.85494e-6 -0.3370401 -0.9414918 3.81985e-6 -0.3370357 -0.9414914 -6.60417e-7 -0.3370369 -0.9414914 0 -0.337037 -0.9414913 2.41631e-6 -0.3370375 -0.9414935 -3.12318e-6 -0.3370314 -0.9414912 2.42757e-7 -0.3370377 -0.9414908 3.51626e-7 -0.3370388 -0.9414908 0 -0.3370388 -0.9414908 0 -0.3370388 -0.9414908 4.28567e-7 -0.3370388 -0.9414908 4.25328e-7 -0.3370388 -0.9414907 0 -0.3370387 -0.9414908 0 -0.3370388 -0.9414908 0 -0.3370388 -0.9414907 0 -0.3370387 -0.9414908 0 -0.3370388 -0.9414908 0 -0.3370388 -0.9414908 0 -0.3370388 -0.9414907 0 -0.3370388 -0.9414908 0 -0.3370388 -0.934996 0.1883366 -0.3005194 -0.9417234 0.01004999 -0.3362382 -0.9387556 0.1216295 -0.3224037 -0.9420872 0.08016926 -0.3256451 -0.9407345 0.08053928 -0.329442 -0.8240421 0.5286318 -0.2037232 -0.8194841 0.5306728 -0.2164075 -0.9326328 0.1909395 -0.3061671 -0.9330833 0.1901278 -0.3052983 -0.9322094 0.1904403 -0.307763 -0.2428881 0.965315 0.09577292 -0.6842517 0.7204995 -0.1126064 -0.5752292 0.8163626 -0.05160856 -0.5125287 0.8584032 -0.02140647 -0.464046 0.8858105 0.001045465 -0.9322736 0.1933335 -0.3057581 -0.9344579 0.1923473 -0.2996512 -0.8350293 0.5100725 -0.2062816 -0.8177709 0.541957 -0.1937355 -0.8605409 0.4572156 -0.224551 -0.8484117 0.4835466 -0.2153607 -0.05917942 0.9844694 0.1652806 0.005882143 -0.9998477 -0.01643139 0.005882024 -0.9998477 -0.01643121 0.005882203 -0.9998477 -0.01643103 0.005882084 -0.9998477 -0.01643168 0.005881428 -0.9998476 -0.01643526 0.005880773 -0.9998477 -0.0164321 0.005882084 -0.9998477 -0.01643139 0.07990443 -0.9714901 -0.2232089 0.07990443 -0.9714902 -0.2232088 0.2127563 -0.7755744 -0.5943224 0.2127568 -0.7755748 -0.5943217 0.3043857 -0.429385 -0.8502811 0.3043869 -0.4293861 -0.8502801 0.07990431 0.9714902 -0.2232086 0.07990473 0.9714902 -0.2232087 0.2127563 0.7755749 -0.5943218 0.2127571 0.7755746 -0.5943219 0.3043861 0.4293856 -0.8502806 0.304387 0.429385 -0.8502805 0.3370388 0 -0.9414907 0.2030257 0.1096845 -0.9730107 0.3349664 -0.1107252 -0.9357016 0.08723205 -0.9659256 -0.2436769 0.08723205 -0.9659256 -0.2436769 0.2383217 -0.7071061 -0.6657355 0.2383233 -0.7071107 -0.6657299 0.3255569 -0.2588257 -0.9094075 0.3255533 -0.258817 -0.9094112 0.3255525 0.2588257 -0.9094091 0.3255577 0.258817 -0.9094097 0.2383248 0.7071061 -0.6657343 0.2383201 0.7071108 -0.6657311 0.08723205 0.9659256 -0.2436769 0.08723205 0.9659256 -0.2436769 0 1 0 0 1 0 0 1 0 0 1 0 -0.07499849 0.9749275 0.2095032 -0.07499849 0.9749275 0.2095032 -0.210139 0.7818323 0.5870093 -0.210139 0.7818323 0.5870093 -0.3036604 0.4338828 0.8482547 -0.303659 0.4338859 0.8482536 -0.3370365 0 0.9414916 -0.3370365 0 0.9414916 -0.3036596 -0.4338828 0.848255 -0.3036599 -0.4338859 0.8482533 -0.2101402 -0.7818295 0.5870125 -0.2101402 -0.7818295 0.5870125 -0.07499665 -0.9749287 0.2094981 -0.07499665 -0.9749287 0.2094981 0 -1 0 0 -1 0 0 -1 0 0 -1 0 0.08723205 -0.9659256 -0.2436769 0.08723205 -0.9659256 -0.2436769 0.2383217 -0.7071061 -0.6657355 0.2383233 -0.7071107 -0.6657299 0.3255569 -0.2588257 -0.9094075 0.3255533 -0.258817 -0.9094112 0.3255524 0.2588269 -0.9094088 0.3255576 0.2588183 -0.9094094 0.2383257 0.7071037 -0.6657366 0.2383209 0.7071083 -0.6657335 0.08723205 0.9659256 -0.2436769 0.08723205 0.9659256 -0.2436769 0 1 0 0 1 0 0 1 0 0 1 0 -0.07499849 0.9749275 0.2095032 -0.07499849 0.9749275 0.2095032 -0.210139 0.7818323 0.5870093 -0.210139 0.7818323 0.5870093 -0.3036604 0.4338828 0.8482547 -0.303659 0.4338859 0.8482536 -0.3370365 0 0.9414916 -0.3370365 0 0.9414916 -0.3036596 -0.4338828 0.848255 -0.3036599 -0.4338859 0.8482533 -0.210139 -0.7818323 0.5870093 -0.210139 -0.7818323 0.5870093 -0.07499849 -0.9749275 0.2095032 -0.07499849 -0.9749275 0.2095032 0 -1 0 0 -1 0 0 -1 0 0 -1 0 0.0872336 -0.9659244 -0.2436813 0.0872336 -0.9659244 -0.2436812 0.2383217 -0.7071061 -0.6657355 0.2383233 -0.7071107 -0.6657299 0.3255569 -0.2588257 -0.9094075 0.3255533 -0.258817 -0.9094112 0.3255525 0.2588257 -0.9094091 0.3255577 0.258817 -0.9094097 0.238324 0.7071086 -0.665732 0.2383192 0.7071132 -0.6657288 0.0872336 0.9659244 -0.2436813 0.0872336 0.9659244 -0.2436813 0 1 0 0 1 0 0 1 0 0 1 0 -0.07499665 0.9749287 0.2094981 -0.07499665 0.9749287 0.2094981 -0.2101402 0.7818295 0.5870125 -0.2101402 0.7818295 0.5870125 -0.3036608 0.4338806 0.8482558 -0.3036594 0.4338837 0.8482546 -0.3370366 0 0.9414916 -0.3370366 0 0.9414916 -0.3036599 -0.4338806 0.8482559 -0.3036603 -0.4338837 0.8482543 -0.2101379 -0.7818351 0.587006 -0.2101379 -0.7818351 0.587006 -0.07500034 -0.9749263 0.2095084 -0.07500034 -0.9749263 0.2095084 0 -1 0 0 -1 0 0 -1 0 0 -1 0 0.08722972 -0.9659274 -0.2436704 0.08722937 -0.9659268 -0.243673 0.2383216 -0.7071037 -0.6657381 0.2383233 -0.7071083 -0.6657326 0.3255566 -0.2588257 -0.9094076 0.325553 -0.258817 -0.9094113 0.3255529 0.2588257 -0.909409 0.325558 0.258817 -0.9094095 0.2383248 0.7071086 -0.6657317 0.2383201 0.7071132 -0.6657285 0.08723551 0.9659237 -0.2436829 0.0872336 0.9659244 -0.2436813 0 1 -2.80586e-7 0 1 2.80586e-7 0 1 2.80586e-7 1.6325e-6 1 5.84407e-7 -0.07499665 0.9749287 0.2094981 -0.07499665 0.9749287 0.2094981 -0.2101402 0.7818295 0.5870125 -0.2101402 0.7818295 0.5870125 -0.3036608 0.4338806 0.8482558 -0.3036594 0.4338837 0.8482546 -0.3370366 0 0.9414916 -0.3370366 0 0.9414916 -0.3036599 -0.4338806 0.8482559 -0.3036603 -0.4338837 0.8482543 -0.2101402 -0.7818295 0.5870125 -0.2101402 -0.7818295 0.5870125 -0.07499665 -0.9749287 0.2094981 -0.07499665 -0.9749287 0.2094981 0 -1 2.80586e-7 -1.6325e-6 -1 -5.84407e-7 0 -1 -2.80586e-7 0 -1 -2.80586e-7 0.08722972 -0.9659274 -0.2436704 0.08722937 -0.9659268 -0.243673 0.2383216 -0.7071037 -0.6657381 0.2383233 -0.7071083 -0.6657326 0.3255566 -0.2588257 -0.9094076 0.325553 -0.258817 -0.9094113 0.3255529 0.2588257 -0.909409 0.325558 0.258817 -0.9094095 0.2383248 0.7071086 -0.6657317 0.2383201 0.7071132 -0.6657285 0.08723551 0.9659237 -0.2436829 0.0872336 0.9659244 -0.2436813 0 1 -2.80586e-7 0 1 2.80586e-7 0 1 2.80586e-7 1.6325e-6 1 5.84407e-7 -0.07499665 0.9749287 0.2094981 -0.07499665 0.9749287 0.2094981 -0.2101402 0.7818295 0.5870125 -0.2101402 0.7818295 0.5870125 -0.3036608 0.4338806 0.8482558 -0.3036594 0.4338837 0.8482546 -0.3370366 0 0.9414916 -0.3370366 0 0.9414916 -0.3036599 -0.4338806 0.8482559 -0.3036603 -0.4338837 0.8482543 -0.2101402 -0.7818295 0.5870125 -0.2101402 -0.7818295 0.5870125 -0.07499665 -0.9749287 0.2094981 -0.07499665 -0.9749287 0.2094981 0 -1 2.80586e-7 -1.6325e-6 -1 -5.84407e-7 0 -1 -2.80586e-7 0 -1 -2.80586e-7 0.08722972 -0.9659274 -0.2436704 0.08722937 -0.9659268 -0.243673 0.2383216 -0.7071037 -0.6657381 0.2383233 -0.7071083 -0.6657326 0.3255566 -0.2588257 -0.9094076 0.325553 -0.258817 -0.9094113 0.3255529 0.2588257 -0.909409 0.325558 0.258817 -0.9094095 0.2383248 0.7071086 -0.6657317 0.2383201 0.7071132 -0.6657285 0.08723551 0.9659237 -0.2436829 0.0872336 0.9659244 -0.2436813 0 1 -2.80586e-7 0 1 2.80586e-7 0 1 2.80586e-7 1.6325e-6 1 5.84404e-7 -0.07499647 0.9749287 0.2094982 -0.07499694 0.9749286 0.2094989 -0.2101402 0.7818295 0.5870125 -0.2101402 0.7818295 0.5870125 -0.3036608 0.4338806 0.8482558 -0.3036581 0.4338868 0.8482535 -0.3370356 0 0.9414919 -0.3370356 0 0.9414919 -0.3036596 -0.4338775 0.8482577 -0.3036603 -0.4338837 0.8482543 -0.2101402 -0.7818295 0.5870125 -0.2101402 -0.7818295 0.5870125 -0.07499665 -0.9749287 0.2094981 -0.07499665 -0.9749287 0.2094981 0 -1 2.80586e-7 -1.6325e-6 -1 -5.84407e-7 0 -1 -2.80586e-7 0 -1 -2.80586e-7 0.0872305 -0.9659268 -0.2436726 0.0872305 -0.9659268 -0.2436726 0.2383225 -0.7071037 -0.6657378 0.2383241 -0.7071083 -0.6657323 0.3255569 -0.2588257 -0.9094075 0.3255533 -0.258817 -0.9094112 0.3255525 0.2588257 -0.9094091 0.3255577 0.258817 -0.9094097 0.2383257 0.7071037 -0.6657366 0.2383209 0.7071083 -0.6657335 0.0872308 0.9659265 -0.2436733 0.08723014 0.9659268 -0.2436728 0 1 1.40293e-7 0 1 -1.40293e-7 3.66585e-7 1 0 -4.33238e-7 1 0 -0.07499635 0.9749287 0.2094982 -0.07499712 0.9749284 0.2094994 -0.2101402 0.7818295 0.5870125 -0.2101402 0.7818295 0.5870125 -0.3036608 0.4338806 0.8482558 -0.3036594 0.4338837 0.8482546 -0.3370366 0 0.9414916 -0.3370366 0 0.9414916 -0.3036599 -0.4338806 0.8482559 -0.3036603 -0.4338837 0.8482543 -0.2101402 -0.7818295 0.5870125 -0.2101402 -0.7818295 0.5870125 -0.07499665 -0.9749287 0.2094981 -0.07499653 -0.974929 0.2094967 0 -1 -1.40293e-7 4.33235e-7 -1 0 0 -1 0 -3.9556e-7 -1 0 0.0872305 -0.9659268 -0.2436726 0.0872305 -0.9659268 -0.2436726 0.2383225 -0.7071037 -0.6657378 0.2383241 -0.7071083 -0.6657323 0.3255569 -0.2588257 -0.9094075 0.3255533 -0.258817 -0.9094112 0.3255525 0.2588257 -0.9094091 0.3255577 0.258817 -0.9094097 0.238324 0.7071086 -0.665732 0.2383192 0.7071132 -0.6657288 0.0872336 0.9659244 -0.2436813 0.0872336 0.9659244 -0.2436813 0 1 1.40293e-7 0 1 -1.40293e-7 3.66585e-7 1 0 -4.33236e-7 1 0 -0.07499635 0.9749287 0.2094982 -0.07499712 0.9749284 0.2094994 -0.2101402 0.7818295 0.5870125 -0.2101402 0.7818295 0.5870125 -0.3036608 0.4338806 0.8482558 -0.3036594 0.4338837 0.8482546 -0.3370366 0 0.9414916 -0.3370366 0 0.9414916 -0.3036599 -0.4338806 0.8482559 -0.3036603 -0.4338837 0.8482543 -0.2101402 -0.7818295 0.5870125 -0.2101402 -0.7818295 0.5870125 -0.07499665 -0.9749287 0.2094981 -0.07499653 -0.974929 0.2094967 0 -1 -1.40293e-7 4.33236e-7 -1 0 0 -1 0 -3.9556e-7 -1 0 0.08723282 -0.965925 -0.2436791 0.08723247 -0.9659244 -0.2436816 0.2383199 -0.7071086 -0.6657335 0.2383216 -0.7071132 -0.665728 0.3255566 -0.2588257 -0.9094076 0.325553 -0.258817 -0.9094113 0.3255529 0.2588257 -0.909409 0.325558 0.258817 -0.9094095 0.2383248 0.7071086 -0.6657317 0.2383201 0.7071132 -0.6657285 0.08723551 0.9659237 -0.2436829 0.0872336 0.9659244 -0.2436813 0 1 -2.80586e-7 0 1 2.80586e-7 0 1 2.80586e-7 1.6325e-6 1 5.84407e-7 -0.07499665 0.9749287 0.2094981 -0.07499665 0.9749287 0.2094981 -0.2101402 0.7818295 0.5870125 -0.2101402 0.7818295 0.5870125 -0.3036608 0.4338806 0.8482558 -0.3036594 0.4338837 0.8482546 -0.3370366 0 0.9414916 -0.3370366 0 0.9414916 -0.3036599 -0.4338806 0.8482559 -0.3036603 -0.4338837 0.8482543 -0.2101402 -0.7818295 0.5870125 -0.2101402 -0.7818295 0.5870125 -0.07499665 -0.9749287 0.2094981 -0.07499665 -0.9749287 0.2094981 0 -1 2.80586e-7 -1.6325e-6 -1 -5.84407e-7 0 -1 -2.80586e-7 0 -1 -2.80586e-7 0.08722972 -0.9659274 -0.2436704 0.08722937 -0.9659268 -0.243673 0.2383216 -0.7071037 -0.6657381 0.2383233 -0.7071083 -0.6657326 0.3255566 -0.2588257 -0.9094076 0.325553 -0.258817 -0.9094113 0.3255529 0.2588257 -0.909409 0.325558 0.258817 -0.9094095 0.2383265 0.7071037 -0.6657363 0.2383218 0.7071083 -0.6657332 0.08723247 0.9659262 -0.2436743 0.0872305 0.9659268 -0.2436726 0 1 -2.80586e-7 0 1 2.80586e-7 0 1 2.80586e-7 1.6325e-6 1 5.84407e-7 -0.07499665 0.9749287 0.2094981 -0.07499665 0.9749287 0.2094981 -0.2101402 0.7818295 0.5870125 -0.2101402 0.7818295 0.5870125 -0.3036608 0.4338806 0.8482558 -0.3036594 0.4338837 0.8482546 -0.3370365 0 0.9414916 -0.3370365 0 0.9414916 -0.3036592 -0.4338851 0.848254 -0.3036596 -0.4338881 0.8482522 -0.2101402 -0.7818295 0.5870125 -0.2101402 -0.7818295 0.5870125 -0.07499665 -0.9749287 0.2094981 -0.07499665 -0.9749287 0.2094981 0 -1 2.80586e-7 -1.6325e-6 -1 -5.84407e-7 0 -1 -2.80586e-7 0 -1 -2.80586e-7 0.08723282 -0.965925 -0.2436791 0.08723247 -0.9659244 -0.2436816 0.2383199 -0.7071086 -0.6657335 0.2383216 -0.7071132 -0.665728 0.3255566 -0.2588257 -0.9094076 0.325553 -0.258817 -0.9094113 0.3255529 0.2588257 -0.909409 0.325558 0.258817 -0.9094095 0.2383265 0.7071037 -0.6657363 0.2383218 0.7071083 -0.6657332 0.08723247 0.9659262 -0.2436743 0.0872305 0.9659268 -0.2436726 0 1 -2.80586e-7 0 1 2.80586e-7 0 1 2.80586e-7 1.6325e-6 1 5.84407e-7 -0.07499665 0.9749287 0.2094981 -0.07499665 0.9749287 0.2094981 -0.2101402 0.7818295 0.5870125 -0.2101402 0.7818295 0.5870125 -0.3036608 0.4338806 0.8482558 -0.3036594 0.4338837 0.8482546 -0.3370366 0 0.9414916 -0.3370366 0 0.9414916 -0.3036599 -0.4338806 0.8482559 -0.3036603 -0.4338837 0.8482543 -0.2101402 -0.7818295 0.5870125 -0.2101402 -0.7818295 0.5870125 -0.07499665 -0.9749287 0.2094981 -0.07499665 -0.9749287 0.2094981 0 -1 2.80586e-7 -1.6325e-6 -1 -5.84407e-7 0 -1 -2.80586e-7 0 -1 -2.80586e-7 0.0872367 -0.9659219 -0.2436898 0.0872367 -0.9659219 -0.2436898 0.2383225 -0.7071037 -0.6657378 0.2383241 -0.7071083 -0.6657323 0.3255565 -0.2588306 -0.9094063 0.3255529 -0.258822 -0.90941 0.3255525 0.2588257 -0.9094091 0.3255577 0.258817 -0.9094097 0.2383257 0.7071037 -0.6657366 0.2383209 0.7071083 -0.6657335 0.0872367 0.9659219 -0.2436898 0.0872367 0.9659219 -0.2436898 0 1 0 0 1 0 0 1 0 0 1 0 -0.07500398 0.9749237 0.2095186 -0.07500398 0.9749237 0.2095186 -0.2101379 0.7818351 0.5870059 -0.2101379 0.7818351 0.587006 -0.3036608 0.4338806 0.8482558 -0.3036594 0.4338837 0.8482546 -0.3370366 0 0.9414916 -0.3370366 0 0.9414916 -0.3036599 -0.4338806 0.8482559 -0.3036603 -0.4338837 0.8482543 -0.2101379 -0.7818351 0.587006 -0.2101379 -0.7818351 0.587006 -0.07500398 -0.9749237 0.2095186 -0.07500398 -0.9749237 0.2095186 0 -1 0 0 -1 0 0 -1 0 0 -1 0 0.0872367 -0.9659219 -0.2436898 0.0872367 -0.9659219 -0.2436898 0.2383225 -0.7071037 -0.6657378 0.2383241 -0.7071083 -0.6657323 0.3255565 -0.2588306 -0.9094063 0.3255529 -0.258822 -0.90941 0.325553 0.2588207 -0.9094103 0.3255581 0.2588121 -0.909411 0.2383224 0.7071135 -0.6657274 0.2383176 0.7071182 -0.6657242 0.0872305 0.9659268 -0.2436726 0.0872305 0.9659268 -0.2436726 0 1 0 0 1 0 0 1 0 0 1 0 -0.07499665 0.9749287 0.2094981 -0.07499665 0.9749287 0.2094981 -0.2101379 0.7818351 0.5870059 -0.2101379 0.7818351 0.587006 -0.3036608 0.4338806 0.8482558 -0.3036594 0.4338837 0.8482546 -0.3370366 0 0.9414916 -0.3370366 0 0.9414916 -0.3036599 -0.4338806 0.8482559 -0.3036603 -0.4338837 0.8482543 -0.2101379 -0.7818351 0.587006 -0.2101379 -0.7818351 0.587006 -0.07500398 -0.9749237 0.2095186 -0.07500398 -0.9749237 0.2095186 0 -1 0 0 -1 0 0 -1 0 0 -1 0 0.0872305 -0.9659268 -0.2436726 0.0872305 -0.9659268 -0.2436726 0.2383192 -0.7071135 -0.6657286 0.2383208 -0.7071181 -0.665723 0.3255569 -0.2588257 -0.9094075 0.3255533 -0.258817 -0.9094112 0.3255525 0.2588257 -0.9094091 0.3255577 0.258817 -0.9094097 0.2383257 0.7071037 -0.6657366 0.2383209 0.7071083 -0.6657335 0.0872305 0.9659268 -0.2436726 0.0872305 0.9659268 -0.2436726 0 1 0 0 1 0 0 1 0 0 1 0 -0.07499665 0.9749287 0.2094981 -0.07499665 0.9749287 0.2094981 -0.2101379 0.7818351 0.5870059 -0.2101379 0.7818351 0.587006 -0.3036608 0.4338806 0.8482558 -0.3036594 0.4338837 0.8482546 -0.3370366 0 0.9414916 -0.3370366 0 0.9414916 -0.3036599 -0.4338806 0.8482559 -0.3036603 -0.4338837 0.8482543 -0.2101379 -0.7818351 0.587006 -0.2101379 -0.7818351 0.587006 -0.07499665 -0.9749287 0.2094981 -0.07499665 -0.9749287 0.2094981 0 -1 0 0 -1 0 0 -1 0 0 -1 0 0.0872367 -0.9659219 -0.2436898 0.0872367 -0.9659219 -0.2436898 0.2383192 -0.7071135 -0.6657286 0.2383208 -0.7071181 -0.665723 0.3255574 -0.2588208 -0.9094087 0.3255538 -0.2588122 -0.9094125 0.3255521 0.2588306 -0.9094079 0.3255572 0.258822 -0.9094084 0.2383257 0.7071037 -0.6657366 0.2383209 0.7071083 -0.6657335 0.0872367 0.9659219 -0.2436898 0.0872367 0.9659219 -0.2436898 0 1 0 0 1 0 0 1 0 0 1 0 -0.07500398 0.9749237 0.2095186 -0.07500398 0.9749237 0.2095186 -0.2101379 0.7818351 0.5870059 -0.2101379 0.7818351 0.587006 -0.3036608 0.4338806 0.8482558 -0.3036594 0.4338837 0.8482546 -0.3370366 0 0.9414916 -0.3370366 0 0.9414916 -0.3036599 -0.4338806 0.8482559 -0.3036603 -0.4338837 0.8482543 -0.2101379 -0.7818351 0.587006 -0.2101379 -0.7818351 0.587006 -0.07500398 -0.9749237 0.2095186 -0.07500398 -0.9749237 0.2095186 0 -1 0 0 -1 0 0 -1 0 0 -1 0 0.0872305 -0.9659268 -0.2436726 0.0872305 -0.9659268 -0.2436726 0.2383225 -0.7071037 -0.6657378 0.2383241 -0.7071083 -0.6657323 0.3255569 -0.2588257 -0.9094075 0.3255533 -0.258817 -0.9094112 0.3255525 0.2588257 -0.9094091 0.3255577 0.258817 -0.9094097 0.2383248 0.7071061 -0.6657343 0.2383201 0.7071108 -0.6657311 0.08723205 0.9659256 -0.2436769 0.08723205 0.9659256 -0.2436769 0 1 0 0 1 0 0 1 0 0 1 0 -0.07499849 0.9749275 0.2095032 -0.07499849 0.9749275 0.2095032 -0.2101379 0.7818351 0.5870059 -0.2101379 0.7818351 0.587006 -0.3036608 0.4338806 0.8482558 -0.3036594 0.4338837 0.8482546 -0.3370365 0 0.9414916 -0.3370365 0 0.9414916 -0.3036596 -0.4338828 0.848255 -0.3036599 -0.4338859 0.8482533 -0.2101402 -0.7818295 0.5870125 -0.2101402 -0.7818295 0.5870125 -0.07499665 -0.9749287 0.2094981 -0.07499665 -0.9749287 0.2094981 0 -1 0 0 -1 0 0 -1 0 0 -1 0 0.1568089 0.8851848 -0.438017 0.1263214 0.9650906 -0.2294408 0.133693 0.9633623 -0.2325066 0.01785182 0.9985963 -0.04986804 0.2384145 0.707099 -0.6657098 0.4128296 0.6172845 -0.6697249 0.2042117 0.7954418 -0.5705873 0.3352614 -0.102549 -0.9365274 0.3363324 0.06445145 -0.9395353 0.398766 0.2580201 -0.8800064 0.3562337 0.2922192 -0.8875278 0.2970107 0.4725984 -0.8297201 0.4726053 -0.3711301 -0.7993164 0.3104512 -0.2587925 -0.9146838 0.2643443 -0.6565566 -0.7064386 0.3085997 -0.7050977 -0.6384382 0.1913982 -0.8230413 -0.5347616 0.1413763 -0.9078143 -0.3948239 0.1535606 -0.9635108 -0.21924 0.05735456 -0.9854142 -0.1602163 0.9414912 -4.70224e-5 0.3370376 0.9414917 -8.49283e-6 0.3370363 0.9414912 4.71478e-5 0.3370376 0.9414911 7.28942e-6 0.3370379 0.9414916 0 0.3370363 0.9414917 0 0.3370363 0.9414911 -7.28942e-6 0.3370379 0.9414917 8.51696e-6 0.3370363 0.9414911 5.93206e-7 0.3370376 0.9414912 -5.93184e-7 0.3370376 0.9414913 0 0.3370373 0.9414912 2.50713e-7 0.3370376 0.9414914 -4.34253e-7 0.337037 0.1568089 0.8851848 -0.438017 0.1263244 0.9650858 -0.2294592 0.1336755 0.9633623 -0.2325165 0.01788407 0.9985912 -0.0499581 0.2384145 0.707099 -0.6657098 0.4128296 0.6172845 -0.6697249 0.2042117 0.7954418 -0.5705873 0.3352645 -0.1025491 -0.9365263 0.3363305 0.06445145 -0.9395359 0.3987599 0.2580251 -0.8800077 0.3562337 0.2922192 -0.8875278 0.2970107 0.4725984 -0.8297201 0.4726157 -0.37113 -0.7993103 0.3104513 -0.2587876 -0.9146851 0.2643411 -0.6565715 -0.7064261 0.3085827 -0.7050988 -0.6384454 0.1914125 -0.8230117 -0.5348018 0.1413763 -0.9078143 -0.3948239 0.1535596 -0.9635064 -0.2192599 0.05736434 -0.9854092 -0.1602436 0.9414912 -4.7143e-5 0.3370376 0.9414917 8.4928e-6 0.3370363 0.9414912 -5.932e-7 0.3370376 0.9414912 4.70176e-5 0.3370376 0.9414917 -8.51693e-6 0.3370363 0.9414911 7.28941e-6 0.3370379 0.9414916 0 0.3370363 0.9414916 -5.93191e-7 0.3370364 0.9414911 2.17125e-7 0.3370378 0.9414913 0 0.3370372 0.9414912 0 0.3370374 0.9414917 0 0.3370363 0.9414911 -7.28941e-6 0.3370379 0.005883097 0.9998477 -0.01643466 0.005882024 0.9998477 -0.01643121 0.005882084 0.9998477 -0.01643121 0.005880713 0.9998477 -0.01643186 0.005881309 0.9998476 -0.01643466 0.005882203 0.9998477 -0.01643121 0.005882024 0.9998477 -0.01643109 0.1568089 0.8851848 -0.438017 0.1263222 0.9650894 -0.2294453 0.1336805 0.9633643 -0.2325057 0.01786798 0.9985937 -0.0499131 0.2384088 0.7071015 -0.6657093 0.4128296 0.6172845 -0.6697249 0.2042117 0.7954418 -0.5705873 0.3352637 -0.1025478 -0.9365267 0.336331 0.06445014 -0.9395358 0.3987623 0.2580201 -0.8800081 0.356227 0.2922211 -0.8875297 0.2970135 0.4725645 -0.8297384 0.4726168 -0.3711326 -0.7993084 0.3104566 -0.2587926 -0.914682 0.2643553 -0.6565689 -0.7064231 0.3085933 -0.7050909 -0.6384489 0.1914007 -0.8230261 -0.534784 0.1413674 -0.9078193 -0.3948156 0.1535496 -0.9635093 -0.2192539 0.05736434 -0.9854092 -0.1602436 0.9414911 -7.28942e-6 0.3370379 0.9414917 8.51694e-6 0.3370363 0.9414912 -4.702e-5 0.3370376 0.9414912 4.70224e-5 0.3370376 0.9414917 -8.51681e-6 0.3370363 0.9414911 7.28942e-6 0.3370379 0.9414916 0 0.3370363 0.9414917 0 0.3370363 0.9414912 0 0.3370374 0.9414914 0 0.3370371 0.9414912 -2.50712e-7 0.3370376 0.9414914 4.34254e-7 0.337037 0.9414913 -5.93194e-7 0.3370376 0.9414912 -4.70224e-5 0.3370376 0.9414916 -8.49275e-6 0.3370363 0.9414911 4.71466e-5 0.3370376 0.9414911 7.28946e-6 0.3370379 0.9414917 0 0.3370363 0.9414917 0 0.3370363 0.9414911 -7.28946e-6 0.3370379 0.9414917 8.51681e-6 0.3370363 0.9414909 0 0.3370385 0.9414913 0 0.3370374 0.9414914 0 0.3370371 0.9414913 -1.25357e-7 0.3370375 0.9414914 0 0.337037 0.1568124 0.8851712 -0.4380433 0.1263222 0.9650894 -0.2294453 0.1336805 0.9633643 -0.2325057 0.01786798 0.9985937 -0.0499131 0.2384088 0.7071015 -0.6657093 0.4128296 0.6172845 -0.6697249 0.2042051 0.7954462 -0.5705836 0.3352637 -0.102549 -0.9365265 0.336331 0.06445145 -0.9395357 0.3987604 0.2580202 -0.8800089 0.3562276 0.2922189 -0.8875302 0.2970135 0.4725645 -0.8297384 0.472613 -0.37113 -0.7993118 0.3104566 -0.2587926 -0.914682 0.2643544 -0.6565726 -0.7064199 0.3085891 -0.7050912 -0.6384507 0.1914125 -0.8230117 -0.5348018 0.1413725 -0.9078197 -0.394813 0.1535552 -0.9635101 -0.2192469 0.05735945 -0.9854118 -0.16023 0.9414911 -4.70212e-5 0.3370376 0.9414916 -8.49275e-6 0.3370363 0.9414911 4.71466e-5 0.3370376 0.9414911 7.28946e-6 0.3370379 0.9414917 0 0.3370363 0.9414917 0 0.3370363 0.9414911 -7.28946e-6 0.3370379 0.9414917 8.51688e-6 0.3370363 0.9414908 0 0.3370385 0.9414913 0 0.3370374 0.9414914 0 0.3370371 0.9414913 -1.25357e-7 0.3370375 0.9414914 0 0.337037 0.1568089 0.8851848 -0.438017 0.1263222 0.9650894 -0.2294453 0.1336805 0.9633643 -0.2325057 0.01786798 0.9985937 -0.0499131 0.2384145 0.707099 -0.6657098 0.4128296 0.6172845 -0.6697249 0.2042117 0.7954418 -0.5705873 0.3352637 -0.1025478 -0.9365267 0.336331 0.06445014 -0.9395358 0.3987626 0.2580214 -0.8800075 0.356229 0.2922212 -0.887529 0.2970167 0.4725648 -0.8297371 0.4726168 -0.3711326 -0.7993084 0.3104566 -0.2587926 -0.914682 0.2643553 -0.6565689 -0.7064231 0.3085933 -0.7050909 -0.6384489 0.1914007 -0.8230261 -0.534784 0.1413674 -0.9078193 -0.3948156 0.1535499 -0.9635104 -0.2192489 0.0573619 -0.9854105 -0.1602368 0.9414912 4.70224e-5 0.3370376 0.9414912 -4.71454e-5 0.3370376 0.9414917 8.49282e-6 0.3370363 0.9414913 -5.93203e-7 0.3370376 0.9414917 -8.51681e-6 0.3370363 0.9414911 7.28942e-6 0.3370379 0.9414916 0 0.3370363 0.9414916 -5.93212e-7 0.3370364 0.9414911 2.17123e-7 0.3370378 0.9414914 0 0.3370372 0.9414912 0 0.3370374 0.9414917 0 0.3370363 0.9414911 -7.28942e-6 0.3370379 0.1568223 0.8851719 -0.4380381 0.1263338 0.9650877 -0.2294459 0.1336768 0.9633662 -0.2324998 0.01786798 0.9985937 -0.0499131 0.2384079 0.707104 -0.6657069 0.412833 0.6172845 -0.6697229 0.2042162 0.7954422 -0.5705851 0.3352637 -0.1025478 -0.9365267 0.336331 0.06445014 -0.9395358 0.3987623 0.2580201 -0.8800081 0.356227 0.2922211 -0.8875297 0.2970135 0.4725645 -0.8297384 0.4726168 -0.3711326 -0.7993084 0.3104566 -0.2587926 -0.914682 0.2643553 -0.6565689 -0.7064231 0.3085933 -0.7050909 -0.6384489 0.1914007 -0.8230261 -0.534784 0.1413674 -0.9078193 -0.3948156 0.1535496 -0.9635093 -0.2192539 0.05736434 -0.9854092 -0.1602436 0.9414912 4.70223e-5 0.3370376 0.9414912 -4.71479e-5 0.3370376 0.9414917 8.49268e-6 0.3370363 0.9414917 -8.5168e-6 0.3370363 0.9414911 7.28942e-6 0.3370379 0.9414916 0 0.3370363 0.9414909 0 0.3370385 0.9414914 0 0.337037 0.9414914 0 0.337037 0.9414913 0 0.3370374 0.9414913 0 0.3370374 0.9414917 0 0.3370363 0.9414911 -7.28942e-6 0.3370379 0.1568258 0.8851584 -0.4380645 0.1263338 0.9650877 -0.2294459 0.1336768 0.9633662 -0.2324998 0.01786798 0.9985937 -0.0499131 0.238403 0.707104 -0.6657087 0.412845 0.6172752 -0.6697241 0.2042074 0.7954515 -0.5705754 0.335263 -0.1025465 -0.9365271 0.3363315 0.06445145 -0.9395356 0.3987623 0.2580201 -0.8800081 0.3562244 0.2922232 -0.8875302 0.2970102 0.4725642 -0.8297397 0.472618 -0.3711352 -0.7993065 0.3104548 -0.2587925 -0.9146826 0.2643516 -0.6565648 -0.7064282 0.3085912 -0.7050886 -0.6384525 0.1913961 -0.8230257 -0.5347864 0.1413623 -0.9078189 -0.3948183 0.153545 -0.9635119 -0.2192459 0.0573619 -0.9854105 -0.1602368 0.9414912 4.70223e-5 0.3370376 0.9414917 -8.5168e-6 0.3370363 0.9414911 7.28942e-6 0.3370379 0.9414911 -7.28942e-6 0.3370379 0.9414917 8.51681e-6 0.3370363 0.9414912 -4.70225e-5 0.3370376 0.9414916 0 0.3370363 0.9414917 0 0.3370363 0.9414913 0 0.3370374 0.9414913 0 0.3370375 0.9414914 0 0.337037 0.9414911 -2.17123e-7 0.3370378 0.9414917 5.9321e-7 0.3370365 0.1568258 0.8851584 -0.4380645 0.1263338 0.9650877 -0.2294459 0.1336768 0.9633662 -0.2324998 0.01786798 0.9985937 -0.0499131 0.238403 0.707104 -0.6657087 0.4128296 0.6172845 -0.6697249 0.2042117 0.7954418 -0.5705873 0.335263 -0.1025465 -0.9365271 0.3363315 0.06445145 -0.9395356 0.3987623 0.2580201 -0.8800081 0.3562296 0.2922191 -0.8875294 0.2970041 0.4725978 -0.8297227 0.472618 -0.3711352 -0.7993065 0.3104548 -0.2587925 -0.9146826 0.2643516 -0.6565648 -0.7064282 0.3085912 -0.7050886 -0.6384525 0.1913961 -0.8230257 -0.5347864 0.1413662 -0.9078136 -0.3948292 0.1535502 -0.9635115 -0.219244 0.05735945 -0.9854118 -0.16023 0.9414912 4.70223e-5 0.3370376 0.9414911 -7.28942e-6 0.3370379 0.9414917 8.51681e-6 0.3370363 0.9414912 -4.70225e-5 0.3370376 0.9414917 -8.5168e-6 0.3370363 0.9414911 7.28942e-6 0.3370379 0.9414916 0 0.3370363 0.9414916 5.9321e-7 0.3370365 0.9414917 0 0.3370363 0.9414913 0 0.3370374 0.9414913 0 0.3370374 0.9414914 0 0.337037 0.9414911 -2.17123e-7 0.3370378 0.1568258 0.8851584 -0.4380645 0.1263338 0.9650877 -0.2294459 0.1336768 0.9633662 -0.2324998 0.01786798 0.9985937 -0.0499131 0.238403 0.707104 -0.6657087 0.412845 0.6172752 -0.6697241 0.2042074 0.7954515 -0.5705754 0.335263 -0.1025465 -0.9365271 0.3363315 0.06445145 -0.9395356 0.3987623 0.2580201 -0.8800081 0.3562244 0.2922232 -0.8875302 0.2970102 0.4725642 -0.8297397 0.472618 -0.3711352 -0.7993065 0.3104548 -0.2587925 -0.9146826 0.2643516 -0.6565648 -0.7064282 0.3085912 -0.7050886 -0.6384525 0.1913961 -0.8230257 -0.5347864 0.1413662 -0.9078136 -0.3948292 0.1535502 -0.9635115 -0.219244 0.05735945 -0.9854118 -0.16023 0.9414911 -7.28942e-6 0.3370379 0.9414917 8.51681e-6 0.3370363 0.9414911 -4.70221e-5 0.3370376 0.9414912 4.70227e-5 0.3370376 0.9414917 -8.51681e-6 0.3370363 0.9414911 7.28942e-6 0.3370379 0.9414916 0 0.3370363 0.9414917 0 0.3370363 0.9414913 0 0.3370374 0.9414914 0 0.3370371 0.9414912 -2.50712e-7 0.3370376 0.9414914 4.34254e-7 0.337037 0.9414912 -5.93184e-7 0.3370376 0.1568159 0.8851575 -0.4380695 0.1263214 0.9650906 -0.2294408 0.1336768 0.9633662 -0.2324998 0.01786798 0.9985937 -0.0499131 0.2384046 0.707099 -0.6657133 0.4128382 0.6172753 -0.6697281 0.2041984 0.7954506 -0.5705798 0.335263 -0.1025465 -0.9365271 0.3363315 0.06445145 -0.9395356 0.3987623 0.2580201 -0.8800081 0.3562244 0.2922232 -0.8875302 0.2970102 0.4725642 -0.8297397 0.472618 -0.3711352 -0.7993065 0.3104548 -0.2587925 -0.9146826 0.2643516 -0.6565648 -0.7064282 0.3085912 -0.7050886 -0.6384525 0.1913961 -0.8230257 -0.5347864 0.1413662 -0.9078136 -0.3948292 0.1535502 -0.9635115 -0.219244 0.05735945 -0.9854118 -0.16023 0.9414911 4.70223e-5 0.3370376 0.9414916 -8.51681e-6 0.3370363 0.9414911 7.28942e-6 0.3370379 0.9414911 -7.28942e-6 0.3370379 0.9414916 8.51681e-6 0.3370363 0.9414912 -4.70226e-5 0.3370377 0.9414916 0 0.3370363 0.9414917 0 0.3370363 0.9414913 0 0.3370374 0.9414913 0 0.3370375 0.9414914 0 0.337037 0.9414911 -2.17123e-7 0.3370378 0.9414917 5.9321e-7 0.3370365 0.1568258 0.8851584 -0.4380645 0.1263338 0.9650877 -0.2294459 0.1336768 0.9633662 -0.2324998 0.01786798 0.9985937 -0.0499131 0.238403 0.707104 -0.6657087 0.4128296 0.6172845 -0.6697249 0.2042117 0.7954418 -0.5705873 0.335263 -0.1025465 -0.9365271 0.3363315 0.06445145 -0.9395356 0.3987623 0.2580201 -0.8800081 0.3562296 0.2922191 -0.8875294 0.2970041 0.4725978 -0.8297227 0.472618 -0.3711352 -0.7993065 0.3104548 -0.2587925 -0.9146826 0.2643516 -0.6565648 -0.7064282 0.3085912 -0.7050886 -0.6384525 0.1913961 -0.8230257 -0.5347864 0.1413662 -0.9078136 -0.3948292 0.1535502 -0.9635115 -0.219244 0.05735945 -0.9854118 -0.16023 0.9414911 4.70224e-5 0.3370376 0.9414912 -5.93203e-7 0.3370376 0.9414912 -4.71478e-5 0.3370376 0.9414917 8.49268e-6 0.3370363 0.9414917 -8.51681e-6 0.3370363 0.9414911 7.28942e-6 0.3370379 0.9414916 0 0.3370363 0.9414916 -5.93213e-7 0.3370364 0.9414911 2.17122e-7 0.3370378 0.9414913 0 0.3370372 0.9414913 0 0.3370374 0.9414917 0 0.3370363 0.9414911 -7.28942e-6 0.3370379 0.1568258 0.8851584 -0.4380645 0.1263338 0.9650878 -0.2294458 0.1336767 0.9633662 -0.2324997 0.01786798 0.9985937 -0.0499131 0.238403 0.7071039 -0.6657087 0.4128296 0.6172845 -0.669725 0.2042117 0.7954418 -0.5705873 0.335263 -0.1025465 -0.9365271 0.3363315 0.06445145 -0.9395356 0.3987623 0.2580201 -0.8800081 0.3562244 0.2922232 -0.8875301 0.2970102 0.4725642 -0.8297397 0.472618 -0.3711352 -0.7993065 0.3104548 -0.2587925 -0.9146826 0.2643516 -0.6565648 -0.7064282 0.3085911 -0.7050887 -0.6384524 0.1913961 -0.8230257 -0.5347864 0.1413662 -0.9078136 -0.3948292 0.1535502 -0.9635115 -0.2192441 0.05735951 -0.9854117 -0.1602302 0.9414911 -7.28942e-6 0.3370379 0.9414916 8.51681e-6 0.3370363 0.9414912 -4.70226e-5 0.3370377 0.9414912 4.70223e-5 0.3370376 0.9414916 -8.51681e-6 0.3370363 0.9414911 7.28942e-6 0.3370379 0.9414916 0 0.3370363 0.9414917 0 0.3370363 0.9414913 0 0.3370374 0.9414914 0 0.3370371 0.9414912 -2.50712e-7 0.3370376 0.9414914 4.34254e-7 0.337037 0.9414913 -5.93203e-7 0.3370376 0.1568258 0.8851584 -0.4380645 0.1263338 0.9650877 -0.2294459 0.1336768 0.9633662 -0.2324998 0.01786798 0.9985937 -0.0499131 0.238403 0.707104 -0.6657087 0.4128296 0.6172845 -0.6697249 0.2042117 0.7954418 -0.5705873 0.335263 -0.1025465 -0.9365271 0.3363315 0.06445145 -0.9395356 0.3987623 0.2580201 -0.8800081 0.3562296 0.2922191 -0.8875294 0.2970041 0.4725978 -0.8297227 0.472618 -0.3711352 -0.7993065 0.3104548 -0.2587925 -0.9146826 0.2643516 -0.6565648 -0.7064282 0.3085912 -0.7050886 -0.6384525 0.1913961 -0.8230257 -0.5347864 0.1413662 -0.9078136 -0.3948292 0.1535502 -0.9635115 -0.219244 0.05735945 -0.9854118 -0.16023 0.9414912 4.70227e-5 0.3370376 0.9414917 -8.51681e-6 0.3370363 0.9414911 7.28942e-6 0.3370379 0.9414911 -7.28942e-6 0.3370379 0.9414917 8.51681e-6 0.3370363 0.9414911 -4.70221e-5 0.3370376 0.9414916 0 0.3370363 0.9414917 0 0.3370363 0.9414913 0 0.3370374 0.9414913 0 0.3370375 0.9414914 0 0.337037 0.9414911 -2.17123e-7 0.3370378 0.9414917 5.9321e-7 0.3370365 0.1568258 0.8851584 -0.4380645 0.1263338 0.9650877 -0.2294459 0.1336768 0.9633662 -0.2324998 0.01786798 0.9985937 -0.0499131 0.2384129 0.707104 -0.6657052 0.4128209 0.6172938 -0.6697217 0.2042117 0.7954418 -0.5705873 0.335263 -0.1025465 -0.9365271 0.3363315 0.06445145 -0.9395356 0.3987623 0.2580201 -0.8800081 0.3562244 0.2922232 -0.8875302 0.2970228 0.4725312 -0.8297541 0.472618 -0.3711352 -0.7993065 0.3104548 -0.2587925 -0.9146826 0.2643516 -0.6565648 -0.7064282 0.3085912 -0.7050886 -0.6384525 0.1913961 -0.8230257 -0.5347864 0.1413662 -0.9078136 -0.3948292 0.1535502 -0.9635115 -0.219244 0.05735945 -0.9854118 -0.16023 0.9414912 -4.70225e-5 0.3370376 0.9414917 -8.49268e-6 0.3370362 0.9414912 4.71477e-5 0.3370376 0.9414911 7.28942e-6 0.3370379 0.9414916 0 0.3370363 0.9414917 0 0.3370363 0.9414911 -7.28942e-6 0.3370379 0.9414917 8.51681e-6 0.3370363 0.9414913 5.93203e-7 0.3370376 0.9414913 -5.93203e-7 0.3370376 0.9414913 0 0.3370373 0.9414912 2.50712e-7 0.3370376 0.9414914 -4.34254e-7 0.337037 0.1568089 0.8851848 -0.438017 0.1263229 0.9650882 -0.22945 0.1336842 0.9633623 -0.2325115 0.01786798 0.9985937 -0.0499131 0.2384129 0.707104 -0.6657052 0.4128363 0.6172845 -0.6697209 0.2042074 0.7954515 -0.5705754 0.335263 -0.1025465 -0.9365271 0.3363315 0.06445145 -0.9395356 0.3987623 0.2580201 -0.8800081 0.3562244 0.2922232 -0.8875302 0.2970228 0.4725312 -0.8297541 0.472618 -0.3711352 -0.7993065 0.3104548 -0.2587925 -0.9146826 0.2643516 -0.6565648 -0.7064282 0.3085954 -0.7050932 -0.6384453 0.1914053 -0.8230265 -0.5347817 0.1413763 -0.9078143 -0.3948239 0.1535601 -0.9635086 -0.21925 0.05735945 -0.9854118 -0.16023 0.9414912 4.70223e-5 0.3370376 0.9414912 -4.71479e-5 0.3370376 0.9414917 8.49268e-6 0.3370363 0.9414912 -5.93184e-7 0.3370376 0.9414917 -8.5168e-6 0.3370363 0.9414911 7.28942e-6 0.3370379 0.9414917 0 0.3370363 0.9414916 -5.93213e-7 0.3370364 0.9414911 2.17122e-7 0.3370378 0.9414913 0 0.3370372 0.9414913 0 0.3370374 0.9414917 0 0.3370363 0.9414911 -7.28951e-6 0.3370379 0.1568159 0.8851575 -0.4380695 0.1263214 0.9650906 -0.2294408 0.1336768 0.9633662 -0.2324998 0.01786798 0.9985937 -0.0499131 0.2384046 0.707099 -0.6657133 0.4128229 0.6172847 -0.669729 0.2042027 0.7954409 -0.5705918 0.335263 -0.1025465 -0.9365271 0.3363315 0.06445145 -0.9395356 0.3987623 0.2580201 -0.8800081 0.3562296 0.2922191 -0.8875294 0.2970041 0.4725978 -0.8297227 0.4726157 -0.37113 -0.7993103 0.3104584 -0.2587926 -0.9146814 0.2643589 -0.6565731 -0.7064179 0.3085912 -0.7050886 -0.6384525 0.1913961 -0.8230257 -0.5347864 0.1413662 -0.9078136 -0.3948292 0.1535502 -0.9635115 -0.219244 0.05735945 -0.9854118 -0.16023 0.9414912 4.70223e-5 0.3370376 0.9414912 -4.71479e-5 0.3370376 0.9414917 8.49268e-6 0.3370363 0.9414912 -5.93184e-7 0.3370376 0.9414917 -8.5168e-6 0.3370363 0.9414911 7.28942e-6 0.3370379 0.9414916 0 0.3370363 0.9414916 -5.9321e-7 0.3370365 0.9414911 2.17123e-7 0.3370378 0.9414913 0 0.3370372 0.9414913 0 0.3370374 0.9414917 0 0.3370363 0.9414911 -7.28942e-6 0.3370379 0.1568159 0.8851575 -0.4380695 0.1263214 0.9650906 -0.2294408 0.1336768 0.9633662 -0.2324998 0.01786798 0.9985937 -0.0499131 0.2384145 0.707099 -0.6657098 0.4128296 0.6172845 -0.6697249 0.2041984 0.7954506 -0.5705798 0.335263 -0.1025465 -0.9365271 0.3363315 0.06445145 -0.9395356 0.3987623 0.2580201 -0.8800081 0.3562244 0.2922232 -0.8875302 0.2970228 0.4725312 -0.8297541 0.472618 -0.3711352 -0.7993065 0.3104548 -0.2587925 -0.9146826 0.2643516 -0.6565648 -0.7064282 0.3085954 -0.7050932 -0.6384453 0.1914053 -0.8230265 -0.5347817 0.1413763 -0.9078143 -0.3948239 0.1535601 -0.9635086 -0.21925 0.05735945 -0.9854118 -0.16023 0.9414912 4.70176e-5 0.3370376 0.9414912 -4.7143e-5 0.3370376 0.9414917 8.4928e-6 0.3370363 0.9414912 -5.932e-7 0.3370376 0.9414917 -8.51693e-6 0.3370363 0.9414911 7.28941e-6 0.3370379 0.9414916 0 0.3370363 0.9414916 -5.9323e-7 0.3370364 0.9414911 2.17123e-7 0.3370378 0.9414913 0 0.3370372 0.9414912 0 0.3370374 0.9414917 0 0.3370363 0.9414911 -7.28941e-6 0.3370379 0.1568089 0.8851848 -0.438017 0.1263244 0.9650858 -0.2294592 0.1336755 0.9633623 -0.2325165 0.01788407 0.9985912 -0.0499581 0.2384145 0.707099 -0.6657098 0.4128296 0.6172845 -0.6697249 0.2042117 0.7954418 -0.5705873 0.3352614 -0.102549 -0.9365274 0.3363324 0.06445145 -0.9395353 0.398766 0.2580201 -0.8800064 0.3562337 0.2922192 -0.8875278 0.2970107 0.4725984 -0.8297201 0.4726053 -0.3711301 -0.7993164 0.3104583 -0.2587975 -0.91468 0.2643589 -0.6565731 -0.7064179 0.3085912 -0.7050886 -0.6384525 0.1914125 -0.8230117 -0.5348018 0.1413763 -0.9078143 -0.3948239 0.1535596 -0.9635064 -0.2192599 0.05736434 -0.9854092 -0.1602436 0.9414912 4.70224e-5 0.3370376 0.9414912 -4.7143e-5 0.3370376 0.9414917 8.4928e-6 0.3370363 0.9414911 -5.93206e-7 0.3370376 0.9414917 -8.51696e-6 0.3370363 0.9414911 7.28942e-6 0.3370379 0.9414916 0 0.3370363 0.9414916 -5.9323e-7 0.3370364 0.9414911 2.1712e-7 0.3370378 0.9414914 0 0.3370372 0.9414913 0 0.3370374 0.9414917 0 0.3370363 0.9414911 -7.28941e-6 0.3370379 0.1568089 0.8851848 -0.438017 0.1263214 0.9650906 -0.2294408 0.133693 0.9633623 -0.2325066 0.01785182 0.9985963 -0.04986804 0.2383914 0.7071088 -0.6657075 0.4128296 0.6172845 -0.6697249 0.2042117 0.7954418 -0.5705873 0.3352614 -0.102549 -0.9365274 0.3363324 0.06445145 -0.9395353 0.3987647 0.2580152 -0.8800085 0.3562256 0.2922189 -0.8875311 0.2969976 0.4725973 -0.8297254 0.4726053 -0.3711301 -0.7993164 0.3104583 -0.2587975 -0.91468 0.2643589 -0.6565731 -0.7064179 0.3085912 -0.7050886 -0.6384525 0.1914125 -0.8230117 -0.5348018 0.1413763 -0.9078143 -0.3948239 0.1535596 -0.9635064 -0.2192599 0.05736434 -0.9854092 -0.1602436 0.9414912 -4.70176e-5 0.3370376 0.9414917 -8.4928e-6 0.3370363 0.9414912 4.7143e-5 0.3370376 0.9414912 0 0.3370374 0.9414911 7.28941e-6 0.3370379 0.9414916 0 0.3370363 0.9414916 0 0.3370363 0.9414911 -7.28941e-6 0.3370379 0.9414917 8.51693e-6 0.3370363 0.9414909 0 0.3370385 0.9414914 0 0.337037 0.9414914 0 0.337037 0.9414913 0 0.3370374 0.1568089 0.8851848 -0.438017 0.1263244 0.9650858 -0.2294592 0.1336755 0.9633623 -0.2325165 0.01788407 0.9985912 -0.0499581 0.2384145 0.707099 -0.6657098 0.4128296 0.6172845 -0.6697249 0.2042117 0.7954418 -0.5705873 0.3352614 -0.102549 -0.9365274 0.3363324 0.06445145 -0.9395353 0.398766 0.2580201 -0.8800064 0.3562337 0.2922192 -0.8875278 0.2970107 0.4725984 -0.8297201 0.4726053 -0.3711301 -0.7993164 0.3104583 -0.2587975 -0.91468 0.2643589 -0.6565731 -0.7064179 0.3085912 -0.7050886 -0.6384525 0.1914125 -0.8230117 -0.5348018 0.1413763 -0.9078143 -0.3948239 0.1535596 -0.9635064 -0.2192599 0.05736434 -0.9854092 -0.1602436 0.9414912 -4.70224e-5 0.3370376 0.9414917 -8.49282e-6 0.3370363 0.9414911 4.71466e-5 0.3370376 0.9414911 7.28942e-6 0.3370379 0.9414917 0 0.3370363 0.9414917 0 0.3370363 0.9414911 -7.28946e-6 0.3370379 0.9414917 8.51681e-6 0.3370363 0.9414909 0 0.3370385 0.9414913 0 0.3370374 0.9414914 0 0.3370371 0.9414913 -1.25357e-7 0.3370375 0.9414914 0 0.337037 0.1568124 0.8851712 -0.4380433 0.1263222 0.9650894 -0.2294453 0.1336805 0.9633643 -0.2325057 0.01786798 0.9985937 -0.0499131 0.2384088 0.7071015 -0.6657093 0.4128296 0.6172845 -0.6697249 0.2042051 0.7954462 -0.5705836 0.335263 -0.1025465 -0.9365271 0.3363315 0.06445145 -0.9395356 0.3987623 0.2580201 -0.8800081 0.356227 0.2922211 -0.8875297 0.2970135 0.4725645 -0.8297384 0.472618 -0.3711352 -0.7993065 0.3104548 -0.2587925 -0.9146826 0.2643516 -0.6565648 -0.7064282 0.3085912 -0.7050886 -0.6384525 0.1913961 -0.8230257 -0.5347864 0.1413623 -0.9078189 -0.3948183 0.153545 -0.9635119 -0.2192459 0.0573619 -0.9854105 -0.1602368 0.4112525 0.170016 -0.8955255 0.3618754 0.5476242 -0.7544229 0.2585107 0.8456556 -0.4669463 0.2040243 0.9403345 -0.272296 0.1877613 0.9416444 -0.2793771 0.4183419 0.8913236 -0.1747351 0.4380814 0.8834984 -0.1658772 0.6879719 0.7255822 -0.01500523 0.6878184 0.7257258 -0.01510107 0.872616 0.4654352 0.1480249 0.8664832 0.4786266 0.1418572 0.9563992 0.1021807 0.2736049 0.9787728 0.1303694 0.1581382 0.985863 0.006549835 0.1674252 0.5092599 0.1708554 -0.8434826 0.7132914 0.1483007 -0.684998 0.630809 0.1615426 -0.7589362 0.8362054 0.1375418 -0.5308887 0.8611513 0.1306211 -0.4912805 0.9687553 0.09905606 -0.2273785 0.9837248 0.08532184 -0.1581314 0.972426 0.02470308 0.2318996 0.9962735 0.0785824 0.03555333 0.9635083 0.05749011 0.2614321 0.9623881 0.2531542 -0.09860062 0.9616222 0.2548575 -0.1016381 0.8287898 0.3902133 -0.4010501 0.8268177 0.3915373 -0.4038206 0.591858 0.4766992 -0.6499707 0.5890616 0.477424 -0.6519761 -0.5878099 0.2891643 -0.7555551 0.3896381 0.3846709 -0.8367858 0.943403 0.1673845 0.2863097 0.945855 0.126885 0.2987617 0.9624735 0.1862525 0.1973695 0.9237075 0.3829463 0.01080948 0.9226264 0.3856039 0.008364975 0.7691262 0.5952916 -0.2325358 0.7669958 0.5971857 -0.2347056 0.5186514 0.7304601 -0.4443296 0.5156031 0.731528 -0.4461169 -0.5539311 0.5127823 -0.6559075 0.3023409 0.7433034 -0.5967327 0.5168598 0 -0.8560701 0.5168598 0 -0.8560701 0.7212669 0 -0.6926572 0.7212669 0 -0.6926572 0.844229 0 -0.5359827 0.844229 0 -0.5359827 0.9735434 0 -0.2285023 0.9735434 0 -0.2285023 0.9858841 0 0.1674288 0.9858841 0 0.1674288 0.9728336 -0.02293848 0.2303663 0.9670223 -0.0635094 0.2466461 0.964657 -0.1753581 0.1966888 0.931839 -0.2907614 0.2171034 0.9411418 -0.1145673 0.3180038 0.9441367 -0.08302956 0.3189231 0.8720614 -0.4651678 0.1520786 0.6011761 -0.7973349 -0.05333191 0.7569357 -0.6519181 0.0452907 0.9017836 -0.3835733 0.1991431 0.6858713 -0.7277001 -0.005762696 0.4152485 -0.8948892 -0.1635297 0.4748 -0.8706676 -0.1284637 0.1850711 -0.9447637 -0.2705002 0.2550193 -0.9373155 -0.2374971 0.3023408 -0.7433028 -0.5967338 0.5083109 -0.1811253 -0.8419107 0.9554133 -0.08908545 0.2815123 0.9206225 -0.3902599 0.01230216 0.9217053 -0.3875904 0.01526373 0.7635546 -0.6041154 -0.2280985 0.7657608 -0.6023122 -0.2254558 0.5115646 -0.7395929 -0.4373831 0.5146211 -0.7387383 -0.4352364 -0.6605039 -0.4316513 -0.6143385 0.2546392 -0.8527056 -0.4561272 0.9811268 -0.1288386 0.14419 0.9606705 -0.2600689 -0.09734636 0.9613407 -0.2587149 -0.09429126 0.8257179 -0.4000333 -0.3976973 0.827495 -0.399094 -0.394938 0.5874441 -0.4882915 -0.6453533 0.59009 -0.4878955 -0.6432355 -0.4614977 -0.3572331 -0.8120372 0.361876 -0.5476233 -0.7544233 0.9851686 -0.03809362 0.1673073 0.968364 -0.1030139 -0.2272867 0.9829614 -0.09638977 -0.1565122 0.8351795 -0.1460267 -0.5302373 0.859978 -0.1432337 -0.4898181 0.7111482 -0.1669173 -0.6829398 0.6295651 -0.1723223 -0.7575968 0.4102994 -0.1899487 -0.8919495 0.3882276 -0.3972436 -0.8315509 0.6477453 0.7069879 0.2838914 0.5448812 0.8002465 0.2504196 0.6349073 0.7070427 0.3114213 0.740906 -0.6679943 0.06958401 0.6040744 -0.7746495 0.1871155 0.6945944 -0.6978374 0.1748185 0.7817208 -0.6222022 -0.04215437 0.7840226 -0.613896 -0.09187006 0.8573703 -0.4918012 -0.1518157 0.8598245 -0.4403095 -0.2585137 0.9162336 -0.2815287 -0.2850573 0.8728483 -0.08928525 -0.479754 0.9315781 -0.198998 -0.3042399 0.91925 0.05239814 -0.3901717 0.9203952 0.04858654 -0.3879587 0.9237792 0.2251963 -0.3097074 0.8477762 0.3966647 -0.3520406 0.899625 0.2992387 -0.3180115 0.8599393 0.4704672 -0.1979016 0.8333723 0.5168678 -0.1958016 0.8038178 0.5924259 -0.05393117 0.7276708 0.6859157 0.003874897 0.7485875 0.6630144 -0.005357384 0.7055882 0.6860101 0.1775822 0.6589853 0.7223222 0.2097355 0.6347921 0.707045 0.3116512 0.6349073 -0.7070427 0.3114213 0.5448812 -0.8002465 0.2504196 0.6477453 -0.7069879 0.2838914 0.5396906 0.6168509 0.5729128 0.5776589 0.7040738 0.4130257 0.5817015 0.6970376 0.4192398 0.4859048 0.5660755 0.6659243 0.4946384 0.5667378 0.6588939 0.4649035 0.421548 0.7785641 0.426405 0.3980031 0.8122637 0.436739 0.32624 0.8383475 0.424229 0.1716961 0.8891289 0.4025074 0.199099 0.893503 0.4108319 -0.295086 0.8626362 0.4346264 -0.2494038 0.8653888 0.3978075 -0.06176769 0.9153873 0.3845387 -0.07838088 0.9197753 0.4158843 0.04031115 0.9085237 0.519064 -0.6600746 0.5430232 0.5183485 -0.5719549 0.6357536 0.4622066 -0.4925623 0.7373924 0.478251 -0.456651 0.7501639 0.4429807 -0.357551 0.8221468 0.5279508 -0.6380145 0.5605404 0.6241248 -0.690156 0.3662692 0.6018128 -0.7014822 0.3817644 0.6477421 0.7069913 0.2838901 0.5448779 0.8002493 0.2504181 0.6349043 0.7070461 0.3114198 0.7409038 -0.667997 0.06958138 0.6040663 -0.7746556 0.1871165 0.6945906 -0.697841 0.1748191 0.7817243 -0.6221964 -0.04217487 0.7840247 -0.6138939 -0.09186726 0.8573684 -0.4918059 -0.1518104 0.8598234 -0.4403122 -0.2585132 0.9162347 -0.2815246 -0.2850578 0.8728498 -0.08928728 -0.4797511 0.9315775 -0.1989962 -0.3042432 0.9192502 0.05239814 -0.3901711 0.9203955 0.04858654 -0.3879581 0.9237803 0.2251942 -0.3097056 0.8477774 0.396664 -0.3520384 0.8996247 0.2992402 -0.3180105 0.8599393 0.4704672 -0.1979016 0.8333723 0.5168678 -0.1958016 0.8038178 0.5924259 -0.05393117 0.7276708 0.6859157 0.003874897 0.7485845 0.6630178 -0.005356013 0.705586 0.6860131 0.1775799 0.6589823 0.7223256 0.2097333 0.6347892 0.7070484 0.3116494 0.6349043 -0.7070461 0.3114198 0.5448779 -0.8002493 0.2504181 0.6477421 -0.7069913 0.2838901 0.5396824 0.6168432 0.5729288 0.577656 0.7040789 0.4130212 0.5816994 0.6970412 0.4192367 0.4859048 0.5660755 0.6659243 0.4946348 0.5667376 0.6588968 0.464901 0.4215493 0.7785648 0.4264068 0.3980067 0.8122611 0.4367425 0.3262273 0.8383506 0.4242311 0.1716957 0.889128 0.4025085 0.1991002 0.8935021 0.4108312 -0.2950846 0.8626371 0.4346261 -0.2494019 0.8653894 0.3978074 -0.06176733 0.9153874 0.3845381 -0.07838094 0.9197754 0.4158846 0.04031115 0.9085236 0.5190677 -0.6600717 0.5430232 0.5183523 -0.5719672 0.6357392 0.4622049 -0.4925658 0.7373911 0.478251 -0.456651 0.7501639 0.4429807 -0.357551 0.8221468 0.5279557 -0.6380078 0.5605433 0.6241346 -0.6901508 0.3662623 0.6018069 -0.701485 0.3817684 0.6477421 0.7069913 0.2838901 0.5448779 0.8002493 0.2504181 0.6349043 0.7070461 0.3114198 0.7409038 -0.667997 0.06958138 0.604071 -0.7746529 0.187113 0.6945937 -0.6978389 0.174816 0.7817189 -0.6222045 -0.04215717 0.7840207 -0.6138982 -0.09187287 0.8573674 -0.4918056 -0.1518167 0.8598221 -0.4403132 -0.2585155 0.9162335 -0.2815271 -0.2850591 0.8728488 -0.08928632 -0.4797531 0.9315777 -0.1989982 -0.3042411 0.9192503 0.05239707 -0.3901711 0.9203952 0.04858654 -0.3879587 0.9237792 0.2251963 -0.3097074 0.8477762 0.3966647 -0.3520406 0.8996258 0.2992366 -0.3180107 0.8599405 0.470466 -0.1978992 0.8333739 0.5168663 -0.1957989 0.803821 0.5924213 -0.05393379 0.7276559 0.6859313 0.003885328 0.7485838 0.6630187 -0.005351901 0.705586 0.6860131 0.1775799 0.6589823 0.7223256 0.2097333 0.6347892 0.7070484 0.3116494 0.6349048 -0.7070457 0.31142 0.5448791 -0.8002483 0.2504186 0.6477427 -0.7069905 0.2838904 0.5396906 0.6168509 0.5729128 0.5776589 0.7040738 0.4130257 0.5816994 0.6970412 0.4192367 0.4859048 0.5660755 0.6659243 0.4946348 0.5667376 0.6588968 0.464901 0.4215493 0.7785648 0.4264068 0.3980067 0.8122611 0.436741 0.3262392 0.8383467 0.4242299 0.1716949 0.8891287 0.4025074 0.199099 0.893503 0.4108331 -0.295084 0.8626364 0.4346264 -0.2494038 0.8653888 0.3978075 -0.06176769 0.9153873 0.3845379 -0.07838189 0.9197755 0.4158843 0.04031032 0.9085237 0.5190677 -0.6600717 0.5430232 0.5183523 -0.5719672 0.6357392 0.4622049 -0.4925658 0.7373911 0.478251 -0.456651 0.7501639 0.4429724 -0.3575294 0.8221607 0.5279515 -0.6380187 0.560535 0.6241246 -0.6901562 0.3662691 0.6018068 -0.7014853 0.3817684 0.6477453 0.7069879 0.2838914 0.5448812 0.8002465 0.2504196 0.6349073 0.7070427 0.3114213 0.740906 -0.6679943 0.06958401 0.604079 -0.7746468 0.187112 0.6945917 -0.6978407 0.1748163 0.7817208 -0.6222022 -0.04215437 0.7840226 -0.613896 -0.09187006 0.8573687 -0.4918042 -0.1518143 0.8598232 -0.4403106 -0.2585161 0.9162335 -0.2815271 -0.2850591 0.8728488 -0.08928632 -0.4797531 0.9315777 -0.1989982 -0.3042411 0.9192503 0.05239707 -0.3901711 0.9203952 0.04858654 -0.3879587 0.9237792 0.2251963 -0.3097074 0.8477762 0.3966647 -0.3520406 0.8996258 0.2992366 -0.3180107 0.8599405 0.470466 -0.1978992 0.8333719 0.5168696 -0.1957988 0.8038193 0.5924233 -0.05393654 0.7276682 0.6859183 0.003872036 0.7485851 0.663017 -0.005360126 0.7055844 0.6860134 0.177585 0.6589853 0.7223222 0.2097355 0.6347921 0.707045 0.3116512 0.6349043 -0.7070461 0.3114198 0.5448779 -0.8002493 0.2504181 0.6477421 -0.7069913 0.2838901 0.5396856 0.6168406 0.5729286 0.5776589 0.7040738 0.4130257 0.5817015 0.6970376 0.4192398 0.4859079 0.5660733 0.6659238 0.4946416 0.5667356 0.6588933 0.4649067 0.42155 0.7785611 0.426405 0.3980031 0.8122637 0.436739 0.32624 0.8383475 0.424229 0.1716961 0.8891289 0.4025059 0.1991007 0.8935031 0.4108331 -0.295084 0.8626364 0.4346264 -0.2494038 0.8653888 0.3978075 -0.06176769 0.9153873 0.3845379 -0.07838189 0.9197755 0.4158841 0.04030942 0.9085239 0.5190637 -0.6600811 0.5430155 0.5183485 -0.5719549 0.6357536 0.4622077 -0.492564 0.7373904 0.4782537 -0.4566496 0.7501631 0.4429828 -0.3575502 0.822146 0.5279542 -0.6380117 0.5605403 0.624128 -0.6901527 0.3662699 0.6018046 -0.7014845 0.3817731 0.6477453 0.7069879 0.2838914 0.5448812 0.8002465 0.2504196 0.6349073 0.7070427 0.3114213 0.740906 -0.6679943 0.06958401 0.6040744 -0.7746495 0.1871155 0.6945944 -0.6978374 0.1748185 0.7817208 -0.6222022 -0.04215437 0.7840226 -0.613896 -0.09187006 0.8573703 -0.4918012 -0.1518157 0.8598247 -0.4403111 -0.2585108 0.9162342 -0.2815283 -0.2850556 0.8728486 -0.08928525 -0.4797536 0.9315782 -0.1989969 -0.3042404 0.91925 0.05239814 -0.3901717 0.9203953 0.04858624 -0.3879585 0.9237795 0.2251976 -0.3097053 0.8477787 0.3966633 -0.3520361 0.8996264 0.2992377 -0.318008 0.8599442 0.470458 -0.197902 0.8333723 0.5168678 -0.1958016 0.8038163 0.5924284 -0.05392575 0.7276881 0.6858974 0.003867447 0.7485845 0.6630178 -0.005356013 0.7055844 0.6860134 0.177585 0.6589853 0.7223222 0.2097355 0.6347921 0.707045 0.3116512 0.6349073 -0.7070427 0.3114213 0.5448812 -0.8002465 0.2504196 0.6477453 -0.7069879 0.2838914 0.5396856 0.6168406 0.5729286 0.5776596 0.7040756 0.4130219 0.5817028 0.6970379 0.4192372 0.4859051 0.5660706 0.6659281 0.4946411 0.5667331 0.6588957 0.4649059 0.4215467 0.7785633 0.4264095 0.3980033 0.8122612 0.4367415 0.3262504 0.8383421 0.4242299 0.1716949 0.8891287 0.4025059 0.1991007 0.8935031 0.4108312 -0.2950846 0.8626371 0.4346273 -0.2493995 0.8653895 0.3978078 -0.06176769 0.9153872 0.3845384 -0.07838183 0.9197753 0.4158841 0.04031032 0.9085239 0.519068 -0.6600651 0.5430309 0.5183523 -0.5719672 0.6357392 0.4622049 -0.4925658 0.7373911 0.4782528 -0.4566469 0.7501652 0.4429911 -0.3575719 0.8221321 0.5279523 -0.6380105 0.5605435 0.6241297 -0.6901534 0.3662657 0.6018128 -0.7014822 0.3817644 0.6477453 0.7069879 0.2838914 0.5448812 0.8002465 0.2504196 0.6349073 0.7070427 0.3114213 0.7409073 -0.667994 0.06957316 0.6040629 -0.7746589 0.1871139 0.6945955 -0.6978371 0.1748157 0.7817189 -0.6222045 -0.04215717 0.7840206 -0.6138991 -0.09186851 0.8573703 -0.4918012 -0.1518157 0.8598247 -0.4403111 -0.2585108 0.9162342 -0.2815283 -0.2850556 0.8728486 -0.08928525 -0.4797536 0.9315782 -0.1989969 -0.3042404 0.91925 0.05239814 -0.3901717 0.9203953 0.04858624 -0.3879585 0.9237798 0.2251945 -0.3097068 0.8477568 0.3966994 -0.3520482 0.8996264 0.2992377 -0.318008 0.8599417 0.4704648 -0.1978967 0.8333754 0.5168648 -0.1957963 0.8038227 0.5924193 -0.05393111 0.7276881 0.6858974 0.003867447 0.7485845 0.6630178 -0.005356013 0.7055844 0.6860134 0.177585 0.6589853 0.7223222 0.2097355 0.6347921 0.707045 0.3116512 0.6349073 -0.7070427 0.3114213 0.5448812 -0.8002465 0.2504196 0.6477453 -0.7069879 0.2838914 0.5396792 0.6168459 0.572929 0.5776524 0.7040823 0.4130204 0.5817 0.6970373 0.4192424 0.4858987 0.566075 0.6659291 0.494642 0.5667381 0.658891 0.4649075 0.4215532 0.7785589 0.4264046 0.3980054 0.8122628 0.4367405 0.326228 0.8383513 0.4242299 0.1716949 0.8891287 0.4025059 0.1991007 0.8935031 0.4108301 -0.2950867 0.8626369 0.4346249 -0.2494043 0.8653893 0.3978071 -0.06176769 0.9153875 0.3845389 -0.07837998 0.9197752 0.4158841 0.04031032 0.9085239 0.5190674 -0.6600782 0.5430156 0.5183515 -0.5719525 0.635753 0.4622081 -0.4925588 0.7373937 0.478251 -0.456651 0.7501639 0.442989 -0.3575728 0.822133 0.5279561 -0.638013 0.5605371 0.624128 -0.6901527 0.3662699 0.6018104 -0.7014817 0.3817692 0.6477444 0.7069887 0.2838912 0.5448812 0.8002465 0.2504196 0.6349067 0.7070436 0.3114209 0.7409073 -0.667994 0.06957316 0.6040629 -0.7746589 0.1871139 0.6945955 -0.6978371 0.1748157 0.7817189 -0.6222045 -0.04215717 0.7840206 -0.6138991 -0.09186851 0.8573703 -0.4918012 -0.1518157 0.8598247 -0.4403111 -0.2585108 0.9162342 -0.2815283 -0.2850556 0.8728486 -0.08928525 -0.4797536 0.9315782 -0.1989969 -0.3042404 0.91925 0.05239814 -0.3901717 0.9203953 0.04858624 -0.3879585 0.9237795 0.2251976 -0.3097053 0.8477787 0.3966633 -0.3520361 0.8996264 0.2992377 -0.318008 0.8599442 0.470458 -0.197902 0.8333723 0.5168678 -0.1958016 0.8038163 0.5924284 -0.05392575 0.7276881 0.6858974 0.003867447 0.7485845 0.6630178 -0.005356013 0.7055844 0.6860134 0.177585 0.6589843 0.722323 0.2097361 0.6347913 0.7070459 0.3116508 0.6349073 -0.7070427 0.3114213 0.5448812 -0.8002465 0.2504196 0.6477453 -0.7069879 0.2838914 0.539702 0.6168558 0.5728968 0.5776655 0.7040654 0.4130309 0.5817024 0.6970388 0.4192364 0.4859051 0.5660706 0.6659281 0.4946411 0.5667331 0.6588957 0.4649059 0.4215467 0.7785633 0.4264095 0.3980033 0.8122612 0.4367415 0.3262504 0.8383421 0.4242299 0.1716949 0.8891287 0.4025059 0.1991007 0.8935031 0.4108301 -0.2950867 0.8626369 0.4346273 -0.2493995 0.8653895 0.3978078 -0.06176769 0.9153872 0.3845384 -0.07838183 0.9197753 0.4158841 0.04031032 0.9085239 0.51906 -0.6600841 0.5430154 0.5183454 -0.5719571 0.635754 0.4622049 -0.4925658 0.7373911 0.478251 -0.456651 0.7501639 0.442989 -0.3575728 0.822133 0.5279523 -0.6380105 0.5605435 0.624128 -0.6901527 0.3662699 0.6018104 -0.7014817 0.3817692 0.6477452 0.7069879 0.2838916 0.5448821 0.8002459 0.25042 0.6349074 0.7070427 0.3114212 0.7409073 -0.667994 0.06957316 0.6040629 -0.7746589 0.1871139 0.6945955 -0.6978371 0.1748157 0.7817189 -0.6222045 -0.04215717 0.7840206 -0.6138991 -0.09186851 0.8573703 -0.4918012 -0.1518157 0.8598247 -0.4403111 -0.2585108 0.9162342 -0.2815283 -0.2850556 0.8728486 -0.08928525 -0.4797536 0.9315782 -0.1989969 -0.3042404 0.91925 0.05239814 -0.3901717 0.9203953 0.04858624 -0.3879585 0.9237795 0.2251976 -0.3097053 0.8477787 0.3966633 -0.3520361 0.8996264 0.2992377 -0.318008 0.8599442 0.470458 -0.197902 0.8333723 0.5168678 -0.1958016 0.8038163 0.5924284 -0.05392575 0.7276881 0.6858974 0.003867447 0.7485845 0.6630178 -0.005356013 0.7055844 0.6860134 0.177585 0.6589853 0.7223222 0.2097355 0.6347921 0.707045 0.3116512 0.6349073 -0.7070427 0.3114214 0.5448803 -0.8002471 0.2504192 0.6477453 -0.7069879 0.2838914 0.5396856 0.6168406 0.5729286 0.5776596 0.7040756 0.4130219 0.5817028 0.6970379 0.4192372 0.4859051 0.5660706 0.6659281 0.4946411 0.5667331 0.6588957 0.4649075 0.4215532 0.7785589 0.4264046 0.3980054 0.8122628 0.4367405 0.326228 0.8383513 0.4242299 0.1716949 0.8891287 0.4025059 0.1991007 0.8935031 0.4108301 -0.2950867 0.8626369 0.4346249 -0.2494043 0.8653893 0.3978071 -0.06176769 0.9153875 0.3845389 -0.07837998 0.9197752 0.4158841 0.04031032 0.9085239 0.5190674 -0.6600782 0.5430156 0.5183515 -0.5719525 0.635753 0.4622081 -0.4925588 0.7373937 0.478251 -0.456651 0.7501639 0.442989 -0.3575728 0.822133 0.5279561 -0.638013 0.5605371 0.624128 -0.6901527 0.3662699 0.6018104 -0.7014817 0.3817692 0.6477454 0.7069876 0.2838915 0.5448812 0.8002465 0.2504196 0.6349073 0.7070427 0.3114213 0.7409073 -0.667994 0.06957316 0.6040629 -0.7746589 0.1871139 0.6945955 -0.6978371 0.1748157 0.7817189 -0.6222045 -0.04215717 0.7840206 -0.6138991 -0.09186851 0.8573703 -0.4918012 -0.1518157 0.8598247 -0.4403111 -0.2585108 0.9162342 -0.2815283 -0.2850556 0.8728486 -0.08928525 -0.4797536 0.9315782 -0.1989969 -0.3042404 0.91925 0.05239814 -0.3901717 0.9203953 0.04858624 -0.3879585 0.9237798 0.2251945 -0.3097068 0.8477568 0.3966994 -0.3520482 0.8996264 0.2992377 -0.318008 0.8599417 0.4704648 -0.1978967 0.8333754 0.5168648 -0.1957963 0.8038227 0.5924193 -0.05393111 0.7276881 0.6858974 0.003867447 0.7485845 0.6630178 -0.005356013 0.7055844 0.6860134 0.177585 0.6589853 0.7223222 0.2097355 0.6347921 0.707045 0.3116512 0.6349074 -0.7070427 0.3114212 0.5448815 -0.8002463 0.2504197 0.6477453 -0.7069879 0.2838914 0.5396856 0.6168406 0.5729286 0.5776596 0.7040756 0.4130219 0.5817031 0.6970378 0.4192374 0.4859051 0.5660706 0.6659281 0.4946411 0.5667331 0.6588957 0.4649075 0.4215532 0.7785589 0.4264046 0.3980054 0.8122628 0.4367405 0.326228 0.8383513 0.4242299 0.1716949 0.8891287 0.4025059 0.1991007 0.8935031 0.4108301 -0.2950867 0.8626369 0.4346273 -0.2493995 0.8653895 0.3978078 -0.06176769 0.9153872 0.3845384 -0.07838183 0.9197753 0.4158841 0.04031032 0.9085239 0.51906 -0.6600841 0.5430154 0.5183454 -0.5719571 0.635754 0.4622049 -0.4925658 0.7373911 0.478251 -0.456651 0.7501639 0.442989 -0.3575728 0.822133 0.5279523 -0.6380105 0.5605435 0.624128 -0.6901527 0.3662699 0.6018104 -0.7014817 0.3817692 0.6477453 0.7069877 0.2838914 0.5448812 0.8002465 0.2504196 0.6349074 0.7070426 0.3114213 0.7409073 -0.667994 0.06957316 0.604063 -0.7746589 0.1871138 0.6945954 -0.6978372 0.1748156 0.7817189 -0.6222045 -0.04215717 0.7840205 -0.6138991 -0.09186834 0.8573703 -0.4918011 -0.1518156 0.8598247 -0.440311 -0.2585108 0.9162342 -0.2815283 -0.2850556 0.8728486 -0.08928525 -0.4797536 0.9315782 -0.1989969 -0.3042404 0.91925 0.05239814 -0.3901717 0.9203954 0.04858624 -0.3879585 0.9237796 0.2251977 -0.3097053 0.8477787 0.3966633 -0.3520361 0.8996264 0.2992377 -0.3180081 0.8599417 0.4704648 -0.1978968 0.8333754 0.5168649 -0.1957963 0.8038226 0.5924193 -0.05393117 0.727688 0.6858974 0.003867328 0.7485845 0.6630178 -0.005356132 0.7055844 0.6860134 0.1775852 0.6589854 0.7223222 0.2097356 0.6347922 0.7070449 0.3116513 0.6349073 -0.7070429 0.3114212 0.5448812 -0.8002466 0.2504196 0.6477451 -0.7069879 0.2838914 0.5396857 0.6168405 0.5729286 0.5776597 0.7040755 0.4130221 0.581703 0.6970378 0.4192373 0.4859053 0.5660706 0.665928 0.4946413 0.5667331 0.6588957 0.4649076 0.4215531 0.7785588 0.4264046 0.3980054 0.8122628 0.4367405 0.326228 0.8383513 0.4242299 0.1716949 0.8891287 0.4025059 0.1991007 0.8935031 0.4108301 -0.2950867 0.8626369 0.4346273 -0.2493995 0.8653895 0.3978078 -0.06176769 0.9153872 0.3845384 -0.07838183 0.9197753 0.4158841 0.04031032 0.9085238 0.5190599 -0.6600841 0.5430154 0.5183454 -0.571957 0.6357542 0.4622049 -0.4925658 0.7373911 0.478251 -0.456651 0.7501639 0.442989 -0.3575728 0.822133 0.5279522 -0.6380106 0.5605435 0.6241279 -0.6901527 0.3662698 0.6018103 -0.7014818 0.381769 0.6477448 0.7069883 0.2838914 0.5448814 0.8002464 0.2504197 0.6349067 0.7070436 0.3114209 0.7409073 -0.667994 0.06957316 0.6040629 -0.7746589 0.1871139 0.6945955 -0.6978371 0.1748157 0.7817189 -0.6222045 -0.04215717 0.7840206 -0.6138991 -0.09186851 0.8573703 -0.4918012 -0.1518157 0.8598247 -0.4403111 -0.2585108 0.9162342 -0.2815283 -0.2850556 0.8728486 -0.08928525 -0.4797536 0.9315782 -0.1989969 -0.3042404 0.91925 0.05239814 -0.3901717 0.9203953 0.04858624 -0.3879585 0.9237798 0.2251945 -0.3097068 0.8477568 0.3966994 -0.3520482 0.8996264 0.2992377 -0.318008 0.8599417 0.4704648 -0.1978967 0.8333754 0.5168648 -0.1957963 0.8038227 0.5924193 -0.05393111 0.7276881 0.6858974 0.003867447 0.7485845 0.6630178 -0.005356013 0.7055844 0.6860134 0.177585 0.6589843 0.722323 0.2097361 0.6347913 0.7070459 0.3116508 0.6349074 -0.7070427 0.3114212 0.5448815 -0.8002463 0.2504197 0.6477453 -0.7069879 0.2838914 0.5396856 0.6168406 0.5729286 0.5776596 0.7040756 0.4130219 0.5817027 0.6970384 0.4192368 0.4859051 0.5660706 0.6659281 0.4946411 0.5667331 0.6588957 0.4649075 0.4215532 0.7785589 0.4264046 0.3980054 0.8122628 0.4367405 0.326228 0.8383513 0.4242299 0.1716949 0.8891287 0.4025059 0.1991007 0.8935031 0.4108301 -0.2950867 0.8626369 0.4346273 -0.2493995 0.8653895 0.3978078 -0.06176769 0.9153872 0.3845384 -0.07838183 0.9197753 0.4158841 0.04031032 0.9085239 0.51906 -0.6600841 0.5430154 0.5183454 -0.5719571 0.635754 0.4622049 -0.4925658 0.7373911 0.478251 -0.456651 0.7501639 0.442989 -0.3575728 0.822133 0.5279523 -0.6380105 0.5605435 0.624128 -0.6901527 0.3662699 0.6018104 -0.7014817 0.3817692 0.6477452 0.7069879 0.2838916 0.5448821 0.8002459 0.25042 0.6349074 0.7070427 0.3114212 0.7409073 -0.667994 0.06957316 0.6040629 -0.7746589 0.1871139 0.6945955 -0.6978371 0.1748157 0.7817189 -0.6222045 -0.04215717 0.7840206 -0.6138991 -0.09186851 0.8573703 -0.4918012 -0.1518157 0.8598247 -0.4403111 -0.2585108 0.9162342 -0.2815283 -0.2850556 0.8728486 -0.08928525 -0.4797536 0.9315782 -0.1989969 -0.3042404 0.91925 0.05239814 -0.3901717 0.9203953 0.04858624 -0.3879585 0.9237795 0.2251976 -0.3097053 0.8477981 0.3966287 -0.3520286 0.899625 0.2992387 -0.3180115 0.8599368 0.470474 -0.1978964 0.8333754 0.5168648 -0.1957963 0.8038227 0.5924193 -0.05393111 0.7276881 0.6858974 0.003867447 0.7485845 0.6630178 -0.005356013 0.7055844 0.6860134 0.177585 0.6589853 0.7223222 0.2097355 0.6347921 0.707045 0.3116512 0.6349073 -0.7070427 0.3114214 0.5448803 -0.8002471 0.2504192 0.6477453 -0.7069879 0.2838914 0.5396856 0.6168406 0.5729286 0.5776596 0.7040756 0.4130219 0.5817028 0.6970379 0.4192372 0.4859051 0.5660706 0.6659281 0.4946411 0.5667331 0.6588957 0.4649075 0.4215532 0.7785589 0.4264046 0.3980054 0.8122628 0.4367405 0.326228 0.8383513 0.4242299 0.1716949 0.8891287 0.4025059 0.1991007 0.8935031 0.4108301 -0.2950867 0.8626369 0.4346273 -0.2493995 0.8653895 0.3978078 -0.06176769 0.9153872 0.3845384 -0.07838183 0.9197753 0.4158841 0.04031032 0.9085239 0.51906 -0.6600841 0.5430154 0.5183454 -0.5719571 0.635754 0.4622049 -0.4925658 0.7373911 0.478251 -0.456651 0.7501639 0.442989 -0.3575728 0.822133 0.5279523 -0.6380105 0.5605435 0.624128 -0.6901527 0.3662699 0.6018104 -0.7014817 0.3817692 0.6477453 0.7069879 0.2838914 0.5448812 0.8002465 0.2504196 0.6349073 0.7070427 0.3114213 0.7409073 -0.667994 0.06957316 0.6040629 -0.7746589 0.1871139 0.6945955 -0.6978371 0.1748157 0.7817189 -0.6222045 -0.04215717 0.7840206 -0.6138991 -0.09186851 0.8573703 -0.4918012 -0.1518157 0.8598247 -0.4403111 -0.2585108 0.9162342 -0.2815283 -0.2850556 0.8728486 -0.08928525 -0.4797536 0.9315782 -0.1989969 -0.3042404 0.91925 0.05239814 -0.3901717 0.9203952 0.04858684 -0.3879589 0.9237785 0.2251982 -0.3097078 0.8477955 0.3966302 -0.352033 0.8996252 0.2992356 -0.3180134 0.8599393 0.4704672 -0.1979016 0.8333723 0.5168678 -0.1958016 0.8038163 0.5924284 -0.05392575 0.7276583 0.6859288 0.003888249 0.7485891 0.6630126 -0.00535047 0.7055922 0.6860068 0.1775794 0.6589853 0.7223222 0.2097355 0.6347921 0.707045 0.3116512 0.6349073 -0.7070427 0.3114213 0.5448812 -0.8002465 0.2504196 0.6477453 -0.7069879 0.2838914 0.539702 0.6168558 0.5728968 0.5776655 0.7040654 0.4130309 0.5817028 0.6970379 0.4192372 0.4859051 0.5660706 0.6659281 0.4946411 0.5667331 0.6588957 0.4649075 0.4215532 0.7785589 0.4264046 0.3980054 0.8122628 0.4367405 0.326228 0.8383513 0.4242299 0.1716949 0.8891287 0.4025059 0.1991007 0.8935031 0.4108301 -0.2950867 0.8626369 0.4346249 -0.2494043 0.8653893 0.3978071 -0.06176769 0.9153875 0.3845389 -0.07837998 0.9197752 0.4158841 0.04031032 0.9085239 0.51906 -0.6600841 0.5430154 0.5183454 -0.5719571 0.635754 0.4622049 -0.4925658 0.7373911 0.478251 -0.456651 0.7501639 0.442989 -0.3575728 0.822133 0.5279523 -0.6380105 0.5605435 0.624128 -0.6901527 0.3662699 0.6018104 -0.7014817 0.3817692 0.6477453 0.7069879 0.2838914 0.5448812 0.8002465 0.2504196 0.6349073 0.7070427 0.3114213 0.7409073 -0.667994 0.06957316 0.6040629 -0.7746589 0.1871139 0.6945955 -0.6978371 0.1748157 0.7817189 -0.6222045 -0.04215717 0.7840206 -0.6138991 -0.09186851 0.8573671 -0.4918073 -0.1518129 0.8598221 -0.4403132 -0.2585155 0.916234 -0.281525 -0.2850593 0.8728486 -0.08928525 -0.4797536 0.9315782 -0.1989969 -0.3042404 0.91925 0.05239814 -0.3901717 0.9203953 0.04858624 -0.3879585 0.9237798 0.2251945 -0.3097068 0.8477568 0.3966994 -0.3520482 0.8996264 0.2992377 -0.318008 0.8599417 0.4704648 -0.1978967 0.8333754 0.5168648 -0.1957963 0.8038227 0.5924193 -0.05393111 0.7276881 0.6858974 0.003867447 0.7485845 0.6630178 -0.005356013 0.7055844 0.6860134 0.177585 0.6589853 0.7223222 0.2097355 0.6347921 0.707045 0.3116512 0.6349073 -0.7070427 0.3114213 0.5448812 -0.8002465 0.2504196 0.6477453 -0.7069879 0.2838914 0.5396856 0.6168406 0.5729286 0.5776596 0.7040756 0.4130219 0.5817028 0.6970379 0.4192372 0.4859051 0.5660706 0.6659281 0.4946411 0.5667331 0.6588957 0.4649075 0.4215532 0.7785589 0.4264046 0.3980054 0.8122628 0.4367405 0.326228 0.8383513 0.4242299 0.1716949 0.8891287 0.4025059 0.1991007 0.8935031 0.4108301 -0.2950867 0.8626369 0.4346273 -0.2493995 0.8653895 0.3978078 -0.06176769 0.9153872 0.3845384 -0.07838183 0.9197753 0.4158841 0.04031032 0.9085239 0.51906 -0.6600841 0.5430154 0.5183454 -0.5719571 0.635754 0.4622049 -0.4925658 0.7373911 0.478251 -0.456651 0.7501639 0.442989 -0.3575728 0.822133 0.5279523 -0.6380105 0.5605435 0.624128 -0.6901527 0.3662699 0.6018104 -0.7014817 0.3817692 0.6477453 0.7069879 0.2838914 0.5448812 0.8002465 0.2504196 0.6349073 0.7070427 0.3114213 0.7409073 -0.667994 0.06957316 0.6040629 -0.7746589 0.1871139 0.6945955 -0.6978371 0.1748157 0.7817189 -0.6222045 -0.04215717 0.7840206 -0.6138991 -0.09186851 0.8573703 -0.4918012 -0.1518157 0.8598247 -0.4403111 -0.2585108 0.9162342 -0.2815283 -0.2850556 0.8728486 -0.08928525 -0.4797536 0.9315782 -0.1989969 -0.3042404 0.91925 0.05239814 -0.3901717 0.9203952 0.04858684 -0.3879589 0.9237785 0.2251982 -0.3097078 0.8477955 0.3966302 -0.352033 0.8996252 0.2992356 -0.3180134 0.8599393 0.4704672 -0.1979016 0.8333684 0.5168742 -0.1958012 0.8038129 0.5924324 -0.05393117 0.7276832 0.6859025 0.003861606 0.7485858 0.6630163 -0.005364298 0.7055844 0.6860134 0.177585 0.6589853 0.7223222 0.2097355 0.6347921 0.707045 0.3116512 0.6349073 -0.7070427 0.3114213 0.5448812 -0.8002465 0.2504196 0.6477453 -0.7069879 0.2838914 0.5396792 0.6168459 0.572929 0.5776524 0.7040823 0.4130204 0.5817 0.6970373 0.4192424 0.4858987 0.566075 0.6659291 0.494642 0.5667381 0.658891 0.4649075 0.4215532 0.7785589 0.4264046 0.3980054 0.8122628 0.4367405 0.326228 0.8383513 0.4242299 0.1716949 0.8891287 0.4025059 0.1991007 0.8935031 0.4108301 -0.2950867 0.8626369 0.4346249 -0.2494043 0.8653893 0.3978071 -0.06176769 0.9153875 0.3845389 -0.07837998 0.9197752 0.4158841 0.04031032 0.9085239 0.5190674 -0.6600782 0.5430156 0.5183515 -0.5719525 0.635753 0.4622081 -0.4925588 0.7373937 0.478251 -0.456651 0.7501639 0.442989 -0.3575728 0.822133 0.5279561 -0.638013 0.5605371 0.624128 -0.6901527 0.3662699 0.6018104 -0.7014817 0.3817692 0.647739 0.7069947 0.2838888 0.5448746 0.800252 0.2504166 0.6349013 0.7070495 0.3114183 0.7409116 -0.6679887 0.06957846 0.604079 -0.7746468 0.187112 0.694588 -0.6978443 0.1748169 0.7817282 -0.6221919 -0.04216915 0.7840288 -0.6138888 -0.09186601 0.8573696 -0.4918045 -0.1518079 0.8598247 -0.4403111 -0.2585108 0.9162352 -0.2815241 -0.2850562 0.8728501 -0.08928728 -0.4797505 0.9315782 -0.1989969 -0.3042404 0.91925 0.05239814 -0.3901717 0.9203952 0.04858684 -0.3879589 0.9237788 0.225195 -0.3097094 0.8477543 0.3967007 -0.3520526 0.899625 0.2992387 -0.3180115 0.8599393 0.4704672 -0.1979016 0.8333762 0.5168615 -0.1958019 0.8038227 0.5924193 -0.05393111 0.7276583 0.6859288 0.003888249 0.7485831 0.6630194 -0.005347728 0.7055875 0.6860128 0.1775748 0.6589872 0.7223232 0.209726 0.6348013 0.7070515 0.3116177 0.6349013 -0.7070495 0.3114183 0.5448746 -0.800252 0.2504166 0.647739 -0.7069947 0.2838888 0.5396792 0.6168459 0.572929 0.5776511 0.7040788 0.4130281 0.5816931 0.6970437 0.4192413 0.4858987 0.566075 0.6659291 0.494642 0.5667381 0.658891 0.4649059 0.4215467 0.7785633 0.4264053 0.3980007 0.8122647 0.4367405 0.326228 0.8383513 0.4242301 0.1716969 0.8891282 0.4025056 0.1991038 0.8935027 0.4108316 -0.2950896 0.8626352 0.4346303 -0.2493986 0.8653882 0.3978085 -0.06176686 0.9153869 0.3845368 -0.0783838 0.9197757 0.4158841 0.04030853 0.9085238 0.5190753 -0.6600593 0.543031 0.5183593 -0.5719773 0.6357245 0.4622023 -0.4925621 0.7373951 0.4782494 -0.4566459 0.7501682 0.442989 -0.3575728 0.822133 0.5279561 -0.638013 0.5605371 0.624128 -0.6901527 0.3662699 0.6017988 -0.7014873 0.381777 0.6477539 0.7069784 0.2838953 0.54489 0.8002392 0.2504236 0.6349161 0.7070331 0.3114256 0.7409116 -0.6679887 0.06957846 0.604079 -0.7746468 0.187112 0.694588 -0.6978443 0.1748169 0.7817282 -0.6221919 -0.04216915 0.7840288 -0.6138888 -0.09186601 0.8573696 -0.4918045 -0.1518079 0.8598247 -0.4403111 -0.2585108 0.9162352 -0.2815241 -0.2850562 0.8728501 -0.08928728 -0.4797505 0.9315782 -0.1989969 -0.3042404 0.91925 0.05239814 -0.3901717 0.9203952 0.04858684 -0.3879589 0.9237788 0.225195 -0.3097094 0.8477543 0.3967007 -0.3520526 0.899625 0.2992387 -0.3180115 0.8599393 0.4704672 -0.1979016 0.8333762 0.5168615 -0.1958019 0.8038227 0.5924193 -0.05393111 0.7276583 0.6859288 0.003888249 0.748583 0.6630195 -0.005347728 0.7055887 0.6860112 0.177576 0.658989 0.7223213 0.2097272 0.6347853 0.7070356 0.3116863 0.6349013 -0.7070495 0.3114183 0.5448746 -0.800252 0.2504166 0.647739 -0.7069947 0.2838888 0.5396851 0.616841 0.5729286 0.5776579 0.7040818 0.4130136 0.5817112 0.697027 0.4192441 0.4859063 0.5660699 0.665928 0.4946411 0.5667324 0.6588966 0.4649059 0.4215467 0.7785633 0.4264053 0.3980007 0.8122647 0.4367405 0.326228 0.8383513 0.4242301 0.1716969 0.8891282 0.4025056 0.1991038 0.8935027 0.4108316 -0.2950896 0.8626352 0.4346303 -0.2493986 0.8653882 0.3978085 -0.06176686 0.9153869 0.3845368 -0.0783838 0.9197757 0.4158841 0.04030853 0.9085238 0.5190753 -0.6600593 0.543031 0.5183593 -0.5719773 0.6357245 0.4622023 -0.4925621 0.7373951 0.4782494 -0.4566459 0.7501682 0.442989 -0.3575728 0.822133 0.5279561 -0.638013 0.5605371 0.624128 -0.6901527 0.3662699 0.6017988 -0.7014873 0.381777 0.6477514 0.7069812 0.2838942 0.5448879 0.800241 0.2504227 0.6349134 0.707036 0.3114243 0.7409116 -0.6679887 0.06957846 0.6040604 -0.7746579 0.1871261 0.6945987 -0.6978313 0.1748259 0.7817173 -0.622208 -0.04213386 0.7840209 -0.6138975 -0.09187728 0.8573708 -0.4917976 -0.1518235 0.8598247 -0.4403111 -0.2585108 0.9162352 -0.2815241 -0.2850562 0.8728501 -0.08928728 -0.4797505 0.9315782 -0.1989969 -0.3042404 0.91925 0.05239814 -0.3901717 0.9203952 0.04858684 -0.3879589 0.9237788 0.225195 -0.3097094 0.8477543 0.3967007 -0.3520526 0.899625 0.2992387 -0.3180115 0.8599393 0.4704672 -0.1979016 0.8333762 0.5168615 -0.1958019 0.8038227 0.5924193 -0.05393111 0.7276583 0.6859288 0.003888249 0.7485831 0.6630194 -0.005347728 0.7055875 0.6860128 0.1775748 0.6589872 0.7223232 0.209726 0.6347827 0.7070385 0.3116847 0.6349134 -0.707036 0.3114243 0.5448879 -0.800241 0.2504227 0.6477514 -0.7069812 0.2838942 0.4746434 0.4624422 0.7489064 0.581707 0.6970308 0.4192435 0.494642 0.5667381 0.658891 0.5151531 0.5680255 0.6418444 0.5776537 0.7040857 0.4130128 0.417952 0.3832046 0.8236931 0.4385809 0.392618 0.8083921 0.430138 0.22895 0.8732486 0.3895917 0.178376 0.9035487 0.4106742 0.1181533 0.9040943 0.4188506 -0.06033313 0.9060487 0.3916816 -0.0363903 0.9193809 0.4362639 -0.2601495 0.8613919 0.4174064 -0.2929609 0.860201 0.4581777 -0.3985083 0.7945215 0.4565764 -0.5045604 0.7327734 0.4622023 -0.4925621 0.7373951 0.5274838 -0.5852238 0.6158523 0.5166095 -0.6469556 0.5608592 0.5508446 -0.6519018 0.521147 0.624128 -0.6901527 0.3662699 0.6018219 -0.701476 0.3817613 0.647739 0.7069947 0.2838888 0.5448746 0.800252 0.2504166 0.6349013 0.7070495 0.3114183 0.7409116 -0.6679887 0.06957846 0.604079 -0.7746468 0.187112 0.694588 -0.6978443 0.1748169 0.7817282 -0.6221919 -0.04216915 0.7840288 -0.6138888 -0.09186601 0.8573696 -0.4918045 -0.1518079 0.8598247 -0.4403111 -0.2585108 0.9162352 -0.2815241 -0.2850562 0.8728501 -0.08928728 -0.4797505 0.9315782 -0.1989969 -0.3042404 0.91925 0.05239814 -0.3901717 0.9203952 0.04858684 -0.3879589 0.9237788 0.225195 -0.3097094 0.8477543 0.3967007 -0.3520526 0.899625 0.2992387 -0.3180115 0.8599393 0.4704672 -0.1979016 0.8333762 0.5168615 -0.1958019 0.8038227 0.5924193 -0.05393111 0.7276583 0.6859288 0.003888249 0.7485831 0.6630194 -0.005347728 0.7055875 0.6860128 0.1775748 0.6589872 0.7223232 0.209726 0.6348013 0.7070515 0.3116177 0.6349013 -0.7070495 0.3114183 0.5448746 -0.800252 0.2504166 0.647739 -0.7069947 0.2838888 0.4746434 0.4624422 0.7489064 0.5816931 0.6970437 0.4192412 0.494642 0.5667381 0.658891 0.5151531 0.5680255 0.6418444 0.5776511 0.7040788 0.4130281 0.417952 0.3832046 0.8236931 0.4385906 0.3926224 0.8083848 0.4301436 0.2289485 0.8732463 0.3895934 0.1783714 0.9035489 0.4106742 0.1181533 0.9040943 0.4188506 -0.06033164 0.9060488 0.3916825 -0.03639024 0.9193805 0.4362701 -0.2601476 0.8613893 0.4174088 -0.2929669 0.8601978 0.4581777 -0.3985083 0.7945215 0.4565764 -0.5045604 0.7327734 0.4622023 -0.4925621 0.7373951 0.5274838 -0.5852238 0.6158523 0.5166095 -0.6469556 0.5608592 0.5508446 -0.6519018 0.521147 0.624128 -0.6901527 0.3662699 0.6017988 -0.7014873 0.381777 0.647739 0.7069947 0.2838888 0.5448746 0.800252 0.2504166 0.6349013 0.7070495 0.3114183 0.7409116 -0.6679887 0.06957846 0.604079 -0.7746468 0.187112 0.694588 -0.6978443 0.1748169 0.7817282 -0.6221919 -0.04216915 0.7840288 -0.6138888 -0.09186601 0.8573696 -0.4918045 -0.1518079 0.8598247 -0.4403111 -0.2585108 0.9162352 -0.2815241 -0.2850562 0.8728501 -0.08928728 -0.4797505 0.9315782 -0.1989969 -0.3042404 0.91925 0.05239814 -0.3901717 0.9203952 0.04858684 -0.3879589 0.9237788 0.225195 -0.3097094 0.8477543 0.3967007 -0.3520526 0.899625 0.2992387 -0.3180115 0.8599393 0.4704672 -0.1979016 0.8333762 0.5168615 -0.1958019 0.8038227 0.5924193 -0.05393111 0.7276583 0.6859288 0.003888249 0.7485831 0.6630194 -0.005347728 0.7055875 0.6860128 0.1775748 0.6589872 0.7223232 0.209726 0.6348013 0.7070515 0.3116177 0.6349013 -0.7070495 0.3114183 0.5448746 -0.800252 0.2504166 0.647739 -0.7069947 0.2838888 0.5396792 0.6168459 0.572929 0.5776511 0.7040788 0.4130281 0.5816931 0.6970437 0.4192413 0.4858987 0.566075 0.6659291 0.494642 0.5667381 0.658891 0.4649059 0.4215467 0.7785633 0.4264053 0.3980007 0.8122647 0.4367346 0.3262757 0.8383358 0.4242259 0.1716977 0.8891301 0.4025063 0.1990977 0.8935036 0.4108316 -0.2950896 0.8626352 0.4346303 -0.2493986 0.8653882 0.3978085 -0.06176686 0.9153869 0.3845368 -0.0783838 0.9197757 0.4158841 0.04030853 0.9085238 0.5190753 -0.6600593 0.543031 0.5183593 -0.5719773 0.6357245 0.4622023 -0.4925621 0.7373951 0.4782494 -0.4566459 0.7501682 0.442989 -0.3575728 0.822133 0.5279561 -0.638013 0.5605371 0.624128 -0.6901527 0.3662699 0.6017988 -0.7014873 0.381777 0.6477421 0.7069913 0.2838901 0.5448779 0.8002493 0.2504181 0.6349043 0.7070461 0.3114198 0.740906 -0.6679943 0.06958401 0.604079 -0.7746468 0.187112 0.6945917 -0.6978407 0.1748163 0.7817208 -0.6222022 -0.04215437 0.7840226 -0.613896 -0.09187006 0.8573687 -0.4918042 -0.1518143 0.8598232 -0.4403106 -0.2585161 0.9162335 -0.2815271 -0.2850591 0.8728488 -0.08928632 -0.4797531 0.9315777 -0.1989982 -0.3042411 0.9192503 0.05239707 -0.3901711 0.9203952 0.04858654 -0.3879587 0.9237792 0.2251963 -0.3097074 0.8477762 0.3966647 -0.3520406 0.8996258 0.2992366 -0.3180107 0.8599405 0.470466 -0.1978992 0.8333719 0.5168696 -0.1957988 0.8038193 0.5924233 -0.05393654 0.7276534 0.6859341 0.003882408 0.7485875 0.6630144 -0.005357384 0.7055882 0.6860101 0.1775822 0.6589814 0.7223251 0.209738 0.6347892 0.7070484 0.3116494 0.6349043 -0.7070461 0.3114198 0.5448779 -0.8002493 0.2504181 0.6477421 -0.7069913 0.2838901 0.4746434 0.4624422 0.7489064 0.5816994 0.6970412 0.4192367 0.4946416 0.5667356 0.6588934 0.5151606 0.5680235 0.6418403 0.5776589 0.7040738 0.4130257 0.4179566 0.383211 0.8236878 0.438581 0.3926224 0.80839 0.4301373 0.2289428 0.8732509 0.3895938 0.1783735 0.9035484 0.4106739 0.1181561 0.904094 0.4188506 -0.06033235 0.9060487 0.3916817 -0.03639 0.9193808 0.4362657 -0.2601509 0.8613906 0.4174089 -0.2929618 0.8601995 0.4581775 -0.3985003 0.7945255 0.4565756 -0.5045759 0.7327632 0.4622077 -0.492564 0.7373904 0.52748 -0.5852113 0.6158674 0.5166031 -0.6469579 0.5608625 0.5508517 -0.651906 0.5211344 0.624128 -0.6901527 0.3662699 0.6018046 -0.7014845 0.3817731 0.337037 -5.83529e-6 -0.9414914 0.3370398 -9.81764e-6 -0.9414904 0.3370391 -4.82082e-6 -0.9414906 0.3370375 -2.29462e-6 -0.9414912 0.3370375 0 -0.9414912 0.3370372 0 -0.9414913 0.3370386 7.08652e-6 -0.9414908 0.337037 4.34923e-6 -0.9414914 0.3370349 -9.86625e-6 -0.9414921 0.3370332 -1.22742e-5 -0.9414928 0.3370357 -6.9685e-7 -0.9414919 0.3370367 3.1795e-7 -0.9414915 0.3370368 1.88624e-7 -0.9414915 0.3370409 2.86794e-6 -0.94149 0.3370473 3.50604e-6 -0.9414878 0.3370345 -1.35847e-6 -0.9414923 0.3370296 -2.82421e-7 -0.9414941 0.3370353 2.27546e-6 -0.941492 0.3370368 -2.50451e-7 -0.9414914 0.3370369 0 -0.9414914 0.3370332 4.21563e-6 -0.9414928 0.3370299 4.54249e-6 -0.9414939 0.3370339 1.25546e-6 -0.9414926 0.3370327 9.72395e-7 -0.9414929 0.3305568 0.1950899 -0.9234025 0.3305631 0.1950907 -0.9234001 0.2802379 0.5555707 -0.7828205 0.2802332 0.5555697 -0.7828229 0.1872451 0.8314707 -0.5230638 0.1872451 0.8314707 -0.5230638 0.06575208 0.9807852 -0.1836766 0.06575292 0.9807853 -0.1836758 0 1 0 0 1 0 0.3305647 0.1950905 -0.9233995 0.3305619 0.1950827 -0.9234022 0.2802346 0.5555782 -0.7828163 0.280233 0.5555725 -0.782821 0.1872437 0.8314741 -0.523059 0.1872441 0.8314754 -0.5230568 0.06575614 0.9807831 -0.1836864 0.06575638 0.9807835 -0.183684 -0.9842875 0.1484551 -0.0956 -0.97832 0.1350194 -0.1570339 -0.9942761 0.04265075 -0.0979591 -0.9937254 0.08221077 -0.07583677 -0.9911038 0.09854608 -0.08945292 -0.9976412 0.02515101 -0.06387108 -0.9983933 0.0552929 0.01239305 -0.9983388 0.00911045 0.05689156 -0.9088016 0.3881982 0.1529108 -0.9954447 0.06403058 -0.07063937 -0.9527152 0.2243056 0.2049891 -0.9625443 0.06686729 0.2627495 -0.7459884 0.3889786 0.5405524 -0.7110429 0.6037471 0.3604269 -0.6832554 0.6178995 0.3890531 -0.6850267 0.1164086 0.7191576 -0.8135359 0.1284406 0.567153 -0.9270455 0.09428489 0.3629007 -0.9766392 0.1627407 -0.1403264 -0.8675655 0.497323 -1.49364e-4 -0.8786047 0.4775366 -0.003543198 -0.6118227 0.7761446 0.1525531 -0.6370134 0.7562401 0.1493817 -0.272288 0.9222644 0.2743859 -0.3111347 0.9101644 0.2734888 -0.3509644 0.8162078 0.4589431 -0.2198694 0.7746405 0.59295 -0.413998 0.7016444 0.5799145 -0.444738 0.4864078 0.7520741 -0.295396 0.5379241 0.7895435 -0.4827849 0.3669298 0.795161 -0.9895616 0.08405137 -0.1170604 -0.9232637 0.3649873 0.1198683 -0.9448987 0.2317795 0.231181 -0.7631416 0.3854036 0.5187282 -0.7799667 0.1331512 0.6114921 -0.4893295 0.1696588 0.855437 -0.4981282 0.1667349 0.8509216 -0.8748279 -0.002210199 0.484429 -0.9125973 -0.003864943 0.4088414 -0.8203297 0.001372933 0.5718892 -0.9311937 -2.12646e-4 0.3645245 -0.9983802 0 0.05689394 -0.994919 0.005213975 -0.100544 -0.9912256 0 0.1321809 -0.9311938 -1.92969e-7 0.3645246 -0.9476796 5.37488e-4 0.3192226 -0.8203297 -0.001368105 0.5718892 -0.9125543 0.003862977 0.4089373 -0.8748167 0.002209305 0.484449 -0.8029845 0 0.5959997 -0.8029612 0 0.5960314 -0.6897157 0 0.7240803 -0.6897157 0 0.7240803 -0.5052002 0 0.8630022 -0.5052002 0 0.8630022 -0.9946827 0 -0.102987 -0.9983788 -0.001704514 0.05689382 -0.9912256 0 0.132181 -0.9479635 -1.68541e-7 0.3183789 -0.6830235 -0.1389658 0.7170547 -0.2616377 -0.9406436 0.2161836 -0.9978269 -0.03328776 0.05686241 -0.9970394 -0.05208075 -0.05656915 -0.9917311 -0.09489411 -0.08639675 -0.9942199 -0.07877284 -0.07294839 -0.9939469 -0.04468363 -0.100364 -0.9962256 -0.05079412 -0.07038819 -0.9971885 -0.03640359 -0.06549894 -0.9879589 -0.08039116 -0.1321914 -0.9886428 -0.1300064 -0.0753901 -0.979945 -0.1411133 -0.1406942 -0.9803291 -0.1293289 -0.1490938 -0.9716435 -0.1676612 -0.1667293 -0.4989218 -0.1571643 0.8522772 -0.6164945 -0.1814403 0.7661684 -0.3311517 -0.492577 0.8048021 -0.814469 -0.1193297 0.5678035 -0.781421 -0.1151805 0.613282 -0.7641582 -0.3770344 0.5233615 -0.746122 -0.3809415 0.5460638 -0.7143993 -0.5932901 0.3709993 -0.929423 -0.06164079 0.3638314 -0.9634937 -0.07064402 0.258243 -0.9533705 -0.2192373 0.2074117 -0.9451241 -0.227158 0.2348185 -0.9251669 -0.358029 0.1260218 -0.9127601 -0.3774162 0.1562883 -0.3233498 -0.8454022 0.4251354 -0.522996 -0.8002172 0.2934751 -0.1572846 -0.7225385 0.673201 -0.2794111 -0.9385097 0.2028027 -0.5975721 -0.7951128 0.1034563 -0.259227 -0.8874804 0.3810245 -0.4435322 -0.5052371 0.7402801 -0.4064915 -0.7298452 0.5496278 -0.6900885 -0.6048632 0.3973895 -0.6398086 -0.7529391 0.1540377 -0.8826789 -0.4699299 0.006610631 -0.7456563 -0.6645191 0.04910224 -0.8688326 -0.4950082 0.00984174 -0.8744797 -0.4208042 -0.2412655 -0.9421191 -0.01089221 -0.3351012 -0.9409536 -0.07869416 -0.329262 -0.8744795 -0.4208042 -0.2412661 -0.757973 -0.6213133 -0.198612 -0.9490605 -0.142435 -0.2810629 -0.9030852 -0.3233529 -0.2826305 -0.9135211 -0.2916889 -0.2835434 -0.9422088 -0.08882129 -0.3230375 -0.9417766 -0.07254832 -0.3283192 -0.8347977 -0.5284021 -0.1546089 -0.8744846 -0.4207838 -0.2412832 -0.80641 -0.5747701 -0.139076 -0.2228629 -0.9732016 0.05666553 -0.5761198 -0.8169688 -0.02545452 -0.4527817 -0.8916208 -0.00104165 -0.4227951 -0.9062032 0.006344795 -0.3197111 -0.9449447 0.0697444 -0.3188948 -0.9453989 0.06728321 -0.3099347 -0.9485018 0.06545728 -0.9469273 -0.1811072 -0.265573 -0.9537214 -0.1792954 -0.2413887 -0.9684759 -0.01283985 -0.2487762 -0.9423046 -0.2847925 -0.175941 -0.2427044 -0.962365 0.1222629 -0.2264394 -0.9671695 0.1153615 -0.5799762 -0.8145484 0.01176846 -0.5845784 -0.8112608 0.01113665 -0.7284225 -0.6837375 -0.04363131 -0.8486145 -0.5198696 -0.09792351 -0.8499618 -0.5174288 -0.0991581 -0.967961 -0.1708316 -0.184033 -0.6927718 0.709505 -0.1291123 -0.5869327 0.8095704 0.01028901 -0.2276135 0.9668328 0.1158725 -0.2427073 0.9623625 0.1222766 -0.4565274 0.8896288 0.0119723 -0.4413767 0.8971341 0.01836293 -0.7000383 0.7069033 -0.1011635 -0.6502431 0.7450217 -0.1487501 -0.7858923 0.5858066 -0.1980001 -0.8081384 0.555995 -0.1943755 -0.9468272 0.1811884 -0.2658743 -0.5776311 0.8068785 -0.1236506 -0.9561334 0.02017569 -0.2922359 -0.9152351 0.268239 -0.3006535 -0.9027424 0.3107458 -0.297478 -0.9423247 0.01089417 -0.3345226 -0.9536626 0.1790218 -0.2418239 -0.9628292 0.133162 -0.2350059 -0.9379701 0.2887711 -0.1918941 -0.9684418 0.1704372 -0.1818566 -0.9721668 0.11791 -0.202457 -0.8448559 0.523811 -0.1088147 -0.833279 0.5303246 -0.1562117 -0.8313705 0.5336763 -0.1549604 -0.8244718 0.5362083 -0.1809056 -0.6852174 0.717196 -0.126914 -0.5738259 0.8185396 -0.02677273 -0.5686486 0.8224467 -0.01484429 -0.551779 0.8324826 -0.05012708 -0.5673633 0.8221898 -0.04585719 -0.5692993 0.8209018 -0.04493004 -0.7849166 -0.5589371 -0.2673861 -0.5739198 0.8185052 -0.02579748 -0.5738722 0.8185763 -0.02456581 -0.5730576 0.8192303 -0.02160727 -0.4184177 0.9078223 0.02802264 -0.3766685 0.9252247 0.04560774 -0.3076211 0.9485217 0.07533764 -0.5484132 0.836204 0.002422928 -0.5215365 0.8530462 0.01765698 -0.8475586 0.5192483 -0.1096615 0.3370376 0 -0.9414912 0.3036596 -0.4338881 -0.8482522 0.3036627 -0.4338837 -0.8482534 0.2101411 -0.7818316 -0.5870095 0.2101367 -0.7818351 -0.5870064 0.07499623 -0.9749287 -0.2094981 0.07499557 -0.9749289 -0.2094976 0.3370376 0 -0.9414912 0.3036603 0.4338837 -0.8482542 0.303662 0.4338882 -0.8482514 0.2266154 0.7402161 -0.6330289 0.186955 0.7815994 -0.5951052 0.1654002 0.8712985 -0.4620408 0.07499545 0.9749289 -0.2094976 0.07499533 0.9749288 -0.2094984 0 -1 0 0 -1 0 0 -1 0 0 -1 0 -0.05665612 -0.9857696 0.1582662 -0.0650413 -0.9747734 0.2135098 -0.1291656 -0.9236478 0.3608199 -0.1796698 -0.8460619 0.5018944 -0.1966776 -0.7814829 0.5921168 -0.2386265 -0.7062011 0.6665863 -0.2752215 -0.5772246 0.7688075 -0.2933092 -0.4337025 0.8519811 -0.3122746 -0.379044 0.8710972 -0.3361936 -0.05144578 0.9403867 -0.3271823 0 0.9449613 -0.3321371 0.1699231 0.9277991 -0.3178232 0.3328201 0.8878172 -0.2901309 0.4336367 0.8531022 -0.284893 0.5343135 0.7958298 -0.2506462 0.6685375 0.7001671 -0.1997175 0.7815766 0.5909746 -0.193918 0.8190626 0.5399372 -0.07425767 0.9749211 0.2097967 -0.07395946 0.9756256 0.2066022 0 1 0 0 1 0 0 1 0 0 1 0 0 1 0 0 -1 0 0 -1 0 0 -1 0 0 -1 0 0 -1 0 -0.05666601 -0.9857646 0.1582939 -0.06504994 -0.9747685 0.2135298 -0.1291656 -0.9236478 0.3608199 -0.1796698 -0.8460619 0.5018944 -0.1966776 -0.7814829 0.5921168 -0.2386265 -0.7062011 0.6665863 -0.2752215 -0.5772246 0.7688075 -0.2933092 -0.4337025 0.8519811 -0.3122746 -0.379044 0.8710972 -0.3361936 -0.05144578 0.9403867 -0.3271823 0 0.9449613 -0.3321371 0.1699231 0.9277991 -0.3178232 0.3328201 0.8878172 -0.2901309 0.4336367 0.8531022 -0.284893 0.5343135 0.7958298 -0.2506462 0.6685375 0.7001671 -0.1997175 0.7815766 0.5909746 -0.193918 0.8190626 0.5399372 -0.07426506 0.9749162 0.2098171 -0.07396686 0.9756207 0.206623 0 1 0 0 1 0 0 1 0 0 1 0 0.07500243 -0.9749239 -0.2095182 0.3370376 0 -0.9414912 0.3036596 -0.4338881 -0.8482522 0.3036627 -0.4338837 -0.8482534 0.2266154 -0.7402161 -0.6330289 0.1869551 -0.7815994 -0.5951052 0.1654002 -0.8712985 -0.4620408 0.07500296 -0.9749239 -0.2095187 0.3370376 0 -0.9414912 0.3036603 0.4338837 -0.8482542 0.303662 0.4338882 -0.8482514 0.2101396 0.7818351 -0.5870053 0.2101383 0.7818315 -0.5870107 0.07500326 0.974924 -0.2095179 0.07500314 0.9749238 -0.2095188 -0.8864192 0.336988 -0.3173327 -0.8419535 0.4175077 -0.3417626 -0.8136293 0.4888785 -0.3146508 -0.8567363 0.4080605 -0.3154196 -0.9287398 0.1450152 -0.3411936 -0.9368045 -0.01650112 -0.3494639 -0.8525596 0 -0.52263 -0.9248676 -0.08749228 -0.3700878 -0.9281696 -0.08192819 -0.3630276 -0.9359207 -0.1305386 -0.3271268 -0.9395558 -0.04417628 -0.3395343 -0.9401272 0.0570994 -0.3360068 -0.9407644 -0.01852202 -0.3385546 -0.9311022 0.0115869 -0.3645742 -0.9339846 0.001102089 -0.3573117 -0.9226275 -7.43053e-5 -0.3856923 -0.8132073 -0.4888654 -0.3157603 -0.8355695 -0.4498593 -0.3153573 -0.8567261 -0.4080818 -0.3154197 -0.8864049 0.3370409 -0.3173165 -0.9414916 0 -0.3370364 -0.9414916 0 -0.3370364 -0.8864076 -0.3370331 -0.3173174 -0.8864219 -0.3369802 -0.3173337 0 -1 0 0 -1 0 0 -1 0 0 -1 0 0 -1 0 -0.05666357 -0.985766 0.158287 -0.06504696 -0.974771 0.2135192 -0.129159 -0.9236559 0.3608015 -0.179678 -0.8460467 0.501917 -0.1966808 -0.781483 0.5921157 -0.2386208 -0.7062184 0.6665701 -0.2752239 -0.5772142 0.7688143 -0.2933098 -0.4337025 0.8519809 -0.3122742 -0.3790466 0.8710961 -0.3361936 -0.05144536 0.9403867 -0.3271823 0 0.9449613 -0.3321371 0.1699271 0.9277983 -0.3178249 0.3328096 0.8878205 -0.2901296 0.4336367 0.8531026 -0.2848907 0.534324 0.7958235 -0.2506462 0.6685375 0.7001671 -0.1997204 0.781571 0.590981 -0.1939196 0.8190662 0.5399311 -0.0742616 0.9749211 0.209795 -0.07396501 0.975622 0.2066178 0 1 0 0 1 0 0 1 0 0 1 0 0.07499873 -0.9749265 -0.209508 0.3370375 0 -0.9414912 0.3036596 -0.4338881 -0.8482522 0.3036627 -0.4338837 -0.8482534 0.2266124 -0.7402241 -0.6330206 0.1869596 -0.7815995 -0.5951036 0.1654103 -0.8712816 -0.4620692 0.07499933 -0.9749263 -0.2095085 0.3370375 0 -0.9414912 0.3036603 0.4338837 -0.8482542 0.303662 0.4338882 -0.8482514 0.210142 0.7818295 -0.5870119 0.2101406 0.7818259 -0.5870172 0.07499593 0.9749289 -0.2094975 0.07499581 0.9749288 -0.2094984 -0.05666106 -0.9857671 0.15828 -0.07057589 -0.9655803 0.2503474 -0.140716 -0.9086718 0.3930833 -0.1902069 -0.8255382 0.5313267 -0.2007192 -0.7932138 0.574912 -0.2586858 -0.6642063 0.7013641 -0.2653346 -0.6086646 0.7477465 -0.2889857 -0.5145941 0.807267 -0.3140031 -0.3633311 0.8771502 -0.3147842 -0.382861 0.8685208 -0.3320327 -0.1097839 0.9368574 -0.3341485 -0.1306627 0.9334196 -0.3364603 0.05852311 0.9398773 -0.32958 0.1305291 0.935061 -0.3308671 0.2818506 0.9006038 -0.3077783 0.382684 0.8711059 -0.2975437 0.4697105 0.8311678 -0.2667913 0.611066 0.7452656 -0.2678104 0.6087608 0.7467851 -0.2039803 0.7951238 0.5711132 -0.2051785 0.7933465 0.5731519 -0.1565516 0.8855749 0.4373197 -0.07773435 0.9657667 0.2474917 -0.07396316 0.9756232 0.2066126 0 1 0 0 1 0 0 1 0 0 1 0 0.3370375 0 -0.9414912 0.3036593 -0.4338904 -0.8482513 0.3036624 -0.433886 -0.8482524 0.2101435 -0.781826 -0.5870161 0.210139 -0.7818295 -0.587013 0.07499623 -0.9749287 -0.2094981 0.07499557 -0.9749289 -0.2094976 0.3370375 0 -0.9414912 0.30366 0.4338859 -0.8482533 0.3036617 0.4338905 -0.8482503 0.2101408 0.7818323 -0.5870086 0.2101395 0.7818286 -0.587014 0.07499778 0.9749277 -0.2095026 0.07499766 0.9749275 -0.2095034 0 -1 0 0 -1 0 0 -1 0 0 -1 0 -0.05666106 -0.9857671 0.15828 -0.07057589 -0.9655803 0.2503474 -0.140716 -0.9086718 0.3930833 -0.1902069 -0.8255382 0.5313267 -0.2007192 -0.7932138 0.574912 -0.2586858 -0.6642063 0.7013641 -0.2653346 -0.6086646 0.7477465 -0.2889931 -0.5145611 0.8072856 -0.3140032 -0.363334 0.8771491 -0.3147842 -0.382861 0.8685208 -0.3320327 -0.1097851 0.9368572 -0.3341484 -0.1306627 0.9334197 -0.3364604 0.05852186 0.9398775 -0.32958 0.1305291 0.935061 -0.3308671 0.2818486 0.9006044 -0.3077769 0.3826874 0.8711048 -0.2975403 0.4697257 0.8311604 -0.2667905 0.6110659 0.7452659 -0.2678115 0.608756 0.7467885 -0.2039803 0.7951238 0.5711132 -0.2051785 0.7933465 0.5731519 -0.1565433 0.8855879 0.4372966 -0.07773566 0.9657667 0.2474912 -0.07396501 0.975622 0.2066178 0 1 0 0 1 0 0 1 0 0 1 0 0.3370375 0 -0.9414912 0.3036593 -0.4338904 -0.8482513 0.3036624 -0.433886 -0.8482524 0.2101423 -0.7818288 -0.5870128 0.2101379 -0.7818322 -0.5870096 0.07499802 -0.9749275 -0.2095032 0.07499742 -0.9749277 -0.2095027 0.3370375 0 -0.9414912 0.30366 0.4338859 -0.8482533 0.3036617 0.4338905 -0.8482503 0.2101408 0.7818323 -0.5870086 0.2101395 0.7818286 -0.587014 0.07499778 0.9749277 -0.2095026 0.07499766 0.9749275 -0.2095034 0 -1 0 0 -1 0 0 -1 0 0 -1 0 -0.05666357 -0.985766 0.158287 -0.07057785 -0.965579 0.2503516 -0.140711 -0.9086771 0.3930732 -0.1902135 -0.8255226 0.5313485 -0.2007203 -0.7932138 0.5749115 -0.2586867 -0.6642063 0.7013638 -0.2653355 -0.6086647 0.7477462 -0.2889864 -0.5145941 0.8072668 -0.3140032 -0.363334 0.8771491 -0.3147842 -0.3828645 0.8685193 -0.3320329 -0.1097851 0.9368572 -0.3341484 -0.1306614 0.9334197 -0.3364604 0.05852055 0.9398775 -0.3295798 0.1305291 0.9350611 -0.3308667 0.2818506 0.9006039 -0.3077778 0.382684 0.871106 -0.297541 0.4697257 0.8311602 -0.2667901 0.6110706 0.7452622 -0.2678112 0.6087608 0.7467848 -0.2039813 0.7951238 0.5711128 -0.2051764 0.7933512 0.5731461 -0.1565516 0.8855749 0.4373197 -0.07773607 0.9657654 0.247496 -0.07396501 0.975622 0.2066178 0 1 0 0 1 0 0 1 0 0 1 0 0.3370375 0 -0.9414912 0.3036596 -0.4338881 -0.8482522 0.3036627 -0.4338837 -0.8482534 0.2101411 -0.7818316 -0.5870095 0.2101367 -0.7818351 -0.5870064 0.07499986 -0.9749263 -0.2095084 0.07499921 -0.9749264 -0.2095078 0.3370375 0 -0.9414912 0.3036603 0.4338837 -0.8482542 0.303662 0.4338882 -0.8482514 0.210142 0.7818295 -0.5870119 0.2101406 0.7818259 -0.5870172 0.07499593 0.9749289 -0.2094975 0.07499581 0.9749288 -0.2094984 0 -1 0 0 -1 0 0 -1 0 0 -1 0 -0.05665856 -0.9857684 0.1582731 -0.07057386 -0.9655814 0.2503433 -0.1407211 -0.9086667 0.3930935 -0.190208 -0.8255382 0.5313262 -0.2007217 -0.7932091 0.5749175 -0.2586872 -0.6642026 0.7013672 -0.2653355 -0.6086647 0.7477462 -0.2889789 -0.5146273 0.8072484 -0.3140034 -0.3633283 0.8771513 -0.3147848 -0.3828645 0.868519 -0.332033 -0.1097851 0.9368572 -0.3341485 -0.1306614 0.9334197 -0.3364604 0.05852186 0.9398775 -0.3295797 0.1305304 0.935061 -0.3308663 0.2818506 0.9006041 -0.3077781 0.3826805 0.8711074 -0.2975389 0.4697408 0.8311523 -0.2667921 0.611066 0.7452653 -0.2678133 0.6087561 0.7467879 -0.2039846 0.795119 0.5711182 -0.2051733 0.7933559 0.5731407 -0.1565504 0.885575 0.4373202 -0.07773476 0.9657654 0.2474965 -0.07396316 0.9756232 0.2066126 0 1 2.80586e-7 1.34198e-6 1 6.16753e-7 0 1 -2.80587e-7 0 1 -2.80587e-7 0.3370376 0 -0.9414912 0.3036596 -0.4338881 -0.8482522 0.3036627 -0.4338837 -0.8482534 0.2101435 -0.781826 -0.5870161 0.210139 -0.7818295 -0.587013 0.07499623 -0.9749287 -0.2094981 0.07499557 -0.9749289 -0.2094976 0.3370376 0 -0.9414912 0.3036603 0.4338837 -0.8482542 0.303662 0.4338882 -0.8482514 0.210142 0.7818295 -0.5870119 0.2101406 0.7818259 -0.5870172 0.07499593 0.9749289 -0.2094975 0.07499581 0.9749288 -0.2094984 0 -1 -2.80586e-7 0 -1 2.80587e-7 0 -1 2.80587e-7 -1.34198e-6 -1 -6.16753e-7 -0.05666106 -0.9857671 0.15828 -0.07057517 -0.9655815 0.2503428 -0.1407122 -0.9086771 0.3930727 -0.1902146 -0.8255227 0.5313482 -0.2007213 -0.7932138 0.5749111 -0.2586876 -0.6642063 0.7013634 -0.2653368 -0.6086599 0.7477496 -0.2889789 -0.5146273 0.8072484 -0.3140027 -0.363334 0.8771492 -0.3147838 -0.3828645 0.8685194 -0.3320327 -0.1097826 0.9368575 -0.3341485 -0.1306614 0.9334197 -0.3364604 0.05852186 0.9398775 -0.3295799 0.1305279 0.9350612 -0.3308671 0.2818506 0.9006038 -0.3077774 0.3826875 0.8711047 -0.2975431 0.4697105 0.8311681 -0.2667881 0.6110752 0.7452592 -0.2678133 0.6087561 0.7467879 -0.2039846 0.795119 0.5711182 -0.2051733 0.7933559 0.5731407 -0.1565504 0.885575 0.4373202 -0.07773476 0.9657654 0.2474965 -0.07396316 0.9756232 0.2066126 0 1 2.80586e-7 1.34198e-6 1 6.16753e-7 0 1 -2.80587e-7 0 1 -2.80587e-7 0.3370376 0 -0.9414912 0.3036596 -0.4338881 -0.8482522 0.3036627 -0.4338837 -0.8482534 0.2101435 -0.781826 -0.5870161 0.210139 -0.7818295 -0.587013 0.07499623 -0.9749287 -0.2094981 0.07499557 -0.9749289 -0.2094976 0.3370376 0 -0.9414912 0.3036603 0.4338837 -0.8482542 0.303662 0.4338882 -0.8482514 0.210142 0.7818295 -0.5870119 0.2101406 0.7818259 -0.5870172 0.07499593 0.9749289 -0.2094975 0.07499581 0.9749288 -0.2094984 0 -1 -2.80586e-7 0 -1 2.80587e-7 0 -1 2.80587e-7 -1.34198e-6 -1 -6.16753e-7 -0.05666106 -0.9857671 0.15828 -0.07057517 -0.9655815 0.2503428 -0.1407122 -0.9086771 0.3930727 -0.1902146 -0.8255227 0.5313482 -0.2007213 -0.7932138 0.5749111 -0.2586876 -0.6642063 0.7013634 -0.2653368 -0.6086599 0.7477496 -0.2889789 -0.5146273 0.8072484 -0.3140034 -0.3633283 0.8771513 -0.3147848 -0.3828645 0.868519 -0.332033 -0.1097851 0.9368572 -0.3341485 -0.1306614 0.9334197 -0.3364604 0.05852186 0.9398775 -0.3295797 0.1305304 0.935061 -0.3308663 0.2818506 0.9006041 -0.3077781 0.3826805 0.8711074 -0.2975389 0.4697408 0.8311523 -0.2667921 0.611066 0.7452653 -0.2678133 0.6087561 0.7467879 -0.2039846 0.795119 0.5711182 -0.2051733 0.7933559 0.5731407 -0.1565338 0.8856008 0.4372739 -0.07773739 0.9657655 0.2474955 -0.07396686 0.9756207 0.206623 0 1 2.80586e-7 1.34198e-6 1 6.16753e-7 0 1 -2.80587e-7 0 1 -2.80587e-7 0.3370376 0 -0.9414912 0.3036596 -0.4338881 -0.8482522 0.3036627 -0.4338837 -0.8482534 0.2101435 -0.781826 -0.5870161 0.210139 -0.7818295 -0.587013 0.07499623 -0.9749287 -0.2094981 0.07499557 -0.9749289 -0.2094976 0.3370376 0 -0.9414912 0.3036603 0.4338837 -0.8482542 0.303662 0.4338882 -0.8482514 0.210142 0.7818295 -0.5870119 0.2101406 0.7818259 -0.5870172 0.07499593 0.9749289 -0.2094975 0.07499581 0.9749288 -0.2094984 0 -1 -2.80586e-7 0 -1 2.80587e-7 0 -1 2.80587e-7 -1.34198e-6 -1 -6.16753e-7 -0.05666106 -0.9857671 0.15828 -0.07057517 -0.9655815 0.2503428 -0.1407122 -0.9086771 0.3930727 -0.1902146 -0.8255227 0.5313482 -0.2007243 -0.7932045 0.5749231 -0.2586858 -0.6642063 0.7013641 -0.2653341 -0.6086694 0.7477428 -0.2889789 -0.5146273 0.8072484 -0.3140027 -0.363334 0.8771492 -0.3147838 -0.3828645 0.8685194 -0.3320327 -0.1097826 0.9368575 -0.3341485 -0.1306614 0.9334197 -0.3364604 0.05852186 0.9398775 -0.3295797 0.1305304 0.935061 -0.3308663 0.2818506 0.9006041 -0.3077781 0.3826805 0.8711074 -0.2975431 0.4697105 0.8311681 -0.2667881 0.6110752 0.7452592 -0.2678133 0.6087561 0.7467879 -0.2039846 0.795119 0.5711182 -0.2051796 0.7933465 0.5731515 -0.1565528 0.885575 0.4373192 -0.07773393 0.9657679 0.247487 -0.07396316 0.9756232 0.2066126 0 1 0 0 1 0 0 1 0 0 1 0 0.3370376 0 -0.9414912 0.3036596 -0.4338881 -0.8482522 0.3036627 -0.4338837 -0.8482534 0.2101438 -0.7818253 -0.5870169 0.2101385 -0.7818295 -0.5870131 0.07499551 -0.9749287 -0.2094985 0.07499605 -0.9749286 -0.2094989 0.3370376 0 -0.9414912 0.3036603 0.4338837 -0.8482542 0.303662 0.4338882 -0.8482514 0.210142 0.7818295 -0.5870119 0.2101409 0.7818266 -0.5870162 0.07499623 0.9749292 -0.2094959 0.07499581 0.9749288 -0.2094984 0 -1 0 0 -1 0 0 -1 0 0 -1 0 -0.05666106 -0.9857671 0.15828 -0.07057517 -0.9655815 0.2503428 -0.1407122 -0.9086771 0.3930727 -0.1902146 -0.8255227 0.5313482 -0.2007243 -0.7932045 0.5749231 -0.2586858 -0.6642063 0.7013641 -0.2653341 -0.6086694 0.7477428 -0.2889789 -0.5146273 0.8072484 -0.3140034 -0.3633283 0.8771513 -0.3147848 -0.3828645 0.868519 -0.332033 -0.1097851 0.9368572 -0.3341485 -0.1306614 0.9334197 -0.3364604 0.05852186 0.9398775 -0.3295797 0.1305304 0.935061 -0.3308663 0.2818506 0.9006041 -0.3077781 0.3826805 0.8711074 -0.2975431 0.4697105 0.8311681 -0.2667881 0.6110752 0.7452592 -0.2678133 0.6087561 0.7467879 -0.2039846 0.795119 0.5711182 -0.2051733 0.7933559 0.5731407 -0.1565504 0.885575 0.4373202 -0.07773476 0.9657654 0.2474965 -0.07396316 0.9756232 0.2066126 0 1 0 -1.80303e-7 1 0 0 1 0 0 1 0 0.3370376 0 -0.9414912 0.3036596 -0.4338881 -0.8482522 0.3036627 -0.4338837 -0.8482534 0.2101433 -0.7818264 -0.5870156 0.2101393 -0.7818295 -0.5870128 0.07499653 -0.9749287 -0.209498 0.07499533 -0.9749291 -0.209497 0.3370376 0 -0.9414912 0.3036603 0.4338837 -0.8482542 0.303662 0.4338882 -0.8482514 0.210142 0.7818295 -0.5870119 0.2101405 0.7818255 -0.5870178 0.07499581 0.9749288 -0.2094982 0.07499581 0.9749288 -0.2094984 0 -1 0 0 -1 0 0 -1 0 1.80303e-7 -1 0 -0.05666106 -0.9857673 0.1582798 -0.07057523 -0.9655814 0.2503431 -0.1407122 -0.9086771 0.3930727 -0.1902146 -0.8255224 0.5313485 -0.2007242 -0.7932046 0.5749229 -0.2586858 -0.6642063 0.7013641 -0.2653341 -0.6086695 0.7477428 -0.288979 -0.5146273 0.8072483 -0.3140035 -0.3633283 0.8771513 -0.3147848 -0.3828645 0.8685191 -0.332033 -0.1097851 0.9368572 -0.3341485 -0.1306614 0.9334197 -0.3364604 0.05852186 0.9398775 -0.3295797 0.1305304 0.935061 -0.3308663 0.2818506 0.900604 -0.3077781 0.3826805 0.8711075 -0.297543 0.4697105 0.8311681 -0.266788 0.6110752 0.7452592 -0.2678133 0.608756 0.746788 -0.2039844 0.7951192 0.5711181 -0.2051734 0.7933558 0.5731409 -0.1565504 0.8855749 0.4373202 -0.0777347 0.9657655 0.2474962 -0.07396316 0.9756231 0.2066128 0 1 0 0 1 0 0 1 0 0 1 0 0.3031595 0.4370675 -0.8467978 0.3036627 -0.4338838 -0.8482534 0.2101434 -0.781826 -0.5870161 0.210139 -0.7818295 -0.5870131 0.07499611 -0.9749287 -0.2094982 0.07499545 -0.9749289 -0.2094976 0.3031592 -0.4370675 -0.8467978 0.3012737 -0.4372616 -0.8473703 0.3357195 -0.1150965 -0.9349038 0.3077588 0 -0.9514644 0.3356831 0.1158644 -0.934822 0.301855 0.4338829 -0.8488988 0.3031434 0.4370691 -0.8468025 0.210142 0.7818295 -0.5870119 0.2101407 0.7818259 -0.5870172 0.07499605 0.9749289 -0.2094974 0.07499593 0.9749288 -0.2094983 0 -1 0 0 -1 0 0 -1 0 0 -1 0 -0.05666106 -0.9857671 0.15828 -0.07057517 -0.9655815 0.2503428 -0.1407122 -0.9086771 0.3930727 -0.1902146 -0.8255227 0.5313482 -0.2007243 -0.7932045 0.5749231 -0.2586858 -0.6642063 0.7013641 -0.2653341 -0.6086694 0.7477428 -0.2889789 -0.5146273 0.8072484 -0.3140034 -0.3633283 0.8771513 -0.3147848 -0.3828645 0.868519 -0.332033 -0.1097851 0.9368572 -0.3341485 -0.1306614 0.9334197 -0.3364604 0.05852186 0.9398775 -0.3295797 0.1305304 0.935061 -0.3308663 0.2818506 0.9006041 -0.3077781 0.3826805 0.8711074 -0.2975431 0.4697105 0.8311681 -0.2667881 0.6110752 0.7452592 -0.2678133 0.6087561 0.7467879 -0.2039846 0.795119 0.5711182 -0.2051733 0.7933559 0.5731407 -0.1565504 0.885575 0.4373202 -0.07773476 0.9657654 0.2474965 -0.07396316 0.9756232 0.2066126 0 1 0 -1.80303e-7 1 0 0 1 0 0 1 0 0.3370376 0 -0.9414912 0.3036596 -0.4338881 -0.8482522 0.3036627 -0.4338837 -0.8482534 0.2101433 -0.7818264 -0.5870156 0.2101393 -0.7818295 -0.5870128 0.07499653 -0.9749287 -0.209498 0.07499533 -0.9749291 -0.209497 0.3370376 0 -0.9414912 0.3036603 0.4338837 -0.8482542 0.303662 0.4338882 -0.8482514 0.210142 0.7818295 -0.5870119 0.2101405 0.7818255 -0.5870178 0.07499581 0.9749288 -0.2094982 0.07499581 0.9749288 -0.2094984 0 -1 0 0 -1 0 0 -1 0 1.80303e-7 -1 0 -0.05666106 -0.9857671 0.15828 -0.07057517 -0.9655815 0.2503428 -0.1407122 -0.9086771 0.3930727 -0.1902146 -0.8255227 0.5313482 -0.2007243 -0.7932045 0.5749231 -0.2586858 -0.6642063 0.7013641 -0.2653341 -0.6086694 0.7477428 -0.2889789 -0.5146273 0.8072484 -0.3140034 -0.3633283 0.8771513 -0.3147848 -0.3828645 0.868519 -0.332033 -0.1097851 0.9368572 -0.3341485 -0.1306614 0.9334197 -0.3364604 0.05852186 0.9398775 -0.3295797 0.1305304 0.935061 -0.3308663 0.2818506 0.9006041 -0.3077781 0.3826805 0.8711074 -0.2975431 0.4697105 0.8311681 -0.2667881 0.6110752 0.7452592 -0.2678133 0.6087561 0.7467879 -0.2039846 0.795119 0.5711182 -0.2051733 0.7933559 0.5731407 -0.1565504 0.885575 0.4373202 -0.07773476 0.9657654 0.2474965 -0.07396316 0.9756232 0.2066126 0 1 0 0 1 0 0 1 0 0 1 0 0.3370376 0 -0.9414912 0.3036596 -0.4338881 -0.8482522 0.3036627 -0.4338837 -0.8482534 0.2101438 -0.7818253 -0.5870169 0.2101385 -0.7818295 -0.5870131 0.07499551 -0.9749287 -0.2094985 0.07499605 -0.9749286 -0.2094989 0.3370376 0 -0.9414912 0.3036603 0.4338837 -0.8482542 0.303662 0.4338882 -0.8482514 0.210142 0.7818295 -0.5870119 0.2101409 0.7818266 -0.5870162 0.07499623 0.9749292 -0.2094959 0.07499581 0.9749288 -0.2094984 0 -1 0 0 -1 0 0 -1 0 0 -1 0 -0.05666106 -0.9857671 0.15828 -0.07057654 -0.965579 0.2503521 -0.1407098 -0.9086771 0.3930736 -0.1902123 -0.8255226 0.531349 -0.2007163 -0.7932232 0.5748999 -0.2586876 -0.6642063 0.7013634 -0.2653368 -0.6086599 0.7477496 -0.2889789 -0.5146273 0.8072484 -0.3140027 -0.363334 0.8771492 -0.3147838 -0.3828645 0.8685194 -0.3320327 -0.1097826 0.9368575 -0.3341485 -0.1306614 0.9334197 -0.3364604 0.05852186 0.9398775 -0.3295797 0.1305304 0.935061 -0.3308663 0.2818506 0.9006041 -0.3077781 0.3826805 0.8711074 -0.2975431 0.4697105 0.8311681 -0.2667881 0.6110752 0.7452592 -0.2678133 0.6087561 0.7467879 -0.2039846 0.795119 0.5711182 -0.2051733 0.7933559 0.5731407 -0.1565338 0.8856008 0.4372739 -0.07773739 0.9657655 0.2474955 -0.07396686 0.9756207 0.206623 0 1 2.80586e-7 1.34198e-6 1 6.16753e-7 0 1 -2.80587e-7 0 1 -2.80587e-7 0.3370376 0 -0.9414912 0.3036596 -0.4338881 -0.8482522 0.3036627 -0.4338837 -0.8482534 0.2101435 -0.781826 -0.5870161 0.210139 -0.7818295 -0.587013 0.07499623 -0.9749287 -0.2094981 0.07499557 -0.9749289 -0.2094976 0.3370376 0 -0.9414912 0.3036603 0.4338837 -0.8482542 0.303662 0.4338882 -0.8482514 0.210142 0.7818295 -0.5870119 0.2101406 0.7818259 -0.5870172 0.07499593 0.9749289 -0.2094975 0.07499581 0.9749288 -0.2094984 0 -1 -2.80586e-7 0 -1 2.80587e-7 0 -1 2.80587e-7 -1.34198e-6 -1 -6.16753e-7 -0.05666106 -0.9857671 0.15828 -0.07057517 -0.9655815 0.2503428 -0.1407122 -0.9086771 0.3930727 -0.1902146 -0.8255227 0.5313482 -0.2007243 -0.7932045 0.5749231 -0.2586858 -0.6642063 0.7013641 -0.2653341 -0.6086694 0.7477428 -0.2889789 -0.5146273 0.8072484 -0.3140034 -0.3633283 0.8771513 -0.3147848 -0.3828645 0.868519 -0.332033 -0.1097851 0.9368572 -0.3341485 -0.1306614 0.9334197 -0.3364604 0.05852186 0.9398775 -0.3295797 0.1305304 0.935061 -0.3308663 0.2818506 0.9006041 -0.3077781 0.3826805 0.8711074 -0.2975431 0.4697105 0.8311681 -0.2667881 0.6110752 0.7452592 -0.2678133 0.6087561 0.7467879 -0.2039846 0.795119 0.5711182 -0.2051796 0.7933465 0.5731515 -0.1565528 0.885575 0.4373192 -0.07773393 0.9657679 0.247487 -0.07396316 0.9756232 0.2066126 0 1 2.80586e-7 1.34198e-6 1 6.16753e-7 0 1 -2.80587e-7 0 1 -2.80587e-7 0.3370375 0 -0.9414912 0.3036589 -0.4338926 -0.8482502 0.303662 -0.4338882 -0.8482514 0.2101435 -0.781826 -0.5870161 0.210139 -0.7818295 -0.587013 0.07499623 -0.9749287 -0.2094981 0.07499557 -0.9749289 -0.2094976 0.3370375 0 -0.9414912 0.3036603 0.4338837 -0.8482542 0.303662 0.4338882 -0.8482514 0.210142 0.7818295 -0.5870119 0.2101406 0.7818259 -0.5870172 0.07499593 0.9749289 -0.2094975 0.07499581 0.9749288 -0.2094984 0 -1 -2.80586e-7 0 -1 2.80587e-7 0 -1 2.80587e-7 -1.34198e-6 -1 -6.16753e-7 -0.05666106 -0.9857671 0.15828 -0.07057654 -0.965579 0.2503521 -0.1407098 -0.9086771 0.3930736 -0.1902123 -0.8255226 0.531349 -0.2007163 -0.7932232 0.5748999 -0.2586876 -0.6642063 0.7013634 -0.2653368 -0.6086599 0.7477496 -0.2889789 -0.5146273 0.8072484 -0.3140027 -0.363334 0.8771492 -0.3147838 -0.3828645 0.8685194 -0.3320327 -0.1097826 0.9368575 -0.3341485 -0.1306614 0.9334197 -0.3364604 0.05852186 0.9398775 -0.3295797 0.1305304 0.935061 -0.3308663 0.2818506 0.9006041 -0.3077781 0.3826805 0.8711074 -0.2975431 0.4697105 0.8311681 -0.2667881 0.6110752 0.7452592 -0.2678133 0.6087561 0.7467879 -0.2039846 0.795119 0.5711182 -0.2051796 0.7933465 0.5731515 -0.1565528 0.885575 0.4373192 -0.07773393 0.9657679 0.247487 -0.07396316 0.9756232 0.2066126 0 1 2.80586e-7 1.34198e-6 1 6.16753e-7 0 1 -2.80587e-7 0 1 -2.80587e-7 0.3370376 0 -0.9414912 0.3036596 -0.4338881 -0.8482522 0.3036627 -0.4338837 -0.8482534 0.2101435 -0.781826 -0.5870161 0.210139 -0.7818295 -0.587013 0.07499623 -0.9749287 -0.2094981 0.07499557 -0.9749289 -0.2094976 0.3370376 0 -0.9414912 0.3036603 0.4338837 -0.8482542 0.303662 0.4338882 -0.8482514 0.210142 0.7818295 -0.5870119 0.2101406 0.7818259 -0.5870172 0.07499593 0.9749289 -0.2094975 0.07499581 0.9749288 -0.2094984 0 -1 -2.80586e-7 0 -1 2.80587e-7 0 -1 2.80587e-7 -1.34198e-6 -1 -6.16753e-7 -0.05666601 -0.9857646 0.1582939 -0.0705806 -0.9655765 0.2503604 -0.1407198 -0.9086667 0.393094 -0.1901992 -0.8255538 0.5313051 -0.200717 -0.7932137 0.5749127 -0.2586868 -0.6641988 0.7013709 -0.2653351 -0.6086599 0.7477502 -0.2889776 -0.5146273 0.8072488 -0.3140025 -0.3633283 0.8771517 -0.314784 -0.3828714 0.8685163 -0.332033 -0.1097877 0.9368569 -0.3341485 -0.1306639 0.9334194 -0.3364604 0.0585193 0.9398776 -0.3295798 0.1305254 0.9350616 -0.330867 0.2818548 0.9006026 -0.3077768 0.3826944 0.871102 -0.2975431 0.4697105 0.8311681 -0.2667905 0.6110659 0.7452659 -0.2678115 0.608756 0.7467885 -0.2039824 0.7951189 0.5711191 -0.2051774 0.7933465 0.5731523 -0.1565504 0.885575 0.4373202 -0.07773828 0.9657629 0.247505 -0.07396686 0.9756207 0.206623 0 1 0 0 1 0 0 1 0 0 1 0 0.3370376 0 -0.9414912 0.3036596 -0.4338881 -0.8482522 0.3036627 -0.4338837 -0.8482534 0.2101411 -0.7818316 -0.5870095 0.2101367 -0.7818351 -0.5870064 0.07500356 -0.9749239 -0.2095186 0.0750029 -0.974924 -0.2095181 0.3370376 0 -0.9414912 0.3036603 0.4338837 -0.8482542 0.303662 0.4338882 -0.8482514 0.2101396 0.7818351 -0.5870053 0.2101383 0.7818315 -0.5870107 0.07500326 0.974924 -0.2095179 0.07500314 0.9749238 -0.2095188 0 -1 0 0 -1 0 0 -1 0 0 -1 0 -0.05666601 -0.9857646 0.1582939 -0.0705806 -0.9655765 0.2503604 -0.1407198 -0.9086667 0.393094 -0.1901992 -0.8255538 0.5313051 -0.200717 -0.7932137 0.5749127 -0.2586868 -0.6641988 0.7013709 -0.2653351 -0.6086599 0.7477502 -0.2889776 -0.5146273 0.8072488 -0.3140025 -0.3633283 0.8771517 -0.314784 -0.3828714 0.8685163 -0.332033 -0.1097877 0.9368569 -0.3341485 -0.1306639 0.9334194 -0.3364604 0.0585193 0.9398776 -0.3295798 0.1305254 0.9350616 -0.330867 0.2818548 0.9006026 -0.3077802 0.3826806 0.8711067 -0.2975456 0.4697105 0.8311671 -0.2667938 0.6110661 0.7452647 -0.2678067 0.6087749 0.7467749 -0.2039824 0.7951189 0.5711191 -0.2051774 0.7933465 0.5731523 -0.1565504 0.885575 0.4373202 -0.07773131 0.9657678 0.247488 -0.07395946 0.9756256 0.2066022 0 1 0 0 1 0 0 1 0 0 1 0 0.3370376 0 -0.9414912 0.3036596 -0.4338881 -0.8482522 0.3036627 -0.4338837 -0.8482534 0.2101411 -0.7818316 -0.5870095 0.2101367 -0.7818351 -0.5870064 0.07500356 -0.9749239 -0.2095186 0.0750029 -0.974924 -0.2095181 0.3370376 0 -0.9414912 0.3036603 0.4338837 -0.8482542 0.303662 0.4338882 -0.8482514 0.2101396 0.7818351 -0.5870053 0.2101383 0.7818315 -0.5870107 0.07499593 0.9749289 -0.2094975 0.07499581 0.9749288 -0.2094984 0 -1 0 0 -1 0 0 -1 0 0 -1 0 -0.05666601 -0.9857646 0.1582939 -0.0705806 -0.9655765 0.2503604 -0.1407198 -0.9086667 0.393094 -0.1901992 -0.8255538 0.5313051 -0.200717 -0.7932137 0.5749127 -0.2586868 -0.6641988 0.7013709 -0.2653351 -0.6086599 0.7477502 -0.2889776 -0.5146273 0.8072488 -0.3140025 -0.3633283 0.8771517 -0.314784 -0.3828714 0.8685163 -0.332033 -0.1097877 0.9368569 -0.3341485 -0.1306639 0.9334194 -0.3364604 0.0585193 0.9398776 -0.3295798 0.1305254 0.9350616 -0.3308672 0.2818466 0.9006051 -0.3077747 0.3826943 0.8711027 -0.2975322 0.4697713 0.8311375 -0.2667905 0.6110659 0.7452659 -0.2678115 0.608756 0.7467885 -0.2039824 0.7951189 0.5711191 -0.2051774 0.7933465 0.5731523 -0.1565504 0.885575 0.4373202 -0.07773828 0.9657629 0.247505 -0.07396686 0.9756207 0.206623 0 1 0 0 1 0 0 1 0 0 1 0 0.3370376 0 -0.9414912 0.3036596 -0.4338881 -0.8482522 0.3036627 -0.4338837 -0.8482534 0.2101411 -0.7818316 -0.5870095 0.2101367 -0.7818351 -0.5870064 0.07500356 -0.9749239 -0.2095186 0.0750029 -0.974924 -0.2095181 0.3370376 0 -0.9414912 0.3036603 0.4338837 -0.8482542 0.303662 0.4338882 -0.8482514 0.2101396 0.7818351 -0.5870053 0.2101383 0.7818315 -0.5870107 0.07500326 0.974924 -0.2095179 0.07500314 0.9749238 -0.2095188 0 -1 0 0 -1 0 0 -1 0 0 -1 0 -0.05665856 -0.9857684 0.1582731 -0.07057386 -0.9655814 0.2503433 -0.140716 -0.9086718 0.3930833 -0.1902146 -0.8255227 0.5313482 -0.2007228 -0.7932091 0.5749171 -0.2586867 -0.6642063 0.7013638 -0.2653355 -0.6086647 0.7477462 -0.2889864 -0.5145941 0.8072668 -0.3140032 -0.363334 0.8771491 -0.3147842 -0.382861 0.8685208 -0.3320327 -0.1097839 0.9368574 -0.3341485 -0.1306627 0.9334196 -0.3364603 0.05852311 0.9398773 -0.32958 0.1305291 0.935061 -0.3308671 0.2818486 0.9006044 -0.3077778 0.382684 0.871106 -0.297541 0.4697257 0.8311602 -0.2667913 0.611066 0.7452656 -0.2678124 0.6087561 0.7467882 -0.2039813 0.7951238 0.5711128 -0.2051764 0.7933512 0.5731461 -0.1565433 0.8855879 0.4372966 -0.07773566 0.9657667 0.2474912 -0.07396501 0.975622 0.2066178 0 1 0 0 1 0 0 1 0 0 1 0 0.07499557 -0.9749289 -0.2094976 0.3031597 0.4370651 -0.8467988 0.3388938 0 -0.9408246 0.3018562 0.4338829 -0.8488984 0.3031437 0.4370668 -0.8468036 0.2101396 0.7818351 -0.5870053 0.2101383 0.7818315 -0.5870107 0.07499778 0.9749277 -0.2095026 0.07499766 0.9749275 -0.2095034 0.2602403 0.1409621 -0.9551988 0.3077156 0.005461275 -0.9514627 0.3250045 -0.07825779 -0.942469 0.07499623 -0.9749288 -0.2094981 0.210139 -0.7818295 -0.587013 0.2101435 -0.781826 -0.5870161 0.3036624 -0.433886 -0.8482524 0.3036593 -0.4338904 -0.8482513 0.3323102 -0.166899 -0.9282858 0.2675067 -0.1709378 -0.9482723 0 -1 0 0 -1 0 0 -1 0 0 -1 0 -0.9605594 -0.09771335 -0.2603416 0.894555 -0.0974307 0.4362093 0.8734781 -0.09683579 0.477136 0.873478 -0.09683483 0.4771364 0.8379052 -0.2867846 0.4644021 0.8379053 -0.2867846 0.4644022 0.7681282 -0.4657103 0.4394234 0.7681275 -0.4657135 0.4394213 0.6668241 -0.6267459 0.4031563 0.6668256 -0.6267428 0.4031589 0.5378931 -0.7636883 0.3570032 0.5378922 -0.7636896 0.3570019 0.3862825 -0.8712872 0.3027282 0.3862835 -0.8712864 0.3027294 0.2178235 -0.9454013 0.2424238 0.2178231 -0.9454014 0.2424234 0.03898674 -0.9831848 0.1784034 0.03898674 -0.9831847 0.1784034 -0.1433502 -0.9831848 0.1131302 -0.1433504 -0.9831848 0.1131299 -0.3221871 -0.9454014 0.04910945 -0.3221855 -0.9454019 0.04911124 -0.4906454 -0.8712874 -0.01119446 -0.4906474 -0.8712863 -0.01119655 -0.6422566 -0.7636885 -0.06546992 -0.6422563 -0.7636888 -0.06546962 -0.7711888 -0.6267436 -0.1116252 -0.7711886 -0.626744 -0.1116248 -0.8724913 -0.4657122 -0.1478893 -0.8724911 -0.4657128 -0.1478888 -0.9422689 -0.2867855 -0.1728683 -0.9422691 -0.2867847 -0.1728688 -0.9778417 -0.09683459 -0.1856034 -0.9778417 -0.09683471 -0.1856033 0.925445 -0.09796398 0.3659981 0.9075538 -0.09771275 0.4084095 0.899627 -0.1124002 0.4219449 0.8653128 -0.2890017 0.4095263 0.8653128 -0.2890018 0.4095262 0.794995 -0.4693137 0.3843535 0.7949957 -0.4693108 0.3843556 0.6929099 -0.6315881 0.347811 0.6929092 -0.6315895 0.3478096 0.5629796 -0.7695933 0.3012973 0.5629793 -0.7695937 0.301297 0.4101992 -0.8780221 0.2466045 0.4101997 -0.8780217 0.2466051 0.2404363 -0.9527101 0.1858329 0.240435 -0.9527107 0.1858316 0.06021779 -0.9907855 0.1213169 0.06021958 -0.9907852 0.1213188 -0.1235294 -0.9907855 0.0555399 -0.1235311 -0.9907854 0.05553811 -0.3037462 -0.9527107 -0.008975565 -0.3037463 -0.9527107 -0.008975625 -0.4735109 -0.878022 -0.0697484 -0.4735113 -0.8780217 -0.06974899 -0.6262918 -0.7695928 -0.1244416 -0.6262903 -0.7695942 -0.1244398 -0.756221 -0.6315893 -0.1709527 -0.7562206 -0.6315898 -0.1709522 -0.8583065 -0.4693131 -0.2074974 -0.858307 -0.4693118 -0.2074983 -0.9286239 -0.2890017 -0.2326705 -0.928624 -0.2890014 -0.2326707 -0.9644716 -0.09758335 -0.2455034 -0.9649735 -0.1264746 -0.2298486 0.925445 -0.09796446 0.3659978 0.8894573 -0.2901301 0.353115 0.8894574 -0.2901296 0.3531154 0.8188663 -0.4711428 0.327845 0.8188655 -0.4711456 0.327843 0.7163814 -0.6340553 0.2911556 0.7163817 -0.6340549 0.2911559 0.5859442 -0.7725981 0.2444618 0.5859452 -0.7725969 0.2444631 0.432568 -0.8814495 0.1895568 0.4325664 -0.8814505 0.1895549 0.2621408 -0.95643 0.1285452 0.2621434 -0.9564289 0.1285481 0.08122164 -0.9946532 0.06378138 0.0812205 -0.9946534 0.06378012 -0.1032466 -0.9946533 -0.002255618 -0.1032456 -0.9946534 -0.002254545 -0.2841655 -0.95643 -0.06702065 -0.2841687 -0.9564287 -0.06702423 -0.4545927 -0.8814494 -0.1280329 -0.4545902 -0.8814513 -0.1280298 -0.6079685 -0.7725986 -0.1829364 -0.6079695 -0.7725975 -0.1829378 -0.7384057 -0.6340556 -0.2296314 -0.7384061 -0.6340548 -0.2296321 -0.8408907 -0.471144 -0.2663197 -0.8408909 -0.4711435 -0.2663202 -0.9114822 -0.2901296 -0.2915905 -0.911482 -0.2901309 -0.2915896 -0.94747 -0.09796452 -0.3044728 -0.94747 -0.0979644 -0.3044728 0.9405363 0 0.339693 0.9305123 -1.60483e-4 0.3662607 0.9318473 0 0.3628506 0.9305677 -1.99214e-4 0.3661198 0.9334952 2.59229e-4 0.3585898 0.9304547 1.37652e-5 0.3664069 0.9303971 0 0.3665534 0.930829 -3.81836e-4 0.3654549 0.93141 -1.66512e-4 0.3639719 0.9318473 0 0.3628506 0.932734 1.97276e-4 0.3605653 0.9304547 1.37652e-5 0.366407 0.9296373 -3.40278e-5 0.368476 0.9286611 -3.18494e-4 0.3709293 0.9300288 -7.42814e-4 0.3674857 0.9289608 -0.001392185 0.3701754 0.9189738 -0.009419739 0.3942061 0.9325807 -0.001615703 0.360958 0.9328227 0.002610981 0.3603263 0.9310255 -0.002559125 0.3649454 0.9303213 -0.00634253 0.3666908 0.9309752 0.0011909 0.3650804 0.9310024 0.001280248 0.3650109 0.9316055 2.89701e-4 0.3634712 0.9344875 0.006007373 0.3559454 0.9342877 0.005401253 0.3564792 0.9329696 6.19739e-4 0.3599549 0.9388225 3.69639e-4 0.3444012 0.9278414 -1.03032e-4 0.3729749 0.9292148 2.36898e-4 0.36954 0.9310413 0.00130707 0.3649116 0.9278414 -1.03032e-4 0.372975 0.9292147 2.3689e-4 0.3695401 0.9310413 0.00130707 0.3649116 0.9404134 0.008005976 0.3399392 0.932765 5.70049e-4 0.3604847 0.9314469 -8.15232e-4 0.3638764 0.9306615 -0.001893639 0.3658766 0.929652 -0.003890991 0.3684182 0.9246783 -0.01771241 0.3803372 0.9243503 -0.01848804 0.3810967 0.9359805 -0.003185093 0.3520375 0.93943 0 0.3427407 0.9296373 -3.40278e-5 0.368476 0.9286611 -3.18494e-4 0.3709293 0.9310413 0.00130707 0.3649117 0.9292147 2.36897e-4 0.36954 0.9278414 -1.03032e-4 0.372975 0.9292147 2.36897e-4 0.36954 0.9310413 0.00130707 0.3649116 0.9278414 -1.03032e-4 0.3729749 0.9292148 2.36897e-4 0.36954 0.937084 0.004953503 0.3490688 0.9395736 0.01233065 0.3421249 0.9361211 0.001394927 0.3516749 0.9348194 -0.003216922 0.355109 0.933786 -0.007688939 0.3577493 0.9325162 -0.01461976 0.3608323 0.9302774 3.37668e-6 0.3668569 0.9296373 -3.40278e-5 0.368476 0.9300579 8.91229e-5 0.3674131 0.9286047 -1.17432e-4 0.3710704 0.9292147 2.36897e-4 0.36954 0.9278414 -1.0303e-4 0.3729749 0.9278025 0.08678627 0.3628371 0.929411 -0.03453177 0.3674273 0.9204103 -0.08971685 0.3805203 0.8674871 0.344736 0.3586406 0.9328299 0.02887505 0.3591581 0.9340213 0.01312112 0.3569763 0.9347653 0.006013572 0.355215 0.9286611 -3.18497e-4 0.3709293 0.9354838 0.001236677 0.3533674 0.9366183 -0.00452429 0.3503221 0.9400635 -0.01995462 0.340415 0.9425401 0.003033399 0.3340791 0.9347398 0.001485228 0.3553296 0.9349741 0.001110672 0.3547141 0.9357309 0 0.3527148 0.9399939 0.002373337 0.3411833 0.9286611 -3.18498e-4 0.3709293 0.9430003 0.004072964 0.332767 0.9307954 -0.002138316 0.3655343 0.9323454 -0.001448988 0.3615661 0.9326514 -0.00166583 0.3607752 0.9310365 -0.002579331 0.364917 0.9295427 -0.003501057 0.3686978 0.9278414 -1.03032e-4 0.372975 0.938329 0.00194925 0.3457383 0.88626 0.1817519 -0.4260392 0.9310413 0.00130707 0.3649116 0.9292148 2.36897e-4 0.3695401 0.9330638 -0.001958906 0.3597057 0.9314015 -0.003249406 0.3639788 0.9298413 -0.004581332 0.3679322 0.9278414 -1.03032e-4 0.372975 0.9292148 2.36891e-4 0.3695401 0.9310413 0.00130701 0.3649117 0.9467025 0.01281106 0.3218541 0.9371559 0.001653492 0.3489069 0.9336503 -0.002377271 0.358178 0.9278414 -1.03032e-4 0.372975 0.9292148 2.36891e-4 0.3695401 0.9377532 0.005367994 0.3472609 0.9303991 -0.006629884 0.366488 0.9320198 -0.00439018 0.3623806 0.9423273 0.01608437 0.3343062 0.9362851 0.001435756 0.3512381 0.9345501 -0.003022849 0.355819 0.9278414 -1.03032e-4 0.3729749 0.9292148 2.36898e-4 0.36954 0.9310413 0.00130707 0.3649116 0.9321093 -0.001282095 0.3621747 0.9306244 -0.001826107 0.365971 0.9491189 0.006109535 0.3148586 0.9286611 -3.18495e-4 0.3709293 0.9310411 0.00130707 0.3649119 0.9292148 2.36897e-4 0.3695401 0.9278414 -1.03032e-4 0.372975 0.9292148 2.36897e-4 0.36954 0.9310413 0.00130701 0.3649117 0.9332946 -0.006764709 0.359048 0.9318302 -0.01199239 0.3626964 0.9297156 -0.02086287 0.3676869 0.9281509 -0.01571506 0.3718724 0.9116569 0.0239132 0.4102559 0.915896 0 0.4014156 0.8988314 0 0.4382945 0.8802933 -0.02641308 0.473694 0.8775516 -0.01077759 0.4793611 0.8888722 -0.00100243 0.4581543 0.8978079 0.003457844 0.4403737 0.8778845 -0.01483464 0.4786427 0.8759715 -0.007636427 0.4823026 0.873912 -0.001338481 0.4860822 0.8838803 -2.52006e-5 0.4677132 0.8698054 -0.001865208 0.4933915 0.8702098 0.008251309 0.4926122 0.8739653 -6.85749e-4 0.4859879 0.8734031 0 0.4869979 0.8791667 0.003043413 0.4765047 0.881976 0.004629015 0.4712715 0.8843572 0.006089925 0.466771 0.8850532 4.42846e-5 0.4654899 0.8863028 3.57531e-4 0.4631062 0.8826082 -0.001709759 0.4701061 0.8854048 -3.26236e-4 0.4648206 0.9264578 3.62879e-4 0.3763985 0.9268317 0 0.375477 0.9158961 0 0.4014157 0.9158961 0 0.4014157 0.8978133 0 0.4403764 0.8978133 0 0.4403764 0.8885518 0 0.4587764 0.8889245 -2.91858e-4 0.4580535 0.887154 1.03718e-4 0.4614735 0.8797203 0.002715229 0.4754838 0.8824314 0.003955841 0.4704245 0.8630931 -0.005217134 0.505018 0.8863028 3.57531e-4 0.4631062 0.8826082 -0.001709759 0.4701061 0.8854048 -3.26236e-4 0.4648206 0.9264578 3.62879e-4 0.3763985 0.9268317 0 0.375477 0.9158961 0 0.4014157 0.9158961 0 0.4014157 0.8978133 0 0.4403764 0.8978133 0 0.4403764 0.8885518 0 0.4587764 0.8889245 -2.91858e-4 0.4580535 0.887154 1.03718e-4 0.4614735 0.9264578 3.62879e-4 0.3763985 0.9268317 0 0.375477 0.9158961 0 0.4014157 0.9158961 0 0.4014157 0.8978133 0 0.4403764 0.8978133 0 0.4403764 0.8885518 0 0.4587764 0.8889245 -2.91858e-4 0.4580535 0.8871567 1.03123e-4 0.4614684 0.8854041 -3.27678e-4 0.464822 0.8826057 -0.001712143 0.470111 0.8143252 -0.0352599 0.5793369 0.8708299 -0.001734554 0.4915814 0.8784589 0.003461956 0.4778054 0.8813319 0.005578279 0.4724649 0.8838375 0.007599711 0.4677324 0.9264578 3.62879e-4 0.3763985 0.9268317 0 0.375477 0.9158961 0 0.4014157 0.9158961 0 0.4014157 0.8978133 0 0.4403764 0.8978133 0 0.4403764 0.8885518 0 0.4587764 0.8889245 -2.91858e-4 0.4580535 0.887154 1.03718e-4 0.4614735 0.8854048 -3.26243e-4 0.4648206 0.8826084 -0.001709759 0.4701061 0.8558089 -0.01581931 0.5170503 0.8717175 -0.001620948 0.4900062 0.8775224 0.004013776 0.4795189 0.8803508 0.007017076 0.4742712 0.8829683 0.01010441 0.4693238 0.8889245 -2.91854e-4 0.4580535 0.8885518 0 0.4587764 0.8978133 0 0.4403764 0.8978133 0 0.4403764 0.9158961 0 0.4014157 0.9158961 0 0.4014157 0.9268317 0 0.375477 0.9264578 3.62884e-4 0.3763985 0.9278414 -1.03029e-4 0.3729749 0.887154 1.03718e-4 0.4614735 0.8854048 -3.26233e-4 0.4648206 0.868127 -0.00862652 0.4962671 0.8585768 -0.02238696 0.512196 0.8724936 -0.001521348 0.4886232 0.8762248 0.004774868 0.4818789 0.8786752 0.009455859 0.4773263 0.8812198 0.01507157 0.4724665 0.8751643 0.01449221 0.4836087 0.8758999 0.02963685 0.4815817 0.8751325 0.08974605 0.4754878 0.8351786 0.3304539 0.4396328 0.8978133 0 0.4403764 0.915896 0 0.4014156 0.8854048 -3.26241e-4 0.4648207 0.8826084 -0.001709759 0.4701061 0.8719259 -0.007510185 0.4895803 0.873178 -0.001433193 0.4873993 0.8743076 0.005892038 0.4853366 0.9264578 3.6288e-4 0.3763985 0.9268317 0 0.375477 0.9158961 0 0.4014157 0.9158961 0 0.4014157 0.8978133 0 0.4403764 0.8978133 0 0.4403764 0.8885518 0 0.4587764 0.8889246 -2.91858e-4 0.4580535 0.887154 1.03718e-4 0.4614735 0.8978133 0 0.4403764 0.9158959 0 0.4014157 0.9204103 0.08971685 0.3805203 0.9280302 0.04438346 0.3698515 0.9334462 0.005986213 0.3586677 0.876353 0.4723425 0.09432965 0.936243 0.01938909 0.3508178 0.9158959 0 0.4014157 0.8978133 0 0.4403764 0.8816445 -0.08556467 0.4640923 0.8812829 -0.07221138 0.4670395 0.8786855 -0.03221541 0.4763127 0.8768454 -0.01677995 0.4804794 0.8753579 -0.008175194 0.4834062 0.873786 -0.001354753 0.4863086 0.8743298 -0.00128442 0.4853306 0.8695554 -0.001896977 0.4938318 0.8734031 0 0.486998 0.879301 0.0029639 0.4762573 0.8820902 0.004460453 0.4710595 0.8844456 0.005832612 0.4666069 0.8798272 0.002651751 0.4752863 0.882515 0.003832101 0.4702688 0.8620609 -0.005454123 0.5067756 0.8863028 3.57533e-4 0.4631062 0.8826081 -0.001709759 0.4701064 0.8854048 -3.26234e-4 0.4648207 0.9264578 3.6288e-4 0.3763985 0.9268317 0 0.375477 0.9158961 0 0.4014157 0.9158961 0 0.4014157 0.8978133 0 0.4403764 0.8978133 0 0.4403764 0.8885518 0 0.4587764 0.8889245 -2.91858e-4 0.4580535 0.887154 1.03718e-4 0.4614735 0.9264578 3.6288e-4 0.3763985 0.9268317 0 0.375477 0.9158959 0 0.4014156 0.9158959 0 0.4014156 0.8978132 0 0.4403764 0.8978133 0 0.4403764 0.8885518 0 0.4587764 0.8889246 -2.91858e-4 0.4580535 0.887154 1.03718e-4 0.4614735 0.8854048 -3.26241e-4 0.4648207 0.8826083 -0.001709759 0.470106 0.7834085 -0.04832792 0.6196253 0.8706151 -0.001761972 0.4919617 0.8786326 0.003359317 0.4774865 0.881497 0.005335152 0.4721594 0.8839744 0.007202923 0.4674798 0.8711883 0.007691383 0.4908888 0.8631848 0.03098976 0.5039362 0.8750756 -0.002400875 0.4839802 0.8863027 3.57532e-4 0.4631061 0.8826083 -0.001709759 0.4701061 0.8854048 -3.26234e-4 0.4648207 0.9264578 3.62879e-4 0.3763985 0.9268317 0 0.375477 0.9158959 0 0.4014156 0.9158961 0 0.4014157 0.8978133 0 0.4403764 0.8978133 0 0.4403764 0.8885518 0 0.4587764 0.8889245 -2.91858e-4 0.4580535 0.887154 1.03718e-4 0.4614735 0.9264578 3.6288e-4 0.3763985 0.9268317 0 0.375477 0.9158961 0 0.4014157 0.9158961 0 0.4014157 0.8978133 0 0.4403764 0.8978133 0 0.4403764 0.8885518 0 0.4587764 0.8889246 -2.91858e-4 0.4580535 0.887154 1.03718e-4 0.4614735 0.8854048 -3.26241e-4 0.4648207 0.8826084 -0.001709759 0.4701061 0.8513522 -0.0180332 0.5242845 0.8715307 -0.001644849 0.4903382 0.8777557 0.003876507 0.4790928 0.8806107 0.006636679 0.4737939 0.8832085 0.00941497 0.4688861 0.8889245 -2.91853e-4 0.4580535 0.8885518 0 0.4587764 0.8978133 0 0.4403764 0.8978133 0 0.4403764 0.9158961 0 0.4014157 0.915896 0 0.4014157 0.9268317 0 0.375477 0.9264578 3.62885e-4 0.3763985 0.9278414 -1.03029e-4 0.3729749 0.887154 1.03718e-4 0.4614735 0.8854048 -3.26234e-4 0.4648206 0.8668407 -0.009222269 0.4985 0.8519574 -0.02773791 0.5228759 0.8723297 -0.001542389 0.4889156 0.8765546 0.004581809 0.4812806 0.8791426 0.008777976 0.4764779 0.8817458 0.01358735 0.4715293 0.8762407 0.01295858 0.4816994 0.8778464 0.02439826 0.4783205 0.880724 0.05813652 0.4700485 0.8854049 -3.26241e-4 0.4648206 0.8826083 -0.001709759 0.4701061 0.871048 -0.007975876 0.4911332 0.8730329 -0.001451909 0.4876589 0.8748087 0.005600869 0.484436 0.9264578 3.6288e-4 0.3763985 0.9268317 0 0.375477 0.9158961 0 0.4014157 0.9158961 0 0.4014157 0.8978133 0 0.4403764 0.8978133 0 0.4403764 0.8885518 0 0.4587764 0.8889245 -2.91858e-4 0.4580535 0.887154 1.03718e-4 0.4614735 0.8816445 0.08556467 0.4640923 0.8351786 -0.3304539 0.4396328 0.8726425 -0.1250404 0.4720806 0.8760968 -0.0412817 0.4803646 0.875482 -0.0193119 0.4828648 0.8746494 -0.008795976 0.4846763 0.8863028 3.57529e-4 0.4631062 0.8736568 -0.001371443 0.4865406 0.8720394 0.007202625 0.4893826 0.8678127 0.02473545 0.4962754 0.8692972 -0.001929819 0.494286 0.8748717 -0.00244987 0.4843486 0.8742139 -0.00129944 0.4855391 0.8734031 0 0.4869979 0.8799294 0.002591073 0.4750974 0.8825935 0.003715693 0.4701222 0.8609276 -0.005713284 0.5086954 0.8863028 3.57532e-4 0.4631061 0.8794286 0.002888262 0.4760221 0.8821964 0.004303514 0.4708621 0.8845267 0.005595862 0.4664561 0.887154 1.03718e-4 0.4614736 0.8854048 -3.26234e-4 0.4648207 0.8826084 -0.001709759 0.4701061 0.8871539 1.03718e-4 0.4614735 0.8703951 -0.001790642 0.4923506 0.7092981 -0.07609087 0.7007899 0.8826083 -0.001709759 0.4701061 0.8854048 -3.26234e-4 0.4648207 0.8787965 0.003262519 0.4771857 0.8816484 0.00511229 0.4718792 0.8840976 0.006845414 0.4672523 0.8871536 1.02382e-4 0.4614741 0.8854041 -3.27676e-4 0.4648221 0.8826057 -0.001712143 0.4701109 0.8453401 -0.02096849 0.533817 0.8713381 -0.001669526 0.4906802 0.8779734 0.003748238 0.4786946 0.8808435 0.006295382 0.4733656 0.8834174 0.00881344 0.4685041 0.887154 1.03718e-4 0.4614735 0.8854048 -3.26241e-4 0.4648207 0.8826084 -0.001709759 0.4701061 0.8631377 -0.01210212 0.5048235 0.872161 -0.001564025 0.4892163 0.8768584 0.004403769 0.4807286 0.8795464 0.008190691 0.4757425 0.8821752 0.01236921 0.4707589 0.8700504 -0.008503139 0.4928895 0.8728841 -0.001471102 0.4879254 0.8752619 0.005337119 0.4836199 0.887154 1.03718e-4 0.4614735 0.8854048 -3.26234e-4 0.4648206 0.8826082 -0.001709759 0.4701062 0.887154 1.03718e-4 0.4614735 0.8854048 -3.26234e-4 0.4648206 0.8826082 -0.001709759 0.4701062 0.8771064 0.01171833 0.4801531 0.879186 0.02073276 0.4760273 0.8775384 0.0120908 0.4793539 0.8884198 0.001223504 0.4590306 0.8988243 -0.003977179 0.4382911 0.8978133 0 0.4403764 0.9119176 0 0.4103732 0.9157981 -0.01462286 0.4013727 0.9297329 0.01995062 0.3676937 0.9277129 0.02980303 0.3721027 0.9307767 0.01624852 0.365227 0.9325851 0.009179413 0.3608336 0.9338937 0.00489813 0.3575173 0.935244 0.00117731 0.3540019 0.9304547 1.37652e-5 0.366407 0.9412596 0.002699732 0.337673 0.9379732 -0.005521476 0.346664 0.9353622 4.12644e-4 0.3536913 0.9357309 0 0.3527148 0.939175 0.002163946 0.3434324 0.9328184 -0.001784443 0.3603423 0.9311784 -0.002839505 0.3645529 0.9296573 -0.003910064 0.3684048 0.9324709 -0.001537978 0.3612416 0.9308916 -0.002314209 0.3652882 0.9413636 0.00354582 0.3373751 0.9286612 -3.19113e-4 0.3709288 0.93104 0.001305401 0.364915 0.9292143 2.35778e-4 0.3695411 0.8889245 -2.9323e-4 0.4580537 0.8885499 0 0.45878 0.8978133 0 0.4403764 0.8978133 0 0.4403764 0.915896 0 0.4014156 0.915896 0 0.4014156 0.9268317 0 0.375477 0.9264578 3.62884e-4 0.3763985 0.9278431 -1.0362e-4 0.3729706 0.9322072 -0.001351296 0.3619225 0.9306939 -0.001952826 0.3657938 0.9458239 0.004998862 0.3246415 0.9286611 -3.18494e-4 0.3709293 0.9310414 0.00130707 0.3649116 0.9292147 2.36897e-4 0.36954 0.8889245 -2.91854e-4 0.4580536 0.8885518 0 0.4587764 0.8978133 0 0.4403764 0.8978133 0 0.4403764 0.915896 0 0.4014156 0.915896 0 0.4014156 0.9268317 0 0.375477 0.9264578 3.62885e-4 0.3763985 0.9278414 -1.03029e-4 0.3729749 0.9296373 -3.40278e-5 0.368476 0.9286611 -3.18494e-4 0.3709293 0.9310413 0.00130707 0.3649116 0.9292148 2.36897e-4 0.3695401 0.8889245 -2.91854e-4 0.4580536 0.8885518 0 0.4587764 0.8978133 0 0.4403764 0.8978133 0 0.4403764 0.915896 0 0.4014156 0.915896 0 0.4014156 0.9268317 0 0.375477 0.9264578 3.62884e-4 0.3763985 0.9278414 -1.03029e-4 0.3729749 0.8889246 -2.91853e-4 0.4580535 0.8885518 0 0.4587764 0.8978133 0 0.4403764 0.8978133 0 0.4403764 0.915896 0 0.4014156 0.915896 0 0.4014156 0.9268317 0 0.375477 0.9264578 3.62884e-4 0.3763985 0.9278414 -1.03029e-4 0.3729749 0.9292147 2.3689e-4 0.36954 0.9310413 0.00130707 0.3649116 0.9632487 0.02709418 0.2672415 0.937761 0.001805603 0.3472766 0.9332971 -0.002125144 0.3590989 0.931632 -0.003673672 0.3633846 0.9300407 -0.005310654 0.3674183 0.8889245 -2.91854e-4 0.4580536 0.8885518 0 0.4587764 0.8978133 0 0.4403764 0.8978133 0 0.4403764 0.9158961 0 0.4014157 0.9158961 0 0.4014157 0.9268317 0 0.375477 0.9264578 3.62885e-4 0.3763985 0.9278414 -1.03029e-4 0.3729749 0.9292147 2.3689e-4 0.36954 0.9310413 0.00130707 0.3649116 0.9417516 0.009005606 0.3361887 0.9367391 0.001549065 0.3500249 0.9339985 -0.002626597 0.3572673 0.9324574 -0.005201637 0.3612424 0.9308425 -0.008274376 0.365327 0.9344291 -0.008905589 0.356038 0.9292148 2.36891e-4 0.36954 0.9310413 0.00130707 0.3649116 0.9368464 0.005396723 0.3496993 0.9359661 0.001356363 0.3520875 0.935125 -0.003437697 0.3543015 0.8889246 -2.91853e-4 0.4580535 0.8885518 0 0.4587764 0.8978133 0 0.4403764 0.8978133 0 0.4403764 0.9158961 0 0.4014157 0.9158961 0 0.4014157 0.9268317 0 0.375477 0.9264578 3.62885e-4 0.3763985 0.9278415 -1.03029e-4 0.3729749 0.9335666 -0.01872146 0.3579146 0.9304874 -0.05779546 0.3617359 0.8674873 -0.3447358 0.3586406 0.915896 0 0.4014156 0.8978133 0 0.4403764 0.9075539 0.09771293 0.4084095 -0.9422687 0.2867856 -0.1728692 0.8973018 0.228696 0.3775548 -0.9513616 0.03800445 -0.3057234 -0.9516962 0.05776298 -0.301559 -0.9351605 0.0992397 -0.3400388 -0.9534025 0.07783818 -0.2914873 -0.9566545 0.07433676 -0.2815781 -0.9489247 0.03587013 -0.3134569 -0.9522991 0.08288592 -0.2936941 -0.9395127 0.1144124 -0.3228399 -0.938849 0.1149253 -0.3245838 0.8428617 0.3541993 0.4051259 0.7937449 0.4691787 0.3870922 0.7937481 0.4691747 0.3870906 0.6916915 0.6314057 0.3505563 0.6916913 0.6314058 0.3505563 0.5617977 0.7693715 0.304057 0.5617982 0.7693713 0.304057 0.40906 0.8777698 0.2493795 0.4090592 0.8777701 0.2493796 0.2393479 0.9524352 0.1886262 0.2393488 0.952435 0.1886261 0.05918097 0.9904996 0.1241294 0.05918103 0.9904997 0.1241294 -0.1245127 0.9904996 0.05837047 -0.1245126 0.9904997 0.05837047 -0.3046799 0.9524351 -0.006126105 -0.3046826 0.9524342 -0.006125569 -0.4743919 0.8777697 -0.06687855 -0.4743916 0.8777698 -0.06687861 -0.6271313 0.7693701 -0.1215566 -0.6271308 0.7693705 -0.1215568 -0.7570226 0.6314064 -0.1680557 -0.757022 0.631407 -0.168056 -0.8590782 0.4691776 -0.2045902 -0.859079 0.4691763 -0.2045896 -0.9084821 0.3541952 -0.2218242 -0.9322218 0.2885689 -0.2183818 -0.9332475 0.2830438 -0.2212136 -0.9473183 0.2133383 -0.2389036 -0.9330436 0.2287123 -0.2777054 0.9350982 0.107074 0.3378261 0.934976 0.08540517 0.3442758 0.9268628 0.05775547 0.3709305 0.9292463 0.03800439 0.3675012 0.9044134 0.140728 0.4027804 0.8989599 0.09753423 0.4270343 0.918015 0.07433056 0.389517 0.9287633 0.04596221 0.3678126 0.9279449 0.1026372 0.358307 0.9312418 0.1156055 0.3455781 0.9310682 0.111189 0.3474896 -0.9422688 0.2867851 -0.172869 -0.8724908 0.465713 -0.1478899 -0.8724915 0.4657114 -0.1478894 -0.7711896 0.6267428 -0.1116252 -0.7711884 0.6267442 -0.1116256 -0.6422555 0.7636894 -0.06546998 -0.6422563 0.7636888 -0.0654698 -0.4906464 0.8712869 -0.01119619 -0.4906448 0.8712878 -0.01119649 -0.3221868 0.9454016 0.04910832 -0.3221892 0.9454007 0.04910862 -0.1433499 0.9831849 0.1131299 -0.1433503 0.9831848 0.1131299 0.03898638 0.9831848 0.1784031 0.03898686 0.9831848 0.1784031 0.2178238 0.9454014 0.2424232 0.217824 0.9454014 0.2424232 0.3862838 0.8712865 0.3027287 0.3862808 0.8712877 0.3027291 0.537892 0.7636892 0.3570032 0.5378915 0.7636893 0.3570032 0.6668237 0.6267448 0.4031588 0.666826 0.6267428 0.4031582 0.7681283 0.4657112 0.4394224 0.7681292 0.46571 0.439422 0.837906 0.2867847 0.4644008 0.8379058 0.286785 0.4644008 0.8734789 0.09683293 0.4771353 0.8734782 0.09683495 0.4771361 -0.9778417 0.09683477 -0.1856035 -0.9778417 0.09683489 -0.1856036 -0.9681568 0.09743076 -0.2306069 -0.9630235 0.1124012 -0.2448503 -0.9605594 0.09771347 -0.2603416 -0.9620847 0.0976665 -0.2546648 -0.9663744 0.09940505 -0.2371477 0.8603292 0.2823219 0.4244151 0.8596258 0.2886123 0.4216001 0.8837168 0.2133321 0.4165739 0.9011605 0.09758359 0.4223591 0.8916139 0.126473 0.4347751 -0.986155 0 -0.165826 -0.9842674 0 -0.1766857 -0.9858345 -2.2715e-4 -0.1677201 -0.985323 -0.001134693 -0.170696 -0.9848964 -0.002054393 -0.1731324 -0.9845457 -0.002836942 -0.1751047 -0.9839628 -0.004439175 -0.1783186 -0.9834415 -0.006194174 -0.1811198 -0.982602 -0.009357988 -0.1854882 -0.9809896 -0.01708924 -0.1933066 -0.9824275 -0.007983863 -0.1864738 -0.9785982 -0.001627981 -0.2057737 -0.9727727 0.005046665 -0.2317064 -0.9738551 1.51229e-5 -0.2271699 -0.9651782 -1.08475e-5 -0.2615934 -0.9650055 6.38893e-4 -0.2622287 -0.9595552 -1.94235e-4 -0.2815203 -0.9520116 -0.008915126 -0.3059322 -0.9524824 -0.01202297 -0.3043564 -0.9441628 0 -0.3294794 0.84735 -0.09591031 0.5223018 0.8274935 -0.02851432 0.5607508 0.8302442 -0.09521716 0.549207 0.8069362 -0.1602657 0.5684795 0.7961249 -0.2821071 0.535351 0.7777342 -0.3173312 0.5426144 0.7404429 -0.4141064 0.5293961 0.7277636 -0.4581733 0.5103306 0.6982644 -0.497922 0.5142962 0.6214517 -0.6145705 0.4859021 0.6548969 -0.5878919 0.4748614 0.4809427 -0.7429357 0.4655541 0.5537945 -0.7090867 0.4364719 0.3373732 -0.8497227 0.4051552 0.3920453 -0.8340637 0.3881214 0.1761862 -0.9239784 0.3394442 0.2096091 -0.9200105 0.3311263 0.003785252 -0.9626458 0.2707374 0.01480114 -0.9631713 0.268481 -0.1729906 -0.9640901 0.201506 -0.183549 -0.9617447 0.2033638 -0.347119 -0.9281575 0.1342837 -0.3764564 -0.9159472 0.1390008 -0.511695 -0.8561826 0.07155227 -0.5552245 -0.8279862 0.07851481 -0.660185 -0.7509397 0.01566159 -0.7117852 -0.7019591 0.02480411 -0.7867189 -0.6165185 -0.0312795 -0.8109131 -0.5845846 -0.02609229 -0.8660145 -0.4979274 -0.04568594 -0.8862981 -0.4581732 -0.06747502 -0.9081975 -0.414104 -0.06078732 -0.9563927 -0.2812154 -0.07893681 -0.9427284 -0.3191276 -0.09706044 -0.9936014 -0.09420323 -0.06230568 -0.9803493 -0.1618903 -0.1127249 -0.9953687 -0.0285232 -0.09180146 0.8473505 -0.09591239 0.5223006 0.8121168 -0.2840506 0.5096877 0.8121167 -0.2840494 0.5096885 0.7430043 -0.4612704 0.4849476 0.7430046 -0.4612687 0.4849488 0.6426684 -0.620765 0.4490303 0.6426671 -0.6207685 0.4490272 0.5149657 -0.7564056 0.4033125 0.5149661 -0.7564048 0.4033133 0.3648012 -0.8629772 0.3495574 0.364801 -0.8629775 0.349557 0.1979463 -0.9363858 0.2898257 0.1979483 -0.9363844 0.2898285 0.02081799 -0.9738076 0.2264189 0.02081745 -0.9738077 0.2264181 -0.1597812 -0.9738077 0.1617668 -0.1597806 -0.9738077 0.1617676 -0.3369095 -0.9363853 0.09835857 -0.3369116 -0.936385 0.098356 -0.5037651 -0.8629767 0.03862547 -0.5037632 -0.8629777 0.0386278 -0.6539275 -0.756406 -0.01512843 -0.6539286 -0.756405 -0.01512998 -0.7816315 -0.6207656 -0.06084549 -0.7816311 -0.6207662 -0.06084471 -0.8819674 -0.4612703 -0.09676367 -0.8819673 -0.4612705 -0.09676337 -0.9510795 -0.2840501 -0.1215044 -0.9510795 -0.2840504 -0.1215041 -0.9863132 -0.09591108 -0.1341174 -0.9863131 -0.09591096 -0.1341174 0.8278301 -1.63012e-7 0.560979 0.8512755 0 0.5247192 0.8455604 -0.001699447 0.5338769 0.8397479 0 0.5429767 0.827811 0.006795585 0.560966 0.8512744 0 0.5247208 -0.9863132 0.09591102 -0.1341174 -0.9953687 0.0285232 -0.09180146 -0.9901686 0.095218 -0.102467 -0.9843874 0.1602632 -0.07278239 -0.9550073 0.2821071 -0.09152358 -0.9454037 0.3173335 -0.07423788 -0.9081975 0.414104 -0.06078732 -0.8862985 0.4581725 -0.0674749 -0.8660137 0.497929 -0.04568451 -0.7886353 0.6145713 -0.01888102 -0.8074785 0.587888 -0.04864406 -0.6671346 0.7429363 0.05456316 -0.7049797 0.7090864 -0.01414793 -0.5178512 0.8497231 0.09899878 -0.5492919 0.8340644 0.05113875 -0.3515834 0.9239782 0.1505109 -0.3721338 0.9200103 0.1228721 -0.1747458 0.9626459 0.2068257 -0.1818248 0.9631711 0.1980937 0.005808115 0.9640896 0.2655138 0.01278579 0.9617453 0.2736467 0.1830382 0.9281575 0.324069 0.2027174 0.915947 0.3463335 0.3500324 0.856184 0.3800346 0.3792542 0.8279874 0.4130412 0.5002605 0.7509393 0.4310796 0.5343359 0.701958 0.4708927 0.6278364 0.616519 0.4751061 0.6432418 0.5845856 0.4944691 0.7207859 0.4566664 0.5214629 0.7131822 0.5014063 0.4898601 0.7404429 0.4141063 0.5293961 0.7892076 0.2812165 0.5459566 0.7901496 0.3191251 0.5232808 0.8074079 0.09420222 0.5824247 0.8291654 0.1618934 0.5350469 0.8274935 0.02851432 0.5607508 -0.9863131 0.09591114 -0.1341174 -0.9510793 0.2840506 -0.1215044 -0.9510794 0.2840504 -0.1215043 -0.8819679 0.4612694 -0.09676349 -0.8819668 0.4612714 -0.09676444 -0.7816307 0.6207666 -0.06084603 -0.7816317 0.6207655 -0.06084549 -0.6539273 0.7564062 -0.01512956 -0.6539277 0.7564058 -0.01512938 -0.5037639 0.8629774 0.03862661 -0.5037643 0.8629771 0.03862673 -0.3369108 0.936385 0.09835731 -0.336912 0.9363846 0.09835761 -0.1597831 0.9738074 0.1617667 -0.1597798 0.9738081 0.161766 0.02082031 0.9738078 0.2264177 0.02081692 0.9738076 0.2264184 0.1979467 0.9363849 0.2898282 0.1979487 0.9363846 0.2898278 0.3647996 0.8629778 0.3495575 0.3648024 0.8629769 0.3495569 0.5149657 0.7564057 0.4033123 0.5149654 0.7564058 0.4033125 0.6426689 0.6207662 0.4490278 0.6426672 0.6207675 0.4490284 0.7430047 0.4612697 0.4849478 0.7430047 0.4612696 0.4849478 0.8121162 0.284051 0.5096884 0.8121173 0.2840494 0.5096876 0.8473508 0.09591037 0.5223006 0.847351 0.09590965 0.5223002 -0.9908812 0 -0.1347386 -0.989196 0.003259181 -0.1465629 -0.9957612 -0.005061089 -0.09183764 -0.990995 0.01262581 -0.1333028 -0.9918575 0.01001977 -0.1269584 -0.9926623 0.007547676 -0.1206841 -0.9937858 0.00395739 -0.111239 -0.9949294 0 -0.1005766 -0.9949293 0 -0.1005763 -0.9937857 -0.00395745 -0.1112393 -0.9892012 0 -0.1465637 -0.9908801 -0.00145632 -0.1347385 -0.9907772 -0.001571118 -0.1354919 -0.9957644 0.00437051 -0.09183794 -0.9918574 -0.01001965 -0.1269584 -0.9926623 -0.007547676 -0.1206843 -0.9388639 -0.02262669 0.3435442 -0.5203799 -0.03408843 0.8532542 -0.5203431 -0.03408265 0.8532769 -0.5090392 -0.07664519 0.8573241 -0.5089724 -0.07661682 0.8573663 -0.4893492 -0.1156055 0.8643915 -0.4894124 -0.1156526 0.8643494 -0.4623724 -0.1492833 0.8740287 -0.4623784 -0.1492903 0.8740244 -0.4291784 -0.1759871 0.8859088 -0.4291888 -0.1760071 0.8858999 -0.3913661 -0.1945275 0.8994396 -0.391357 -0.1944942 0.8994508 -0.3506888 -0.2039725 0.914009 -0.3506843 -0.2038977 0.9140275 -0.3090606 -0.2038966 0.9289282 -0.3090587 -0.2039105 0.9289258 -0.2683981 -0.1944336 0.9434818 -0.2683614 -0.1945361 0.9434711 -0.2305384 -0.1760145 0.9570115 -0.2305697 -0.1759628 0.9570134 -0.1973775 -0.1492689 0.9688966 -0.1973801 -0.1492662 0.9688966 -0.1703431 -0.1156384 0.9785759 -0.1704032 -0.1155959 0.9785706 -0.1507819 -0.07661193 0.985594 -0.1507572 -0.07662254 0.9855969 -0.1394564 -0.03407263 0.9896419 -0.1394758 -0.03406882 0.9896392 -0.137892 -0.006005585 0.9904291 -0.1379494 -0.005997598 0.9904211 0.07758998 -0.01203966 0.9969127 0.3001973 -0.01908463 0.9536862 0.6801422 -0.02613371 0.7326142 0.6800682 -0.02614319 0.7326825 0.6704286 -0.1476214 0.7271407 0.6704729 -0.1476279 0.7270984 0.6347357 -0.2908949 0.7158846 0.1926382 -0.2033578 0.9599667 0.6004847 -0.3795858 0.7037988 0.5618206 -0.4564114 0.6899611 0.1405397 -0.3068258 0.9413323 0.511409 -0.5358722 0.67179 0.4193375 -0.6465844 0.6372477 0.4193966 -0.6466207 0.6371719 0.2755925 -0.7622422 0.5856925 0.275555 -0.7622113 0.5857501 0.1117705 -0.8424097 0.5271177 0.1117821 -0.8424224 0.5270951 -0.06437957 -0.8834793 0.4640253 -0.06439936 -0.8834508 0.4640769 -0.2447496 -0.8834504 0.3995161 -0.2447342 -0.8834813 0.399457 -0.4208993 -0.8424253 0.3363978 -0.4209072 -0.8424004 0.3364502 -0.5846896 -0.7622079 0.277808 -0.5846867 -0.7622281 0.2777583 -0.7284881 -0.646607 0.2262841 -0.7284868 -0.6465843 0.226353 -0.8215664 -0.5358679 0.1946135 -0.706036 -0.3068507 0.6382442 -0.8720486 -0.456407 0.1767032 -0.9107138 -0.3795741 0.1628619 -0.758104 -0.2033574 0.6196161 -0.9448498 -0.290889 0.1504741 -0.9795845 -0.1476231 0.1364614 -0.9795937 -0.1476264 0.1363912 -0.9905614 -0.0261352 0.1345549 -0.9905552 -0.02613949 0.1345998 -0.5220566 -0.006002962 0.8528897 -0.5219297 -0.006014883 0.8529673 -0.6934103 -0.01208513 0.7204416 0.5053492 -0.02258539 0.8626194 0.3001387 -0.01907581 0.9537049 0.2949982 -0.100739 0.9501725 0.2949941 -0.1007385 0.9501738 0.2615862 -0.2265496 0.9382153 0.2616279 -0.2265618 0.9382008 0.2036123 -0.3418546 0.9174298 0.2035738 -0.3418353 0.9174456 0.1236438 -0.4412323 0.8888342 0.1236109 -0.4412077 0.888851 0.02548778 -0.5200988 0.8537257 0.02552598 -0.5201403 0.8536993 -0.08624428 -0.5748667 0.8136893 -0.08623164 -0.5748866 0.8136765 -0.2064511 -0.6029 0.7706424 -0.2064667 -0.6028606 0.7706688 -0.3295352 -0.6028602 0.7266127 -0.3295329 -0.6028721 0.7266039 -0.4497452 -0.5748582 0.6835694 -0.4497452 -0.5748834 0.6835483 -0.5615137 -0.5201468 0.6435447 -0.5614984 -0.5200773 0.6436142 -0.6596187 -0.4411937 0.6084827 -0.6596305 -0.4412186 0.608452 -0.739557 -0.3418238 0.579838 -0.7395844 -0.3418565 0.5797836 -0.7976028 -0.2265611 0.5590168 -0.7976002 -0.2265593 0.5590214 -0.8310083 -0.100744 0.5470612 -0.8309749 -0.1007335 0.5471137 -0.8371883 -0.01908427 0.5465818 -0.8372198 -0.01909255 0.5465332 -0.1378945 0 0.9904469 -0.1378945 0 0.9904469 0.07759553 -1.26129e-7 0.9969849 0.07759553 -1.26129e-7 0.9969849 0.3002519 -1.47202e-7 0.9538599 0.6803746 -1.65879e-7 0.7328646 0.6803746 -1.65894e-7 0.7328646 0.5054782 -1.60607e-7 0.8628394 0.5054782 -1.60607e-7 0.8628394 0.3002519 -1.47202e-7 0.9538599 0.5053492 0.02258569 0.8626194 -0.1394779 0.03406906 0.9896389 -0.1394541 0.03407227 0.9896422 -0.1507526 0.07662355 0.9855976 -0.1507778 0.07661437 0.9855945 -0.1703981 0.1156017 0.9785708 -0.1703541 0.1156291 0.9785752 -0.1973933 0.149253 0.968896 -0.1973906 0.1492556 0.9688962 -0.2305836 0.1759457 0.9570133 -0.2305368 0.1760137 0.9570119 -0.2683582 0.1945345 0.9434724 -0.2683959 0.1944455 0.94348 -0.3090558 0.2039228 0.9289242 -0.3090611 0.2038966 0.9289281 -0.3506868 0.2038977 0.9140266 -0.350687 0.2039855 0.9140069 -0.3913607 0.1945052 0.8994467 -0.3913655 0.1945278 0.8994398 -0.4291876 0.1760077 0.8859003 -0.42917 0.1759682 0.8859167 -0.4623676 0.1492772 0.8740323 -0.4623621 0.1492697 0.8740366 -0.4894009 0.1156465 0.8643568 -0.4893553 0.1156076 0.8643878 -0.5089772 0.07661634 0.8573635 -0.5090423 0.07664936 0.8573219 -0.5203452 0.03408169 0.8532756 -0.520378 0.03408926 0.8532554 -0.5219298 0.00599879 0.8529674 -0.5220555 0.006019175 0.8528903 -0.6934104 0.01208519 0.7204415 -0.8372198 0.01909267 0.5465334 -0.9905552 0.02613949 0.1345998 -0.990561 0.0261355 0.1345582 -0.979591 0.1476268 0.1364095 -0.9795848 0.1476213 0.1364611 -0.9448498 0.290889 0.1504741 -0.7581064 0.2033584 0.6196127 -0.9107159 0.3795787 0.1628387 -0.8720498 0.4564152 0.1766759 -0.7060444 0.3068597 0.6382307 -0.8215674 0.5358664 0.1946131 -0.7284883 0.6465828 0.2263526 -0.7284876 0.6465942 0.2263224 -0.5846891 0.7622103 0.2778023 -0.5846897 0.7622078 0.277808 -0.4209088 0.8423998 0.3364498 -0.4209076 0.8424025 0.3364444 -0.2447478 0.8834562 0.3995042 -0.244736 0.8834755 0.3994688 -0.06438046 0.883476 0.4640317 -0.06439846 0.8834542 0.4640706 0.1117597 0.8423994 0.5271368 0.111771 0.8424097 0.5271179 0.2755532 0.7622125 0.5857496 0.2755683 0.7622231 0.5857288 0.4193748 0.6466053 0.637202 0.4193363 0.6465857 0.6372472 0.5114101 0.5358708 0.6717904 0.1405547 0.3068348 0.9413272 0.5618389 0.4564197 0.6899408 0.6005011 0.3795905 0.7037823 0.1926424 0.2033588 0.9599657 0.6347357 0.2908949 0.7158846 0.6704734 0.1476259 0.7270984 0.6704149 0.1476221 0.7271531 0.6800659 0.02614349 0.7326847 0.6801422 0.02613371 0.7326142 -0.1379501 0.006003975 0.990421 -0.137892 0.005999267 0.9904292 0.07758986 0.01203972 0.9969127 -0.9388639 0.02262699 0.3435442 -0.8371888 0.01908451 0.5465809 -0.8309776 0.1007362 0.5471091 -0.8310088 0.1007419 0.5470607 -0.7976003 0.2265591 0.5590214 -0.7975971 0.2265573 0.5590267 -0.7395774 0.3418468 0.5797983 -0.7395637 0.3418333 0.5798238 -0.659639 0.4412316 0.6084332 -0.6596251 0.4412083 0.6084654 -0.5615008 0.5200982 0.6435951 -0.56151 0.5201269 0.6435639 -0.4497454 0.5748594 0.6835684 -0.4497433 0.574835 0.6835903 -0.3295385 0.6028457 0.7266234 -0.3295399 0.6028342 0.7266322 -0.2064734 0.6028351 0.7706871 -0.2064609 0.6028743 0.7706598 -0.08624625 0.574863 0.8136917 -0.08625715 0.5748424 0.8137051 0.02550756 0.5201218 0.8537112 0.02550441 0.5201183 0.8537134 0.1236292 0.4412205 0.8888422 0.1236598 0.4412474 0.8888246 0.2035895 0.3418428 0.9174393 0.2035964 0.341847 0.9174363 0.2616163 0.2265591 0.9382046 0.2615867 0.226548 0.9382156 0.2949942 0.1007382 0.9501739 0.2950033 0.1007398 0.9501708 0.3001396 0.0190761 0.9537045 0.3001972 0.01908481 0.9536861 -0.5219392 0 0.8529827 -0.5219392 0 0.8529827 -0.693461 0 0.7204942 -0.693461 0 0.7204942 -0.8373724 0 0.5466329 -0.9908938 0 0.1346458 -0.9908938 0 0.1346458 -0.9391043 0 0.3436322 -0.9391043 0 0.3436322 -0.8373724 0 0.5466329 -0.3370353 2.35239e-6 0.941492 -0.3370349 1.61912e-6 0.9414921 -0.3370375 7.75679e-7 0.9414912 -0.3370371 0 0.9414914 -0.3370376 0 0.9414911 -0.3370364 -2.20933e-6 0.9414916 -0.337038 6.12635e-7 0.941491 -0.3370375 7.75678e-7 0.9414912 -0.3370371 0 0.9414914 -0.3370377 0 0.9414912 -0.3370381 -2.83956e-6 0.941491 -0.3370376 4.17071e-7 0.9414911 -0.3370384 1.0903e-6 0.941491 -0.337037 -9.40243e-7 0.9414914 -0.3370388 -3.82899e-7 0.9414907 -0.3370371 2.47954e-6 0.9414914 -0.3370373 2.56543e-6 0.9414913 -0.3370395 2.77694e-7 0.9414905 -0.3370383 3.95892e-7 0.941491 -0.337037 -9.40241e-7 0.9414914 -0.3370348 -1.63005e-6 0.9414922 -0.3370353 -2.35239e-6 0.941492 -0.3370383 -1.0903e-6 0.941491 -0.3370364 9.25644e-7 0.9414917 -0.3370398 2.01913e-6 0.9414905 -0.3370386 2.59761e-6 0.9414908 -0.337038 1.30684e-6 0.9414911 -0.3370384 -1.37634e-6 0.9414909 -0.3370373 -2.56543e-6 0.9414913 -0.3370367 -6.13659e-7 0.9414916 -0.3370346 4.20202e-7 0.9414923 -0.3370347 1.02932e-6 0.9414923 -0.3370375 -4.24268e-7 0.9414913 -0.3370372 0 0.9414913 -0.3370372 2.16343e-7 0.9414913 -0.3370385 -1.35114e-6 0.9414909 -0.3370386 -2.5976e-6 0.9414908 -0.3370371 7.98319e-7 0.9414914 -0.3370372 0 0.9414913 -0.3370376 4.24269e-7 0.9414913 -0.3370413 -9.62644e-6 0.9414898 -0.3370414 0 0.9414898 -0.3370414 0 0.9414898 -0.3370414 9.62631e-6 0.9414899 -0.3370354 2.30086e-6 0.941492 -0.3370372 5.28726e-7 0.9414913 -0.337037 -2.34372e-6 0.9414914 -0.3370344 1.07351e-6 0.9414923 -0.3370346 -4.14745e-7 0.9414923 -0.3370372 1.40245e-7 0.9414914 -0.3370372 -5.28728e-7 0.9414913 -0.3370354 -2.30085e-6 0.941492 -0.3370324 5.25141e-6 0.941493 -0.3370325 0 0.941493 -0.3370325 0 0.941493 -0.3370325 -5.25148e-6 0.941493 -0.9414942 1.50067e-7 -0.3370291 -0.9414942 1.50079e-7 -0.3370291 -0.9299031 -0.1564333 -0.3328799 -0.9298985 -0.156437 -0.3328909 -0.8388733 -0.4539915 -0.3003051 -0.8388786 -0.4539884 -0.3002955 -0.6657373 -0.7071064 -0.2383157 -0.6657361 -0.707107 -0.2383176 -0.4274281 -0.8910069 -0.1530091 -0.4274278 -0.891007 -0.1530096 -0.1472833 -0.9876881 -0.05272412 -0.1472828 -0.9876881 -0.05272471 0.147283 -0.9876881 0.05272471 0.1472827 -0.9876881 0.05272519 0.4274268 -0.891007 0.1530129 0.4274289 -0.8910065 0.1530098 0.6657363 -0.7071063 0.2383186 0.6657363 -0.7071064 0.2383186 0.8388762 -0.4539904 0.3002989 0.8388762 -0.4539903 0.3002989 0.9299015 -0.1564332 0.332884 0.9298999 -0.1564347 0.332888 0.9414912 0 0.3370375 0.9414912 0 0.3370375 0.9299001 0.1564331 0.3328881 0.9299014 0.1564344 0.3328839 0.8388766 0.4539898 0.3002991 0.8388765 0.4539898 0.300299 0.6657363 0.7071064 0.2383186 0.6657363 0.7071064 0.2383188 0.427428 0.891007 0.1530097 0.4274277 0.8910065 0.1530132 0.14728 0.9876887 0.05272424 0.14728 0.9876887 0.0527237 -0.1472803 0.9876887 -0.05272376 -0.1472803 0.9876886 -0.05272299 -0.4274285 0.8910067 -0.1530098 -0.4274286 0.8910068 -0.1530092 -0.6657366 0.7071063 -0.2383178 -0.6657368 0.7071069 -0.2383156 -0.8388773 0.4539909 -0.3002951 -0.8388751 0.4539878 -0.3003057 -0.929899 0.1564331 -0.3328911 -0.9299025 0.1564368 -0.3328796 -0.3370217 4.78416e-6 0.9414969 -0.3370648 -4.51622e-6 0.9414815 -0.3370616 -1.50237e-5 0.9414826 -0.3370369 -2.16361e-7 0.9414914 -0.3370379 1.49423e-6 0.941491 -0.337081 -4.80301e-5 0.9414757 -0.3370637 -6.16715e-5 0.9414818 -0.3370231 3.33174e-5 0.9414964 -0.3370342 3.71613e-5 0.9414924 -0.3370381 0 0.941491 -0.3370364 0 0.9414916 -0.3370296 -3.59133e-5 0.9414941 -0.3370198 -3.22063e-5 0.9414976 -0.337057 3.80762e-5 0.9414842 -0.3370675 2.98546e-5 0.9414805 -0.3370209 -1.57935e-5 0.9414972 -0.337016 -9.10199e-6 0.941499 -0.3370622 1.33054e-5 0.9414824 -0.3370654 2.56333e-6 0.9414812 -0.3370217 -2.745e-6 0.9414968 -0.3370217 0 0.9414969 -0.3370217 0 0.9414969 -0.3370217 4.78415e-6 0.9414969 -0.3370649 -4.51621e-6 0.9414814 -0.3370615 -1.55172e-5 0.9414826 -0.3370172 1.10336e-5 0.9414985 -0.3370222 1.8231e-5 0.9414967 -0.3370653 -3.15851e-5 0.9414812 -0.3370544 -3.99697e-5 0.9414852 -0.3370232 3.33164e-5 0.9414964 -0.3370311 3.60977e-5 0.9414935 -0.337035 0 0.9414921 -0.3370397 0 0.9414905 -0.3370328 -3.67774e-5 0.941493 -0.3370193 -3.20408e-5 0.9414978 -0.3370676 5.88451e-5 0.9414804 -0.3370832 4.66061e-5 0.9414749 -0.3370365 1.08177e-6 0.9414917 -0.3370361 1.22005e-6 0.9414917 -0.337062 1.38462e-5 0.9414824 -0.3370654 2.56332e-6 0.9414812 -0.3370217 -2.74499e-6 0.9414969 -0.3370217 0 0.9414969 -0.3370217 0 0.9414969 0.6514285 -0.6292698 0.4238638 0.9176938 0 0.3972884 0.9274557 -0.001737773 0.3739292 0.9273487 -0.001377284 0.3741958 0.9262766 0 0.3768445 0.9287995 0 0.3705827 0.927226 9.64389e-4 0.3745011 0.9273487 0.001377284 0.3741958 0.9262766 0 0.3768445 0.916945 0 0.3990134 0.9172962 -0.003839731 0.3981869 0.9076347 5.11528e-4 0.4197605 0.9069046 0.001621365 0.4213328 0.9048483 -7.27889e-4 0.4257336 0.907743 0.00705558 0.4194673 0.9060833 -0.001268267 0.4230976 0.9050414 9.47727e-4 0.4253224 0.9050654 0 0.4252725 0.9162312 0.003304898 0.4006363 0.9134662 0 0.4069145 0.9161051 -0.02128243 0.400373 0.9203882 -0.004566371 0.3909792 0.9161627 -0.02265787 0.4001656 0.916233 -0.007043063 0.4005839 0.9162313 -0.001879453 0.4006453 0.9134662 0 0.4069145 0.9162747 0.02279043 0.3999015 0.9162271 0.01613682 0.4003342 0.9162335 0.007913112 0.4005666 0.9004088 0 0.4350448 0.9004088 0 0.4350448 0.9004088 0 0.4350448 0.6515569 0.6291127 0.4238995 0.908199 -0.008026123 0.4184615 0.9070793 1.27542e-4 0.4209595 0.9042071 0 0.4270944 0.9050769 4.68152e-4 0.4252477 0.9050414 -9.47727e-4 0.4253224 0.9054377 -1.07215e-4 0.4244791 0.9052649 2.54265e-4 0.4248475 0.9075903 -5.79236e-4 0.4198565 0.9076347 -5.11534e-4 0.4197605 0.9172962 0.003839731 0.3981869 0.9169451 0 0.3990134 0.9262765 0 0.3768444 0.9273087 0 0.3742973 0.9274557 -0.001737773 0.3739292 0.9273487 -0.001377284 0.3741958 0.9271057 0.002187192 0.3747937 0.9274347 0.001488327 0.3739821 0.9262766 0 0.3768445 0.9176938 0 0.3972884 0.9273087 0 0.3742973 0.9274556 -0.001737773 0.3739292 0.9273487 -0.001377284 0.3741958 0.9271057 0.002187192 0.3747937 0.9274348 0.001488327 0.3739821 0.9262766 0 0.3768445 0.916945 0 0.3990134 0.9077429 0.007055103 0.4194676 0.9050414 9.47738e-4 0.4253224 0.9060833 -0.001268267 0.4230976 0.9076348 5.1153e-4 0.4197605 0.9172962 -0.003839731 0.3981869 0.9176938 0 0.3972884 0.9262766 0 0.3768445 0.6515655 0.6291019 0.4239023 0.9081991 -0.008026361 0.4184615 0.9069046 0.001621365 0.4213328 0.9048483 -7.27889e-4 0.4257336 0.9050653 0 0.4252725 0.9199653 4.24915e-4 0.3919996 0.9134662 0 0.4069145 0.9123167 0.005146861 0.409453 0.9009919 -0.009153664 0.4337393 0.8977792 0 0.4404457 0.900475 -0.006609499 0.4348577 0.9115797 0.00740683 0.4110568 0.9122397 0 0.4096568 0.9187151 0 0.3949208 0.9199725 -0.002657234 0.3919739 0.9200417 -0.005796909 0.3917775 0.9200575 -0.006135761 0.3917353 0.9221045 6.0409e-4 0.3869405 0.9199935 0.005120396 0.3919001 0.9200776 0.006685137 0.3916792 0.9189238 0 0.3944351 0.9037647 -4.47073e-5 0.4280297 0.9077429 -0.007055222 0.4194676 0.9069769 -0.003165125 0.4211686 0.9077429 0.007055401 0.4194675 0.9059081 3.54797e-5 0.4234742 0.9059216 0 0.4234454 0.9052681 0.0012241 0.4248391 0.916945 0 0.3990134 0.9274542 -0.001638114 0.3739332 0.9275179 -0.001935601 0.3737738 0.9063411 0 0.4225468 0.916945 0 0.3990134 0.916945 0 0.3990134 0.9267952 0 0.3755671 0.925655 -0.007155597 0.378301 0.9264017 0 0.3765368 0.9273297 0.001429975 0.3742427 0.9275178 0.00193578 0.3737737 0.9274541 0.001637518 0.3739335 0.9273577 6.65391e-4 0.3741754 0.9273577 -6.6553e-4 0.3741754 0.9057496 0.001756012 0.4238095 0.905871 0.001396834 0.4235514 0.9042071 0 0.4270945 0.9060134 -9.74586e-4 0.4232479 0.905871 -0.001396834 0.4235514 0.9070917 0 0.4209333 0.9256548 -0.007156133 0.3783013 0.9270755 0.001814663 0.3748703 0.9281737 -3.7722e-4 0.3721471 0.9280601 -9.65826e-4 0.3724292 0.9280602 -8.22544e-4 0.3724292 0.9280602 8.22668e-4 0.3724292 0.9166726 -0.02437943 0.3988949 0.9179607 0 0.3966713 0.9186975 -0.02439892 0.3942074 0.9186975 0.02439844 0.3942074 0.9281737 3.773e-4 0.3721472 0.9280601 9.65333e-4 0.3724292 0.9070916 0 0.4209333 0.9169451 0 0.3990134 0.9186 0.01975852 0.3946943 0.9264038 -2.13307e-5 0.3765315 0.9277465 -2.08911e-5 0.3732112 0.9057496 0.001756012 0.4238095 0.905871 0.001396834 0.4235514 0.9042071 0 0.4270945 0.9060134 -9.74586e-4 0.4232479 0.905871 -0.001396834 0.4235514 0.9070917 0 0.4209333 0.9256548 -0.007156133 0.3783013 0.9270755 0.001814663 0.3748703 0.9281737 -3.7722e-4 0.3721471 0.9280601 -9.65826e-4 0.3724292 0.9280602 -8.22544e-4 0.3724292 0.9280602 8.22708e-4 0.3724292 0.9166726 -0.02437943 0.3988949 0.9179607 0 0.3966713 0.9186975 -0.02439892 0.3942074 0.9186976 0.02439796 0.3942074 0.9281737 3.77301e-4 0.3721472 0.9280601 9.65292e-4 0.3724292 0.9070917 0 0.4209333 0.916945 0 0.3990134 0.9186 0.01975917 0.3946942 0.9264038 -2.13313e-5 0.3765315 0.9277464 -2.08917e-5 0.3732112 0.9057496 0.001756012 0.4238095 0.905871 0.001396834 0.4235514 0.9042071 0 0.4270945 0.9060134 -9.74586e-4 0.4232479 0.905871 -0.001396834 0.4235514 0.9070917 0 0.4209333 0.9256548 -0.007156133 0.3783013 0.9270755 0.001814663 0.3748703 0.9281737 -3.7722e-4 0.3721471 0.9280601 -9.65826e-4 0.3724292 0.9280602 -8.22544e-4 0.3724292 0.9280602 8.22668e-4 0.3724292 0.9166726 -0.02437943 0.3988949 0.9179607 0 0.3966713 0.9186975 -0.02439892 0.3942074 0.9186975 0.02439844 0.3942074 0.9281737 3.773e-4 0.3721472 0.9280601 9.65333e-4 0.3724292 0.9070916 0 0.4209333 0.9169451 0 0.3990134 0.9186 0.01975852 0.3946943 0.9264038 -2.13307e-5 0.3765315 0.9277465 -2.08911e-5 0.3732112 0.9057496 0.001756012 0.4238095 0.905871 0.001396834 0.4235514 0.9042071 0 0.4270945 0.9060134 -9.74584e-4 0.4232478 0.905871 -0.001396834 0.4235514 0.9070917 0 0.4209333 0.9256549 -0.007156312 0.3783013 0.9270755 0.001814663 0.3748703 0.9281737 -3.77212e-4 0.372147 0.9280601 -9.65805e-4 0.3724291 0.9280602 -8.22544e-4 0.3724292 0.9280602 8.22668e-4 0.3724292 0.9166725 -0.0243799 0.3988948 0.9179607 0 0.3966713 0.9186976 -0.02439844 0.3942074 0.9186975 0.02439844 0.3942074 0.9281737 3.77317e-4 0.3721472 0.9280601 9.65292e-4 0.3724292 0.9070917 0 0.4209333 0.916945 0 0.3990134 0.9186 0.01975888 0.3946943 0.9264038 -2.13307e-5 0.3765315 0.9277465 -2.08911e-5 0.3732112 0.9057496 0.001756012 0.4238095 0.905871 0.001396834 0.4235514 0.904207 0 0.4270944 0.9060134 -9.74584e-4 0.4232478 0.905871 -0.001396834 0.4235514 0.9070917 0 0.4209333 0.925655 -0.007155478 0.378301 0.9270756 0.001814663 0.3748703 0.9281737 -3.77212e-4 0.372147 0.9280601 -9.65805e-4 0.3724291 0.9280602 -8.22564e-4 0.3724292 0.9280602 8.22668e-4 0.3724292 0.9166725 -0.0243799 0.3988948 0.9179607 0 0.3966713 0.9186976 -0.02439844 0.3942074 0.9186975 0.02439844 0.3942074 0.9281737 3.77317e-4 0.3721472 0.9280601 9.65292e-4 0.3724292 0.9070917 0 0.4209333 0.916945 0 0.3990134 0.9186 0.01975888 0.3946943 0.9264038 -2.13307e-5 0.3765315 0.9277465 -2.08911e-5 0.3732112 0.9057496 0.001756012 0.4238095 0.905871 0.001396834 0.4235514 0.9042071 0 0.4270945 0.9060134 -9.74584e-4 0.4232478 0.905871 -0.001396834 0.4235514 0.9070917 0 0.4209333 0.9256549 -0.007156312 0.3783013 0.9270755 0.001814663 0.3748703 0.9281737 -3.77212e-4 0.372147 0.9280601 -9.65805e-4 0.3724291 0.9280602 -8.22544e-4 0.3724292 0.9280602 8.22668e-4 0.3724292 0.9166725 -0.0243799 0.3988948 0.9179607 0 0.3966713 0.9186976 -0.02439844 0.3942074 0.9186975 0.02439844 0.3942074 0.9281737 3.77317e-4 0.3721472 0.9280601 9.65292e-4 0.3724292 0.9070917 0 0.4209333 0.916945 0 0.3990134 0.9186 0.01975888 0.3946943 0.9264039 -2.1331e-5 0.3765315 0.9277464 -2.08914e-5 0.3732112 0.9057496 0.001756012 0.4238095 0.905871 0.001396834 0.4235514 0.9042071 0 0.4270945 0.9060135 -9.74584e-4 0.4232479 0.905871 -0.001396834 0.4235514 0.9070917 0 0.4209333 0.925655 -0.007155478 0.378301 0.9270756 0.001814663 0.3748703 0.9281737 -3.77212e-4 0.372147 0.9280601 -9.65805e-4 0.3724291 0.9280602 -8.22564e-4 0.3724292 0.9280602 8.22668e-4 0.3724292 0.9166726 -0.0243799 0.3988948 0.9179607 0 0.3966713 0.9186975 -0.02439844 0.3942074 0.9186975 0.02439844 0.3942074 0.9281737 3.77317e-4 0.3721472 0.9280601 9.65292e-4 0.3724292 0.9070917 0 0.4209333 0.916945 0 0.3990134 0.9186 0.01975888 0.3946943 0.9264039 -2.1331e-5 0.3765315 0.9277464 -2.08914e-5 0.3732112 0.9057496 0.001756012 0.4238095 0.905871 0.001396834 0.4235514 0.9042071 0 0.4270945 0.9060134 -9.74584e-4 0.4232479 0.905871 -0.001396834 0.4235514 0.9070917 0 0.4209333 0.925655 -0.007155478 0.378301 0.9270756 0.001814663 0.3748703 0.9281737 -3.77212e-4 0.372147 0.9280601 -9.65805e-4 0.3724291 0.9280602 -8.22564e-4 0.3724292 0.9280602 8.22668e-4 0.3724292 0.9166726 -0.0243799 0.3988948 0.9179607 0 0.3966713 0.9186975 -0.02439844 0.3942074 0.9186975 0.02439844 0.3942074 0.9281737 3.77317e-4 0.3721472 0.9280601 9.65292e-4 0.3724292 0.9070917 0 0.4209333 0.916945 0 0.3990134 0.9186 0.01975888 0.3946943 0.9264039 -2.1331e-5 0.3765315 0.9277464 -2.08914e-5 0.3732112 0.9056624 -7.75172e-4 0.4239988 0.9077429 0.007055103 0.4194676 0.9063411 0 0.4225468 0.9042008 0 0.4271078 0.9042008 0 0.4271078 0.916945 0 0.3990134 0.9274542 -0.001638114 0.3739332 0.9275179 -0.00193566 0.3737738 0.9070917 0 0.4209333 0.916945 0 0.3990134 0.9169452 0 0.3990134 0.9267952 0 0.3755671 0.925655 -0.007155418 0.378301 0.9264017 0 0.3765368 0.9273297 0.001429975 0.3742427 0.927518 0.00193578 0.3737738 0.9274541 0.001637518 0.3739335 0.9273577 6.65398e-4 0.3741754 0.9273577 -6.65524e-4 0.3741754 0.9057496 0.001756012 0.4238095 0.905871 0.001396834 0.4235514 0.9042071 0 0.4270945 0.9060134 -9.74584e-4 0.4232479 0.905871 -0.001396834 0.4235514 0.9070917 0 0.4209333 0.925655 -0.007155478 0.378301 0.9270756 0.001814663 0.3748703 0.9281737 -3.77212e-4 0.372147 0.9280601 -9.65805e-4 0.3724291 0.9280602 -8.22564e-4 0.3724292 0.9280602 8.22668e-4 0.3724292 0.9166726 -0.0243799 0.3988948 0.9179607 0 0.3966713 0.9186975 -0.02439844 0.3942074 0.9186975 0.02439844 0.3942074 0.9281737 3.77317e-4 0.3721472 0.9280601 9.65292e-4 0.3724292 0.9070917 0 0.4209333 0.916945 0 0.3990134 0.9186 0.01975888 0.3946943 0.9264039 -2.1331e-5 0.3765315 0.9277464 -2.08914e-5 0.3732112 0.9057496 0.001756012 0.4238095 0.905871 0.001396834 0.4235514 0.9042071 0 0.4270945 0.9060135 -9.74584e-4 0.4232479 0.905871 -0.001396834 0.4235514 0.9070917 0 0.4209333 0.925655 -0.007155478 0.378301 0.9270756 0.001814663 0.3748703 0.9281737 -3.77212e-4 0.372147 0.9280601 -9.65805e-4 0.3724291 0.9280602 -8.22564e-4 0.3724292 0.9280602 8.22668e-4 0.3724292 0.9166726 -0.0243799 0.3988948 0.9179607 0 0.3966713 0.9186975 -0.02439844 0.3942074 0.9186975 0.02439844 0.3942074 0.9281737 3.77317e-4 0.3721472 0.9280601 9.65292e-4 0.3724292 0.9070917 0 0.4209333 0.916945 0 0.3990134 0.9186 0.01975888 0.3946943 0.9264038 -2.13307e-5 0.3765315 0.9277465 -2.08911e-5 0.3732112 0.9057496 0.001756012 0.4238095 0.905871 0.001396834 0.4235514 0.9042071 0 0.4270945 0.9060134 -9.74584e-4 0.4232478 0.905871 -0.001396834 0.4235514 0.9070917 0 0.4209333 0.925655 -0.007155835 0.3783012 0.9270755 0.001814663 0.3748703 0.9281737 -3.77212e-4 0.372147 0.9280601 -9.65805e-4 0.3724291 0.9280602 -8.22544e-4 0.3724292 0.9280602 8.22668e-4 0.3724292 0.9166725 -0.0243799 0.3988948 0.9179607 0 0.3966713 0.9186976 -0.02439844 0.3942074 0.9186975 0.02439844 0.3942074 0.9281737 3.77317e-4 0.3721472 0.9280601 9.65292e-4 0.3724292 0.9070917 0 0.4209333 0.916945 0 0.3990134 0.9186 0.01975888 0.3946943 0.9264039 -2.1331e-5 0.3765315 0.9277464 -2.08914e-5 0.3732112 0.9057496 0.001756012 0.4238095 0.905871 0.001396834 0.4235514 0.9042071 0 0.4270945 0.9060134 -9.74584e-4 0.4232478 0.905871 -0.001396834 0.4235514 0.9070917 0 0.4209333 0.925655 -0.007155835 0.3783012 0.9270755 0.001814663 0.3748703 0.9281737 -3.77212e-4 0.372147 0.9280601 -9.65805e-4 0.3724291 0.9280602 -8.22544e-4 0.3724292 0.9280602 8.22668e-4 0.3724292 0.9166725 -0.0243799 0.3988948 0.9179607 0 0.3966713 0.9186976 -0.02439844 0.3942074 0.9186975 0.02439844 0.3942074 0.9281737 3.77309e-4 0.3721472 0.9280601 9.65312e-4 0.3724291 0.9070917 0 0.4209333 0.916945 0 0.3990134 0.9186 0.01975888 0.3946943 0.9264039 -2.1331e-5 0.3765315 0.9277464 -2.08914e-5 0.3732112 0.9057496 0.001756012 0.4238095 0.905871 0.001396834 0.4235514 0.9042071 0 0.4270945 0.9060134 -9.74584e-4 0.4232478 0.905871 -0.001396834 0.4235514 0.9070917 0 0.4209333 0.925655 -0.007155656 0.3783011 0.9270755 0.001814663 0.3748703 0.9281737 -3.77212e-4 0.372147 0.9280601 -9.65805e-4 0.3724291 0.9280602 -8.22554e-4 0.3724292 0.9280602 8.22668e-4 0.3724292 0.9166725 -0.0243799 0.3988948 0.9179607 0 0.3966713 0.9186976 -0.02439844 0.3942074 0.9186975 0.02439844 0.3942074 0.9281737 3.77317e-4 0.3721472 0.9280601 9.65292e-4 0.3724292 0.9070917 0 0.4209333 0.916945 0 0.3990134 0.9186 0.01975888 0.3946943 0.9264039 -2.1331e-5 0.3765315 0.9277464 -2.08914e-5 0.3732112 0.9057496 0.001756012 0.4238095 0.905871 0.001396834 0.4235514 0.904207 0 0.4270943 0.9060134 -9.74581e-4 0.4232479 0.905871 -0.001396834 0.4235514 0.9070916 0 0.4209333 0.9256549 -0.007155954 0.3783012 0.9270755 0.001814663 0.3748703 0.9281737 -3.77212e-4 0.372147 0.9280601 -9.65805e-4 0.3724291 0.9280602 -8.22554e-4 0.3724292 0.9280602 8.22678e-4 0.3724292 0.9166725 -0.02437978 0.3988948 0.9179607 0 0.3966713 0.9186975 -0.02439844 0.3942074 0.9186975 0.02439844 0.3942074 0.9281736 3.77313e-4 0.3721472 0.9280601 9.65302e-4 0.3724292 0.9070917 0 0.4209333 0.916945 0 0.3990134 0.9186 0.01975888 0.3946943 0.9264039 -2.1331e-5 0.3765315 0.9277464 -2.08914e-5 0.3732112 0.9057496 0.001756012 0.4238095 0.905871 0.001396834 0.4235514 0.904207 0 0.4270944 0.9060134 -9.74582e-4 0.4232479 0.905871 -0.001396834 0.4235514 0.9070917 0 0.4209333 0.9256549 -0.007155895 0.3783012 0.9270755 0.001814663 0.3748703 0.9281737 -3.77217e-4 0.3721471 0.9280602 -9.65795e-4 0.3724292 0.9280602 -8.22554e-4 0.3724292 0.9280602 8.22668e-4 0.3724292 0.9166726 -0.0243799 0.3988948 0.9179607 0 0.3966713 0.9186975 -0.02439844 0.3942074 0.9186976 0.02439856 0.3942074 0.9281737 3.77313e-4 0.3721472 0.9280601 9.65312e-4 0.3724291 0.9070917 0 0.4209333 0.916945 0 0.3990134 0.9186 0.01975882 0.3946943 0.9264038 -2.13307e-5 0.3765315 0.9277465 -2.08911e-5 0.3732112 0.9057496 0.001756012 0.4238095 0.905871 0.001396834 0.4235514 0.904207 0 0.4270944 0.9060134 -9.74582e-4 0.4232479 0.905871 -0.001396834 0.4235514 0.9070917 0 0.4209333 0.9256549 -0.007155895 0.3783012 0.9270755 0.001814663 0.3748703 0.9281737 -3.77217e-4 0.3721471 0.9280602 -9.65795e-4 0.3724292 0.9280602 -8.22554e-4 0.3724292 0.9280602 8.22678e-4 0.3724292 0.9166726 -0.0243799 0.3988948 0.9179607 0 0.3966713 0.9186975 -0.02439844 0.3942074 0.9186975 0.02439844 0.3942074 0.9281736 3.77313e-4 0.3721472 0.9280601 9.65302e-4 0.3724292 0.9070917 0 0.4209333 0.916945 0 0.3990134 0.9186 0.01975888 0.3946943 0.9264038 -2.13308e-5 0.3765315 0.9277464 -2.08913e-5 0.3732112 -0.9414911 0 -0.337038 -0.9414913 0 -0.3370374 -0.9414911 0 -0.337038 -0.9414913 0 -0.3370373 -0.9414913 0 -0.3370373 -0.9414939 0 -0.3370299 -0.9414901 -1.34456e-5 -0.3370408 -0.9414929 1.3187e-6 -0.3370328 -0.9414905 3.18448e-6 -0.3370394 -0.9414975 -8.70001e-6 -0.33702 -0.9414886 -3.65569e-6 -0.337045 -0.9414911 0 -0.3370379 -0.9414989 1.84571e-5 -0.3370159 -0.9414901 -1.33971e-5 -0.3370408 -0.9414911 0 -0.337038 -0.9414989 -1.84571e-5 -0.3370159 -0.9414911 0 -0.3370378 -0.9414886 3.65568e-6 -0.337045 -0.9414911 0 -0.337038 -0.9414913 0 -0.3370373 -0.9414913 0 -0.3370373 -0.9414939 0 -0.3370299 -0.9414865 0 -0.3370506 -0.9414926 0 -0.3370335 -0.9414939 2.08004e-6 -0.3370302 -0.9414912 0 -0.3370374 -0.94149 -1.33967e-5 -0.3370408 -0.9414911 0 -0.337038 -0.9414989 -1.84571e-5 -0.3370159 -0.9414911 0 -0.3370378 -0.9414886 3.65568e-6 -0.337045 -0.9414911 0 -0.337038 -0.9414913 0 -0.3370373 -0.9414913 0 -0.3370373 -0.9414939 0 -0.3370299 -0.9414865 0 -0.3370506 -0.9414926 0 -0.3370335 -0.9414938 2.08005e-6 -0.3370302 -0.9414913 0 -0.3370374 -0.94149 -1.33966e-5 -0.3370408 -0.9414911 0 -0.337038 -0.9414911 0 -0.337038 -0.9414989 1.84956e-5 -0.3370161 -0.9414914 5.22585e-7 -0.3370372 -0.9414865 0 -0.3370506 -0.9414926 0 -0.3370335 -0.9414939 2.08005e-6 -0.3370301 -0.9414913 0 -0.3370374 -0.941486 0 -0.3370521 -0.9414904 -2.97536e-6 -0.3370398 -0.9414935 1.52475e-6 -0.3370311 -0.9414913 0 -0.3370373 -0.9414911 0 -0.337038 -0.9414912 0 -0.3370374 -0.9414939 2.07239e-6 -0.3370302 -0.9414989 -1.84571e-5 -0.3370159 -0.9414911 0 -0.3370378 -0.9414886 3.65568e-6 -0.337045 -0.9414911 0 -0.337038 -0.9414913 0 -0.3370373 -0.9414913 0 -0.3370373 -0.9414939 0 -0.3370299 -0.9414907 -3.31673e-6 -0.3370389 -0.9414938 5.74487e-6 -0.3370304 -0.94149 -1.33966e-5 -0.3370409 -0.9414901 -1.33966e-5 -0.3370408 -0.9414911 0 -0.337038 -0.9414911 0 -0.337038 -0.9414913 0 -0.3370373 -0.9414936 1.52474e-6 -0.3370311 -0.9414989 1.84958e-5 -0.3370161 -0.9414914 5.2258e-7 -0.3370372 -0.9414912 0 -0.3370376 -0.9414892 -4.64766e-6 -0.3370431 -0.9414865 0 -0.3370506 -0.9414926 0 -0.3370335 -0.9414939 2.08004e-6 -0.3370302 -0.9414913 0 -0.3370374 -0.9414901 -1.33962e-5 -0.3370409 -0.9414911 0 -0.337038 -0.9414911 0 -0.337038 -0.9414913 0 -0.3370373 -0.9414989 -1.84769e-5 -0.3370161 -0.9414865 0 -0.3370506 -0.9414926 0 -0.3370335 -0.9414939 2.08004e-6 -0.3370302 -0.9414913 0 -0.3370374 -0.9414902 -1.38716e-5 -0.3370403 -0.9414926 9.01136e-7 -0.3370336 -0.9414886 3.66331e-6 -0.3370449 -0.9414911 0 -0.3370379 -0.9414911 0 -0.337038 -0.9414911 0 -0.337038 -0.9414913 0 -0.3370374 -0.9414901 -1.34461e-5 -0.3370409 -0.9414929 1.3187e-6 -0.3370328 -0.9414905 3.18448e-6 -0.3370394 -0.9414975 -8.69999e-6 -0.33702 -0.941486 0 -0.3370521 -0.9414913 0 -0.3370373 -0.9414936 1.52474e-6 -0.3370311 -0.9414911 -1.90132e-6 -0.3370378 -0.9414899 -2.69697e-6 -0.337041 -0.9414989 1.84573e-5 -0.3370159 -0.9414913 0 -0.3370374 -0.9414911 0 -0.337038 -0.9414865 0 -0.3370506 -0.9414945 0 -0.3370282 -0.9414946 0 -0.3370282 -0.9414913 0 -0.3370374 -0.9414989 -1.84573e-5 -0.3370159 -0.9414911 0 -0.3370378 -0.9414911 0 -0.337038 -0.9414913 0 -0.3370373 -0.9414913 0 -0.3370373 -0.9414911 0 -0.3370378 -0.9414989 1.84573e-5 -0.3370159 -0.9414913 0 -0.3370374 -0.9414915 0 -0.337037 -0.9414915 0 -0.337037 -0.9414913 0 -0.3370373 -0.9414935 1.52474e-6 -0.3370311 -0.9414901 -1.34456e-5 -0.3370408 -0.9414929 1.3187e-6 -0.3370328 -0.9414906 3.18448e-6 -0.3370394 -0.9414975 -8.70004e-6 -0.33702 -0.9414989 1.84958e-5 -0.3370161 -0.9414913 5.22581e-7 -0.3370372 -0.9414912 0 -0.3370376 -0.9414892 -4.64766e-6 -0.3370431 -0.9414913 0 -0.3370374 -0.9414911 0 -0.337038 -0.9414865 0 -0.3370506 -0.9414945 0 -0.3370282 -0.9414946 0 -0.3370282 -0.9414913 0 -0.3370374 -0.9414989 -1.84573e-5 -0.3370159 -0.9414911 0 -0.3370378 -0.9414911 0 -0.337038 -0.9414913 0 -0.3370373 -0.9414952 2.65752e-6 -0.3370264 -0.9414892 2.6575e-6 -0.3370431 -0.9415041 3.78781e-5 -0.3370014 -0.9414913 0 -0.3370374 -0.9414911 0 -0.337038 -0.9414911 0 -0.337038 -0.9414913 0 -0.3370373 -0.9414913 0 -0.3370373 -0.9414939 0 -0.3370299 -0.9414901 -1.34456e-5 -0.3370408 -0.9414929 1.3187e-6 -0.3370328 -0.9414905 3.18448e-6 -0.3370394 -0.9414975 -8.69999e-6 -0.33702 -0.9414886 -3.65568e-6 -0.337045 -0.9414911 0 -0.3370378 -0.9414989 1.84573e-5 -0.3370159 -0.9414911 0 -0.337038 -0.9414913 0 -0.3370373 -0.9414936 1.52474e-6 -0.3370311 -0.9414911 0 -0.337038 -0.9414913 0 -0.3370374 -0.9414938 2.0724e-6 -0.3370302 -0.9414907 -3.31673e-6 -0.3370389 -0.9414938 5.74471e-6 -0.3370304 -0.9414901 -1.33962e-5 -0.3370408 -0.9414989 1.84958e-5 -0.3370161 -0.9414914 5.2258e-7 -0.3370372 -0.9414912 0 -0.3370376 -0.9414892 -4.64766e-6 -0.3370431 -0.941491 0 -0.337038 -0.9414865 0 -0.3370506 -0.941491 0 -0.337038 -0.9414913 0 -0.3370373 -0.9414935 1.52475e-6 -0.3370311 -0.9414912 0 -0.3370374 -0.9414939 2.0724e-6 -0.3370302 -0.941491 -2.83099e-6 -0.3370382 -0.9414945 0 -0.3370282 -0.9414989 1.84958e-5 -0.3370161 -0.9414914 5.2258e-7 -0.3370372 -0.9414911 0 -0.3370376 -0.9414893 -4.64766e-6 -0.337043 -0.9414911 0 -0.337038 -0.9414911 0 -0.337038 -0.9414913 0 -0.3370373 -0.9414989 -1.84766e-5 -0.3370161 -0.9414865 0 -0.3370506 -0.9414913 0 -0.3370374 -0.9414939 2.07239e-6 -0.3370302 -0.941491 -2.83099e-6 -0.3370382 -0.9414946 0 -0.3370282 -0.9414902 -1.38719e-5 -0.3370403 -0.9414926 9.01137e-7 -0.3370336 -0.9414886 3.66332e-6 -0.337045 -0.9414911 0 -0.3370379 -0.9414911 0 -0.337038 -0.9414913 0 -0.3370373 -0.9414989 -1.84767e-5 -0.337016 -0.9414902 -1.38719e-5 -0.3370403 -0.9414926 9.01136e-7 -0.3370336 -0.9414886 3.66332e-6 -0.337045 -0.9414911 0 -0.3370378 -0.9414865 0 -0.3370506 -0.9414945 0 -0.3370282 -0.9414946 0 -0.3370282 -0.9414913 0 -0.3370374 -0.9414913 0 -0.3370374 -0.9414911 0 -0.337038 0.3370577 0 -0.941484 0.3370577 0 -0.941484 0.9036799 0 0.4282087 0.3370577 0 -0.941484 0.3369613 -2.68856e-5 -0.9415186 0.3370461 4.71029e-6 -0.9414882 0.3372187 0 -0.9414263 0.6926916 0.6423025 0.3280639 0.6932201 0.6409101 0.3296666 0.7946239 0.4832093 0.3675344 0.791151 0.4804015 0.3785426 0.892623 0.1663728 0.4189802 0.890976 0.167303 0.4221038 0.9037133 0 0.4281382 -0.941491 0 -0.3370381 -0.9414904 1.02578e-5 -0.3370401 -0.941495 0 -0.3370271 -0.9414902 1.72554e-7 -0.3370403 -0.9414878 0 -0.3370473 -0.9414904 0 -0.3370399 -0.941491 -8.79965e-6 -0.3370383 -0.941495 0 -0.3370271 -0.9414916 0 -0.3370363 -0.9414903 0 -0.3370403 0 1 0 0.001800775 0.9999981 8.1923e-4 0 -1 0 0 -1 0 0.9414983 0 0.3370178 0.9414983 0 0.3370178 0.9414983 0 0.3370178 0.9414983 0 0.3370178 0.9334437 -0.1305261 0.3341345 0.9334437 -0.1305261 0.3341345 0.8698303 -0.3826852 0.3113636 0.8698236 -0.3826833 0.3113847 0.7469358 -0.6087596 0.2673925 0.7469401 -0.6087607 0.2673776 0.5731469 -0.7933534 0.2051658 0.5731437 -0.7933527 0.2051774 0.3602925 -0.9238796 0.1289796 0.3602925 -0.9238796 0.1289796 0.1228874 -0.9914451 0.04399198 0.1228874 -0.9914451 0.04399198 -0.1228874 -0.9914451 -0.04399198 -0.1228874 -0.9914451 -0.04399198 -0.3602926 -0.9238796 -0.1289797 -0.3602926 -0.9238796 -0.1289797 -0.5731434 -0.7933529 -0.2051773 -0.5731434 -0.7933529 -0.2051773 -0.7469347 -0.608761 -0.2673922 -0.7469338 -0.6087608 -0.2673954 -0.8698223 -0.3826832 -0.3113884 -0.8698235 -0.3826836 -0.3113846 -0.9334357 -0.1305261 -0.3341569 -0.9334357 -0.1305261 -0.3341569 0.9280936 0.1582931 0.3370246 0.9261917 0.1783135 0.3322246 0.9228513 0.2010062 0.3285453 0.9121778 0.2073086 0.3534895 0.94094 0.03443372 0.3368179 0.9409308 0.03442341 0.3368446 0.9384667 0.08005893 0.3359625 0.9394758 0.08574616 0.3317121 0.9362629 0.09985303 0.3368102 0.9360446 0.1164333 0.33206 0.935222 0.1182675 0.3337252 0.9323786 0.1353232 0.3351981 0.9335823 0.1340458 0.3323487 0.9315443 0.1402242 0.335503 0.9321901 0.1402244 0.3337045 0.9321859 0.1402475 0.3337067 0.9325228 0.1402476 0.3327642 0.9302613 0.1525831 0.3336651 0.9280902 0.1582893 0.3370355 0.9131225 0.2173147 0.344937 0.9116041 0.2499543 0.3263447 0.8998156 0.2942236 0.3221245 0.8998163 0.2942252 0.3221216 0.8559613 0.4164561 0.3064222 -0.940932 0.03442931 -0.3368405 -0.940932 0.03442937 -0.3368405 -0.9380895 0.08491772 -0.3358229 -0.9362522 0.08130121 -0.3417922 -0.9377471 0.110601 -0.3292381 -0.9321397 0.1082373 -0.3455433 -0.9363692 0.1265425 -0.3274134 -0.9301336 0.1308583 -0.3431145 -0.9336894 0.1359257 -0.3312829 -0.9311702 0.1402354 -0.3365355 -0.9321872 0.1402361 -0.3337079 -0.9321894 0.1402244 -0.3337067 -0.9330161 0.140224 -0.3313882 -0.9302844 0.1478455 -0.3357272 -0.93154 0.1642841 -0.3244132 -0.9242653 0.175798 -0.3388637 -0.9226843 0.2196778 -0.3168521 -0.9142913 0.2251322 -0.3367297 -0.9040187 0.2921417 -0.3120953 -0.9007804 0.2908911 -0.3224546 -0.8559644 0.4164574 -0.3064117 0.8559603 0.4164556 0.3064259 0.7469331 0.6087616 0.2673952 0.7469345 0.6087613 0.2673921 0.5731421 0.793354 0.2051768 0.5731421 0.793354 0.2051768 0.3602922 0.9238798 0.1289796 0.3602961 0.9238795 0.1289712 0.1228896 0.991445 0.04398941 0.1228896 0.991445 0.04398941 -0.1228899 0.9914449 -0.04398953 -0.1228886 0.9914449 -0.0439924 -0.3602929 0.9238795 -0.1289798 -0.3602929 0.9238795 -0.1289798 -0.5731434 0.7933529 -0.2051773 -0.5731434 0.7933529 -0.2051773 -0.7469345 0.6087613 -0.2673921 -0.7469331 0.6087616 -0.2673952 -0.8559603 0.4164556 -0.3064259 -0.3370281 0 0.9414946 -0.3370281 0 0.9414946 -0.3370281 0 0.9414946 -0.3370281 0 0.9414946 -0.08235239 0.9696894 0.2300447 -0.08235216 0.9696894 0.2300451 -0.2140582 0.7724165 0.5979563 -0.2140588 0.7724169 0.5979555 -0.3047469 0.4271324 0.8512856 -0.3047462 0.4271317 0.8512862 -0.337038 0 0.941491 -0.3370381 0 0.941491 -0.3047462 -0.4271323 0.851286 -0.3047469 -0.4271318 0.8512859 -0.2140587 -0.7724167 0.597956 -0.2140583 -0.7724169 0.5979559 -0.08235234 -0.9696894 0.2300447 -0.08235239 -0.9696894 0.2300448 -0.3287522 0.2588174 0.9082596 -0.2952202 0.4824432 0.8246779 -0.2477238 0.6780624 0.6920002 -0.2441931 0.7070935 0.6636178 -0.1801341 0.8451912 0.5031934 -0.1067293 0.9485359 0.2981418 -0.0952509 0.9658907 0.2407953 -0.02034807 0.9981759 0.05684137 0.06075239 0.9836201 -0.1697077 0.07759255 0.9658752 -0.2471122 0.1444853 0.9034504 -0.4036104 0.2131574 0.7746052 -0.5954416 0.227595 0.7070616 -0.6695255 0.2734641 0.5845234 -0.7639042 0.312665 0.3733587 -0.8734093 0.3142807 0.2588005 -0.9133728 0.3345796 0.1205395 -0.9346265 0.3345797 -0.1205395 -0.9346265 0.3142806 -0.2588011 -0.9133727 0.3126648 -0.3733587 -0.8734093 0.2734639 -0.5845239 -0.763904 0.227595 -0.7070615 -0.6695257 0.2131574 -0.774605 -0.5954419 0.1444852 -0.9034504 -0.4036104 0.07759225 -0.9658754 -0.2471117 0.06075221 -0.9836201 -0.1697077 -0.02034825 -0.9981759 0.05684137 -0.09525096 -0.9658908 0.2407952 -0.1067293 -0.9485359 0.2981414 -0.1801342 -0.8451912 0.5031934 -0.2441931 -0.7070935 0.6636176 -0.2477239 -0.6780624 0.6920002 -0.2952179 -0.4824557 0.8246714 -0.3287523 -0.2588174 0.9082596 -0.3272436 -0.239316 0.9141332 -0.3272436 0.2393166 0.9141331 -0.0088225 -0.9996573 0.02464514 -0.00882256 -0.9996573 0.02464514 -0.008823454 -0.9996573 0.02464753 -0.008820891 -0.9996575 0.02464133 -0.008829772 -0.9996574 0.02464127 -0.008820176 -0.9996573 0.02464604 -0.008823454 0.9996573 0.02464753 -0.008820414 0.9996573 0.0246461 -0.008820891 0.9996575 0.02464133 -0.008830249 0.9996573 0.02464127 -0.008822619 0.9996573 0.02464532 -0.008822619 0.9996573 0.02464532 -0.2446761 -0.5085903 -0.8255117 -0.2446762 -0.5085902 -0.8255116 -0.4199423 -0.1861551 -0.8882538 -0.4199427 -0.1861546 -0.8882536 -0.4199427 0.1861552 -0.8882535 -0.4199425 0.1861546 -0.8882538 -0.2446777 0.5085878 -0.8255127 -0.2446776 0.5085891 -0.8255119 0.05889588 0.6947494 -0.7168365 0.0588926 0.6947456 -0.7168405 0.4094169 0.6947468 -0.5913583 0.4094209 0.6947478 -0.5913545 0.712996 0.5085855 -0.4826776 0.7129879 0.508589 -0.4826856 0.8882497 0.1861656 -0.4199461 0.888255 0.1861571 -0.419939 0.8882532 -0.1861673 -0.4199382 0.8882529 -0.1861562 -0.4199436 0.7129921 -0.5085837 -0.4826852 0.7129877 -0.5085926 -0.4826822 0.4094166 -0.6947495 -0.5913553 0.4094232 -0.6947445 -0.5913566 0.05889868 -0.6947448 -0.7168406 0.05888956 -0.6947464 -0.7168399 -0.2446771 -0.5085892 -0.8255121 -0.2446812 -0.5085879 -0.8255116 -0.4199447 -0.1861556 -0.8882526 -0.4199444 -0.1861557 -0.8882526 -0.4199445 0.1861555 -0.8882526 -0.4199443 0.1861551 -0.8882529 -0.2446798 0.5085877 -0.8255122 -0.2446796 0.5085888 -0.8255115 0.05889201 0.6947478 -0.7168384 0.05889135 0.694747 -0.7168391 0.4094221 0.6947467 -0.5913548 0.4094203 0.6947463 -0.5913566 0.7129871 0.5085905 -0.4826853 0.7129877 0.5085902 -0.4826847 0.8882541 0.1861537 -0.4199423 0.8882533 0.1861551 -0.4199434 0.8882535 -0.1861535 -0.4199435 0.8882536 -0.1861559 -0.4199423 0.7129856 -0.5085939 -0.4826837 0.7129885 -0.5085882 -0.4826856 0.4094224 -0.6947441 -0.5913578 0.4094203 -0.6947456 -0.5913574 0.05889314 -0.6947458 -0.7168402 0.05889201 -0.694746 -0.71684 -0.7129844 0.5085831 0.4826972 -0.7130112 0.5086376 0.4826 -0.8882966 0.1861727 0.4198439 -0.8882095 0.1861376 0.4200437 -0.8882099 -0.1861333 0.4200446 -0.888284 -0.1861721 0.4198708 -0.7129921 -0.5086004 0.4826673 -0.7129846 -0.5085829 0.482697 -0.4094203 -0.6947543 0.5913472 -0.4094296 -0.6946887 0.5914177 -0.05892962 -0.6946851 0.716896 -0.05888497 -0.6947533 0.7168335 0.2447265 -0.5086208 0.825478 0.244692 -0.5085986 0.8255018 0.4200139 -0.1861714 0.8882165 0.4199774 -0.1861648 0.8882351 0.4199776 0.1861633 0.8882354 0.4200391 0.1861776 0.8882033 0.2447484 0.508636 0.8254621 0.2447273 0.5086205 0.8254779 -0.05888712 0.6947544 0.7168324 -0.05888527 0.6947579 0.7168292 -0.4094195 0.6947616 0.5913391 -0.4094204 0.694754 0.5913475 -0.7129983 0.5086088 0.4826496 -0.71299 0.508593 0.4826783 -0.8882576 0.1861531 0.4199352 -0.8882511 0.1861509 0.4199499 -0.8882513 -0.1861509 0.4199497 -0.8882571 -0.1861543 0.4199357 -0.7129907 -0.5085917 0.4826787 -0.7129898 -0.5085893 0.4826825 -0.4094206 -0.6947399 0.5913637 -0.4094232 -0.6947258 0.5913787 -0.05890518 -0.694721 0.7168632 -0.05890351 -0.6947234 0.7168611 0.244669 -0.508585 0.8255171 0.2446885 -0.508597 0.8255038 0.4199504 -0.1861584 0.8882492 0.4199491 -0.1861581 0.8882499 0.4199491 0.1861574 0.8882501 0.4199506 0.1861578 0.8882492 0.2446879 0.5085982 0.8255034 0.2446966 0.508605 0.8254966 -0.05888146 0.6947597 0.7168278 -0.05888283 0.6947572 0.71683 -0.4094183 0.6947618 0.5913397 -0.4094176 0.6947758 0.5913238 -0.2446792 -0.5085898 -0.8255111 -0.2446638 -0.5085819 -0.8255205 -0.4199307 -0.1861513 -0.88826 -0.4199327 -0.1861515 -0.8882591 -0.4199327 0.1861511 -0.8882591 -0.4199354 0.1861521 -0.8882578 -0.244675 0.5085868 -0.8255141 -0.2446786 0.50859 -0.8255111 0.05888909 0.6947518 -0.7168347 0.05888748 0.6947556 -0.7168312 0.4094187 0.6947467 -0.5913572 0.4094192 0.6947565 -0.5913453 0.7129961 0.5085986 -0.4826635 0.7129824 0.5085802 -0.482703 0.8882411 0.1861536 -0.4199696 0.8882483 0.1861547 -0.4199541 0.8882477 -0.1861574 -0.4199539 0.8882398 -0.1861507 -0.4199737 0.7129828 -0.5085688 -0.4827145 0.7129909 -0.508603 -0.4826664 0.4094176 -0.6947572 -0.5913457 0.4094238 -0.6947335 -0.5913693 0.05889469 -0.6947427 -0.7168431 0.05888766 -0.6947513 -0.7168353 -0.2446846 -0.5085926 -0.8255078 -0.244669 -0.5085846 -0.8255174 -0.4199395 -0.1861563 -0.8882548 -0.4199539 -0.1861573 -0.8882479 -0.4199538 0.1861585 -0.8882476 -0.4199448 0.1861554 -0.8882524 -0.2446802 0.5085895 -0.825511 -0.2446841 0.5085929 -0.8255077 0.05888956 0.6947507 -0.7168357 0.05889284 0.6947431 -0.7168428 0.4094185 0.6947435 -0.5913612 0.4094194 0.6947596 -0.5913416 0.7129942 0.508596 -0.4826691 0.7129882 0.5085879 -0.4826863 0.8882506 0.186158 -0.4199476 0.8882578 0.186159 -0.4199321 0.8882573 -0.1861618 -0.4199318 0.8882493 -0.1861552 -0.4199517 0.7129865 -0.5085791 -0.482698 0.7129912 -0.5085985 -0.4826707 0.4094166 -0.6947608 -0.5913421 0.4094247 -0.6947299 -0.5913727 0.05890196 -0.6947306 -0.7168542 0.05888652 -0.6947494 -0.7168372 0.3370376 -7.11208e-6 -0.9414913 0.337037 -5.52224e-7 -0.9414914 0.3370369 -2.38741e-6 -0.9414914 0.3370373 4.98423e-6 -0.9414913 0.3370373 3.93152e-6 -0.9414913 0.3370365 -1.3383e-6 -0.9414916 0.3370365 -1.02027e-6 -0.9414916 0.3370372 1.78156e-6 -0.9414914 0.3370373 2.18285e-6 -0.9414913 0.3370374 -1.04916e-6 -0.9414913 0.3370379 -1.54876e-6 -0.941491 0.3370376 -8.00843e-7 -0.9414912 0.3370344 -8.78705e-7 -0.9414923 0.3370372 -2.59357e-6 -0.9414914 0.3370377 -2.34684e-6 -0.9414911 0.3370353 -2.56205e-6 -0.941492 0.3370375 -5.17171e-7 -0.9414912 0.3370378 -3.89175e-7 -0.9414911 0.3370368 -1.63666e-6 -0.9414915 0.3370375 -1.04757e-6 -0.9414913 0.3370365 -1.7844e-7 -0.9414916 0.3370366 -5.37465e-7 -0.9414916 0.3370364 3.60821e-7 -0.9414916 0.3370373 -1.57012e-6 -0.9414913 0.3370373 -5.63145e-7 -0.9414913 0.337037 6.66982e-7 -0.9414914 0.3370367 0 -0.9414916 0.3370366 2.19819e-6 -0.9414916 0.3370385 3.36109e-6 -0.9414909 0.3370357 -2.00379e-6 -0.9414919 0.3370358 -2.02037e-6 -0.9414918 0.337037 -1.53437e-6 -0.9414914 0.3370358 -9.79073e-7 -0.9414919 0.3370375 -1.20349e-6 -0.9414913 0.3370375 -5.94584e-7 -0.9414913 0.3370375 -6.12928e-7 -0.9414912 0.3370375 4.98653e-7 -0.9414912 0.3370375 6.03874e-7 -0.9414913 0.3370375 -6.09161e-7 -0.9414913 0.3370371 2.00876e-6 -0.9414913 0.3370371 -1.1837e-6 -0.9414914 0.3220269 0.8530348 -0.4106463 0.8887568 0.3089966 0.3385742 0.8581728 0.4031392 0.3178336 0.9226478 0.3352736 0.1905587 0.4918141 0.2413873 -0.836571 0.8729112 0.4591636 0.1649087 0.8922714 0.344382 0.2919808 0.9051343 0.3468614 0.245803 0.9089441 0.3644857 0.2024127 0.9158043 0.3430554 0.2088429 0.9325039 0.3203532 -0.1667641 0.916828 0.3367535 -0.2145305 0.7918493 0.2516308 -0.5564681 0.7421444 0.2670378 -0.614746 0.506154 0.1331872 -0.852097 0.464408 0.1395846 -0.874552 0.4362332 0.4811857 -0.760369 0.4868445 0.4697458 -0.7364246 0.4242233 0.59472 -0.6828929 0.4105361 0.6015756 -0.6852496 0.7135548 0.5174065 -0.4723664 0.7520545 0.4944497 -0.4358137 0.6885297 0.6172867 -0.3806363 0.7244444 0.5921349 -0.3529258 0.8517205 0.5230294 -0.03181934 0.8626198 0.5056234 -0.01523059 0.9106281 0.4091119 -0.0581721 0.7987661 0.4934964 -0.3441424 0.8976438 0.4099707 -0.1617397 0.7746589 0.3805264 -0.5050775 0.7348312 0.3992747 -0.5482726 0.5106774 0.3142741 -0.8002752 0.4574483 0.323664 -0.8282406 0.3017623 0.9176946 -0.2584108 0.2287656 0.8720944 -0.4325711 0.6004934 0.7888892 -0.1306203 0.6437858 0.7579978 -0.1047822 0.2035253 0.9754409 -0.08421748 0.2073902 0.974911 -0.08085668 0.3710054 0.9286241 -0.003498256 0.5394191 0.8365501 0.09597384 0.5001806 0.8614729 0.08765834 0.6886355 0.6769613 0.2598164 0.832368 0.4904627 0.2580888 0.8630856 0.4654805 0.1959878 0.8181652 0.5561066 0.14612 0.8559763 0.5083044 0.09450542 0.6927717 0.6731238 -0.258789 0.65984 0.6980832 -0.2780127 0.4135155 0.7319527 -0.5415257 0.4375779 0.7238501 -0.533448 0.1723618 0.06621015 -0.982806 0.1723585 0.0662111 -0.9828065 0.1813181 0.08823043 -0.9794586 0.181285 0.08824723 -0.9794632 0.2000847 0.1172851 -0.9727334 0.2001052 0.1172693 -0.9727311 0.2238099 0.1419176 -0.964245 0.2238399 0.1418839 -0.9642431 0.2515612 0.1612174 -0.9543196 0.2515494 0.1612368 -0.9543194 0.2822632 0.174547 -0.9433243 0.2822498 0.1745824 -0.9433218 0.314806 0.1813642 -0.9316675 0.3148096 0.1813448 -0.93167 0.3479829 0.1813435 -0.9197947 0.347983 0.1813453 -0.9197944 0.3805345 0.1745654 -0.9081413 0.3805385 0.1745871 -0.9081353 0.4112601 0.1612766 -0.8971371 0.4112597 0.1612755 -0.8971375 0.4389911 0.1419324 -0.8872103 0.4389896 0.1419301 -0.8872113 0.4626961 0.1172794 -0.8787251 0.4626696 0.1172516 -0.8787429 0.4814623 0.08822351 -0.8720153 0.4815032 0.08825153 -0.8719898 0.4905542 0.06622761 -0.8688904 0.4905261 0.0662117 -0.8689075 0.9132943 0.3616835 0.1872929 0.9133037 0.3616849 0.1872438 0.8607838 0.4800943 0.1689993 0.8607665 0.4801008 0.1690686 0.7584973 0.6380738 0.1324524 0.7584862 0.6380785 0.1324937 0.6295031 0.7721894 0.08631074 0.6295055 0.7721883 0.08630234 0.4786265 0.8774247 0.03228902 0.4786179 0.8774284 0.03231614 0.3515229 0.93608 -0.01363128 0.42722 0.6994737 -0.5729046 0.2648892 0.9632405 -0.04473727 0.1783059 0.9810584 -0.07570677 0.2971399 0.7253256 -0.6209755 0.08836561 0.9902284 -0.1078861 1.78008e-4 0.9902287 -0.139453 0.1644568 0.7253319 -0.6684667 -0.08975154 0.9810574 -0.1716712 -0.1763175 0.9632387 -0.2026903 0.03341013 0.6994967 -0.7138544 -0.2630202 0.936083 -0.2336 -0.3904053 0.8774311 -0.2787443 -0.3903789 0.8774247 -0.2788016 -0.5412582 0.772189 -0.3328117 -0.5412558 0.7721886 -0.3328168 -0.6702448 0.6380757 -0.3789872 -0.6702339 0.6380742 -0.3790091 -0.7725075 0.4801002 -0.4156151 -0.7725245 0.4801016 -0.4155818 -0.8246973 0.3616855 -0.4348082 -0.8246924 0.3616857 -0.4348172 -0.2058191 0.2023814 -0.9574341 -0.2058191 0.2023814 -0.9574342 -0.1781371 0.2693843 -0.9464139 -0.1781409 0.2693863 -0.9464126 -0.1207564 0.3580265 -0.9258698 -0.1207675 0.3580346 -0.9258652 -0.04839181 0.4332864 -0.8999561 -0.04839199 0.4332861 -0.8999564 0.03626626 0.4923371 -0.8696487 0.036278 0.4923207 -0.8696575 0.1300543 0.5329564 -0.8360881 0.130055 0.5329549 -0.836089 0.2294377 0.5536659 -0.8005075 0.2294397 0.5536584 -0.8005122 0.3307195 0.5536573 -0.7642567 0.3307204 0.5536485 -0.7642627 0.430103 0.5329442 -0.7286852 0.4301037 0.5329527 -0.7286784 0.5238763 0.4923151 -0.6951112 0.5238797 0.4923274 -0.6950998 0.6085385 0.4332783 -0.6647939 0.6085288 0.4332599 -0.6648147 0.6809009 0.3580127 -0.6389061 0.6808974 0.3580083 -0.6389122 0.738277 0.269371 -0.6183739 0.7382938 0.269383 -0.6183487 0.7666784 0.2023837 -0.6092988 0.7666907 0.2023881 -0.6092819 -0.5808034 0.3134951 -0.7512577 -0.5808276 0.3135048 -0.7512351 -0.5366825 0.4165635 -0.7337893 -0.5366851 0.4165646 -0.7337869 -0.4479532 0.5536352 -0.7020156 -0.4479333 0.5536241 -0.7020372 -0.3360176 0.6699867 -0.6619743 -0.3360234 0.6699911 -0.6619669 -0.2051152 0.7612975 -0.6151047 -0.205112 0.7612949 -0.615109 -0.06010329 0.8241316 -0.5632002 -0.06012219 0.8241555 -0.5631635 0.09356462 0.856172 -0.5081487 0.09356164 0.8561772 -0.5081406 0.2501769 0.8561809 -0.4520684 0.2501787 0.8561762 -0.4520762 0.4038683 0.8241534 -0.397066 0.4038723 0.8241385 -0.3970931 0.5488806 0.7613028 -0.3451783 0.5488809 0.7612975 -0.3451898 0.679791 0.6699911 -0.2983225 0.6797918 0.6700007 -0.2982987 0.7917077 0.5536384 -0.2582312 0.7917106 0.5536464 -0.2582054 0.8804495 0.4165734 -0.2264406 0.8804524 0.4165775 -0.2264217 0.9256423 0.3135146 -0.2118846 0.9256273 0.3135074 -0.2119601 -0.1388903 0.9863319 -0.08865088 -0.8125523 0.3548545 -0.4624251 -0.8310687 0.3438159 -0.4371675 -0.5796726 0.3166839 -0.7507936 -0.4603273 0.8820548 -0.1003902 -0.7706451 0.6169898 -0.1594672 -0.1285272 0.9593791 -0.2511422 0.05464541 0.9578971 -0.2818635 -0.04878437 0.9151632 -0.4001206 0.06724947 0.8076998 -0.5857462 0.1219804 0.7949342 -0.5943067 -0.0356881 0.8767483 -0.4796236 -0.630124 0.7419197 -0.2291262 -0.8072239 0.526444 -0.26692 -0.7893067 0.5195049 -0.3272761 -0.7619053 0.5496979 -0.3425384 -0.7489657 0.5098319 -0.423228 -0.7008897 0.539785 -0.4662465 -0.7011494 0.4944499 -0.5137205 -0.6022629 0.4943409 -0.6268227 -0.6279946 0.4758812 -0.6157597 -0.6394518 0.4162366 -0.6464121 0.1904814 0.1218842 -0.974095 0.1313606 0.183728 -0.9741604 0.1656265 0.3165179 -0.9340152 0.113772 0.3613755 -0.9254533 0.1364851 0.4872464 -0.8625328 0.1316475 0.4907336 -0.8613068 0.05201983 0.6434864 -0.7636878 0.05103719 0.6439031 -0.763403 0.05047941 0.7271202 -0.6846518 -0.1669173 0.9830889 -0.07533073 -0.5131609 0.8249057 -0.2370581 -0.479593 0.8081295 -0.3419318 -0.4412713 0.8254936 -0.3519091 -0.4097725 0.7300348 -0.5469331 -0.346021 0.7402807 -0.5764148 -0.3465024 0.6332413 -0.692056 -0.3017199 0.6212174 -0.7232247 -0.3097028 0.5386804 -0.7835226 -0.2621161 0.5147507 -0.8162885 -0.2785992 0.4235227 -0.8619809 -0.2281757 0.3869486 -0.8934242 -0.251958 0.2955257 -0.9215105 -0.8638941 0.4031772 -0.3018859 -0.9070662 0.3054292 -0.2897306 -0.9114583 0.2899984 -0.2917957 -0.8174746 0.4566373 -0.3510236 -0.8953669 0.3192702 -0.3104589 -0.835138 0.3847572 -0.3930732 -0.8636646 0.3526407 -0.3601776 -0.8584167 0.3503997 -0.3746209 -0.5997869 0.3922989 -0.6973932 -0.6113333 0.3477883 -0.7108551 -0.1941822 0.2363901 -0.9520573 -0.04905217 -0.9893527 0.1370228 -0.1252599 -0.9780005 0.1668078 -0.09602886 -0.8732106 0.4777885 -0.2294665 -0.8270515 0.5131577 -0.2264006 -0.5924555 0.773136 -0.2964425 -0.5522584 0.779187 -0.3133909 -0.2088846 0.9263657 -0.3305618 -0.1950917 0.9234004 -0.3370367 0 0.9414916 -0.337036 9.4201e-6 0.9414918 -0.3370379 -1.14284e-5 0.9414911 -0.3370358 -1.48032e-6 0.9414918 -0.3370403 1.80483e-6 0.9414902 -0.3370403 1.98525e-6 0.9414903 -0.3370354 8.33541e-6 0.941492 -0.3370367 3.47224e-6 0.9414916 -0.337036 3.77221e-6 0.9414917 -0.3370394 -4.44255e-6 0.9414906 -0.337043 -7.13265e-6 0.9414893 -0.3370362 4.98006e-6 0.9414917 -0.337036 4.02278e-6 0.9414917 -0.3370375 -3.27712e-6 0.9414913 -0.3370377 -3.08636e-6 0.9414912 -0.337036 0 0.9414918 -0.337034 -3.60686e-6 0.9414924 -0.3370339 -3.73507e-6 0.9414925 -0.337033 -4.92309e-6 0.9414929 -0.3370352 -3.27829e-6 0.9414921 -0.3370409 -2.48037e-6 0.9414899 -0.3370388 -4.23476e-7 0.9414907 -0.3370388 -5.37992e-7 0.9414908 -0.3370412 -2.32002e-6 0.9414899 -0.3370379 -1.77502e-5 0.9414911 -0.3341997 -0.1295028 0.9335628 -0.4158616 -0.2308928 0.8796293 -0.2729001 -0.3704941 0.8878399 -0.3008467 -0.4500302 0.8408116 -0.2677958 -0.6083929 0.74709 -0.2274554 -0.5632933 0.7943328 -0.2684002 -0.7980751 0.5394788 -0.04933291 -0.9892293 0.1378099 -0.06132721 -0.991326 0.1162397 -0.1187821 -0.9170467 0.3806787 -0.1292729 -0.9235867 0.360938 -0.177443 -0.8501693 0.4957076 -0.181339 -0.7400739 0.6476163 0.8582918 0.403127 0.3175277 0.8520559 0.403258 0.3337422 0.8521072 0.403127 0.3337693 0.6852739 0.6770155 0.2684209 0.1482747 0.9872393 0.0580793 0.1482777 0.9872388 0.05808037 0.3225177 0.9380955 0.1263301 0.4378021 0.882843 0.1700524 0.4651173 0.866299 0.1821867 0.6852575 0.677034 0.2684159 0.8583835 0.4028952 0.3175741 0.6902647 0.676992 0.2553756 0.6902441 0.6770151 0.2553696 0.4405059 0.882833 0.1629739 0.4404956 0.8828388 0.1629707 0.1493399 0.987241 0.05525147 0.1493533 0.9872388 0.05525577 0.07536113 0.9747257 -0.2103106 0.05611336 0.9858707 -0.1578299 0.01613897 0.9988529 -0.04508328 0.1341485 0.9173306 -0.3748449 0.1635862 0.8736345 -0.4582601 0.1304228 0.9224785 -0.36335 0.2088115 0.7838442 -0.5847956 0.1811183 0.8443951 -0.5041757 0.2403533 0.700374 -0.6720912 0.3354542 0.09679949 -0.93707 0.3361211 0.07802408 -0.9385813 0.3226888 0.2873541 -0.9018312 0.3329781 0.168017 -0.9278448 0.3249593 0.2663371 -0.9074503 0.3024836 0.4405992 -0.8452077 0.3036679 0.4336056 -0.8483938 0.2691371 0.6021484 -0.7516532 0.2810353 0.5540643 -0.7836019 0.2426782 0.6931557 -0.6787064 -0.8649095 0.4028953 -0.2993442 -0.1504858 0.9872394 -0.05208081 -0.4466994 0.8828288 -0.1451646 -0.1514465 0.9872395 -0.04921579 -0.1514478 0.9872393 -0.04921615 -0.1504867 0.9872393 -0.05208104 -0.4438458 0.8828395 -0.153608 -0.4438651 0.8828287 -0.1536135 -0.6955153 0.6769931 -0.240705 -0.6954911 0.6770202 -0.2406986 -0.8648155 0.4031305 -0.2992991 -0.8703361 0.4031307 -0.2828438 -0.8702562 0.403329 -0.2828073 -0.7470086 0.6189087 -0.2427555 -0.6992887 0.6770285 -0.2294073 -0.6373389 0.7422271 -0.2071183 -0.4466847 0.882837 -0.1451607 -0.8049514 0.3885093 -0.448457 -0.8151886 0.2029433 -0.5424771 -0.6180558 0.6699591 -0.4112927 -0.6180803 0.6699424 -0.4112832 -0.3953803 0.8800318 -0.2630941 -0.3953474 0.8800435 -0.2631043 -0.1341624 0.9869289 -0.08928525 -0.1341661 0.9869285 -0.08928412 -0.8361253 0.4019001 -0.3733241 -0.670065 0.6756002 -0.3075342 -0.6779848 0.6698225 -0.3027782 -0.4279987 0.8820844 -0.1968353 -0.4336142 0.8799681 -0.1939972 -0.1450561 0.9871352 -0.06725144 -0.1468752 0.9869282 -0.06633657 0 -1 0 0 -1 0 0 -1 0 0 -1 0 0.8870563 0.2540125 0.3854981 0.9062639 0.2150391 0.3639286 0.8957234 0.2268066 0.3824112 0.9095198 0.2083339 0.3596814 0.9028535 0.2111502 0.374528 0.909185 0.2050406 0.36241 0.9113178 0.205114 0.3569706 0.9139835 0.2000447 0.3530103 0.9175887 0.2068426 0.3394807 0.9227777 0.1999365 0.3294038 0.9356612 0.1897853 0.2975226 -0.9305444 0.2613976 -0.2564342 -0.9119082 0.1897904 -0.3638721 -0.9221816 0.199934 -0.3310703 -0.9298197 0.2165279 -0.2975754 -0.9369315 0.2216236 -0.2702633 -0.9320138 0.2066236 -0.297753 -0.9355783 0.2049053 -0.2875883 -0.9293627 0.205171 -0.3069038 -0.9322609 0.1977621 -0.3029519 -0.9245697 0.2068467 -0.3199768 -0.9261276 0.2459736 -0.2859802 -0.9187464 0.2954403 -0.2619542 -0.9122608 0.3117272 -0.2657185 -0.9062403 0.3312757 -0.2626499 -0.8942868 0.3642635 -0.2599295 -0.8649273 0.4788024 -0.1504957 -0.2417158 0.9700274 -0.02490448 -0.3289773 0.9426662 -0.05616325 -0.3811368 0.924195 -0.02446204 -0.4409282 0.8850143 -0.149439 -0.5383275 0.8388006 -0.0813452 -0.5933446 0.7788638 -0.203257 -0.6775516 0.723525 -0.1320434 -0.7237545 0.6435861 -0.2489508 -0.7938463 0.5824608 -0.1747784 -0.8380109 0.422428 -0.3453873 -0.1836687 0.9787023 0.0916931 -0.1961149 0.9805414 -0.008797943 -0.06395423 0.9972015 0.03871864 -0.03568774 0.9943782 0.09969174 0.02485346 0.9972015 0.07051008 0.1154236 0.9879694 0.1029257 0.1402792 0.9766752 0.1625648 0.2026036 0.9700282 0.1341534 0.3274707 0.9278202 0.178641 0.2583298 0.9344662 0.2450279 0.5277315 0.8414576 0.1159678 0.3727771 0.8714786 0.3186885 0.6649886 0.7261741 0.1745321 0.5263178 0.7680836 0.3647426 0.7794358 0.5848091 0.2246734 0.6583461 0.6355496 0.4033077 0.8200691 0.4842421 0.3049532 0.8144785 0.4206242 0.3996248 0.856076 0.3642636 0.3666688 0.8670427 0.3312671 0.3721547 0.869328 0.3246372 0.3726653 0.8742735 0.306524 0.3764155 0.8776142 0.2994962 0.3742931 0.887118 0.2660256 0.3771632 0.8997294 0.2384816 0.365532 0.1542365 0.9871587 0.04157912 0.1558847 0.9869489 0.04039454 0.454133 0.8822465 0.1241143 0.4592064 0.8801163 0.1205187 0.7108147 0.6759025 0.1946747 0.717769 0.670126 0.1890468 0.8830944 0.4019047 0.2421092 0.9369656 0.304581 0.1712481 0.8936398 0.4471628 0.03812289 0.6931458 0.7100159 0.1242027 0.7386568 0.6699669 0.07436561 0.5243356 0.8498738 0.05278843 0.4650562 0.8806636 0.09030145 0.2202353 0.9744095 -0.04497259 0.1603375 0.9869304 0.01613622 0 1 0 0 1 0 0 1 0 0 1 0 0 1 0 0 1 0 0 1 0 0 1 0 0 1 0 0 1 0 0 1 0 0 1 0 0 1 0 0 1 0 0 1 0 0 1 0 0 1 0 0 1 0 0 1 0 0 1 0 0 1 0 0 1 0 0 1 0 0 1 0 0 1 0 0 1 0 0 1 0 0 1 0 0 1 0 0 1 0 0 1 0 0 1 0 0 1 0 0 1 0 0 1 0 0 1 0 0 1 0 0 1 0 0 1 0 0 1 0 0 1 0 0 1 0 0 1 0 0 1 0 0 1 0 0 1 0 0 1 0 0 1 0 0 1 0 0 1 0 0 1 0 0 1 0 0 1 0 0 1 0 0 1 0 0 1 0 0 1 0 0 1 0 0 1 0 0 1 0 0 1 0 0 1 0 0 1 0 0 1 0 0 1 0 0 1 0 0 1 0 0 1 0 0 1 0 0 1 0 0 1 0 -0.7153666 0.3927451 -0.5779291 -0.6664795 0.494814 -0.5576416 -0.667077 -0.3755716 -0.6433928 -0.6422981 0.3991791 -0.6543006 -0.5816611 0.1330414 -0.8024776 -0.2394036 0.8978105 -0.3696246 -0.4227226 0.454815 -0.7838679 -0.3964305 0.1406461 -0.9072274 -0.2833928 0.5973654 -0.7502287 -0.2493497 -0.3627526 -0.8979061 -0.1798843 0.4923264 -0.8516199 -0.07007294 -0.1086513 -0.9916071 -0.04491913 0.2597339 -0.9646349 0.08939528 0.2222419 -0.9708846 0.1057591 0.4255793 -0.8987198 0.1867855 0.1401448 -0.9723532 0.2608091 0.4150413 -0.8716188 0.2902489 0.2586247 -0.9213408 -0.1219056 0.9869904 -0.1048287 -0.1450168 0.9820481 -0.1206299 -0.1322696 0.9820146 -0.1347299 -0.1323128 0.9820038 -0.1347662 -0.1033918 0.9817496 -0.1596177 -0.1034422 0.9817329 -0.1596875 -0.06677645 0.9819836 -0.1767742 -0.06678801 0.9819786 -0.1767975 -0.03907066 0.9819707 -0.1849511 -0.03907644 0.9819671 -0.1849694 -0.008796811 0.9819606 -0.1888807 -0.008798956 0.9819578 -0.1888955 0.02210408 0.9819627 -0.1877783 0.02210301 0.9819738 -0.1877207 0.05962175 0.9818067 -0.18028 0.07427757 0.965844 -0.2482499 -0.3597529 0.8805338 -0.3086068 -0.4268093 0.8335086 -0.3508521 -0.387244 0.8333292 -0.3944675 -0.3873392 0.8332489 -0.3945438 -0.3020843 0.8314028 -0.4663844 -0.302202 0.8312708 -0.4665433 -0.1954677 0.8330827 -0.5174607 -0.1954789 0.8330668 -0.517482 -0.1143448 0.833007 -0.5413175 -0.1143651 0.8329662 -0.5413761 -0.02574414 0.8329175 -0.5527982 -0.02574616 0.8329097 -0.5528099 0.06468033 0.8329452 -0.5495623 0.06468087 0.833002 -0.5494762 0.1585869 0.8326125 -0.5306662 0.1710061 0.791306 -0.5870195 -0.561951 0.6708237 -0.4839491 -0.65052 0.5434477 -0.5305546 -0.5881461 0.5432487 -0.5991368 -0.5882088 0.5431321 -0.5991811 -0.4574209 0.5403753 -0.7062299 -0.457503 0.5401706 -0.7063334 -0.2967637 0.5428848 -0.7856256 -0.2967682 0.5428714 -0.785633 -0.1735735 0.5427801 -0.8217433 -0.1735877 0.5427238 -0.8217775 -0.03907102 0.5426532 -0.8390477 -0.03907597 0.5426204 -0.8390686 0.09816479 0.5426779 -0.8341849 0.09816998 0.5427922 -0.8341099 0.2377679 0.5423271 -0.8058212 0.2277188 0.6062225 -0.7619963 -0.8597626 0.1875581 -0.4750053 -0.8497492 0.1848173 -0.4937295 -0.8729335 0.1131134 -0.4745445 -0.3305427 -0.1953972 0.9233426 -0.3325694 -0.192592 0.9232042 -0.2783181 -0.5557768 0.7833589 -0.3185158 -0.512934 0.7971489 -0.1503435 -0.8320926 0.5338714 -0.1998525 -0.8044335 0.5594155 -0.06618851 -0.9806951 0.1840006 -0.065755 -0.9807842 0.1836805 0.9832484 0.1808785 0.02248907 0.9994515 0.03297287 -0.003088831 0.9892215 0.1313716 0.06467086 0.9863582 0.1616818 0.0309273 0.9608851 0.2750815 0.03209525 0.8800538 0.4708282 0.06185472 0.7555289 0.6510823 0.07258027 0.5341681 0.8390782 0.1030155 0.6804786 0.7292811 0.07139962 0.1037994 0.9903014 0.09235131 -0.08026361 0.9909719 0.107388 0.04434305 0.982796 0.1792925 -0.01992368 0.9369323 0.3489424 -0.08506917 0.8897001 0.4485501 -0.2041851 0.5163116 0.8317036 -0.09876489 0.2403641 0.9656451 0.4189039 0.8242171 0.3810324 0.2256855 0.8768042 0.4245944 0.2188712 0.9385848 0.2667469 -0.2380768 0.9295291 0.2815939 0.04417711 0.9644638 0.2604958 0.9733659 0.2247418 0.04527455 0.9774947 0.2071917 0.03969371 0.9768314 0.2100245 0.04111093 0.8533422 0.4914489 0.174026 0.9610807 0.2701508 0.05781424 0.6567168 0.7101709 0.2537328 0.7538182 0.6234899 0.2074086 -0.7763398 0.5674235 0.2744576 0.5339419 0.8155168 0.2232455 0.2840176 0.9217169 0.2641438 0.2843239 0.9525613 0.1085673 0.3984217 0.9125348 0.09241306 0.3265932 0.6718001 0.664847 0.1232861 0.6849315 0.7181012 0.1041752 0.8044064 0.5848743 -0.4303563 0.6934385 0.5778725 -0.0751543 0.8257845 0.5589562 -0.0155043 0.8934534 0.4488883 0.157334 0.88848 0.4311026 0.1710397 0.7985673 0.5770924 0.4305609 0.7492136 0.5032854 -0.6864395 0.4782723 0.5477741 0.673345 0.5973033 0.4357009 0.5724769 0.6466068 0.5041525 0.8607588 0.4351292 0.2641153 0.7880613 0.5071549 0.3489319 0.9829589 0.1828021 0.01937627 0.9324119 0.3193828 0.1691231 0.2887975 0.4108449 0.8647557 0.0539 0.4050322 0.9127123 0.03670901 0.5502501 0.8341926 -0.161419 0.5223498 0.8373139 -0.1806911 0.6559614 0.7328475 0.9872384 0.1479311 0.0589627 0.9160302 0.2660126 0.3002097 0.9433628 0.2375821 0.2315633 0.7634559 0.3715561 0.5282813 0.8105934 0.3507154 0.4689744 0.5415563 0.4456139 0.712843 0.6039744 0.4344651 0.6681728 -0.4180532 0.3844594 0.8230568 0.3454717 0.5459992 0.7632393 0.08009922 0.5500977 0.8312501 0.06012582 0.686232 0.7248936 -0.1179624 0.665614 0.7369145 -0.1337741 0.7637843 0.6314571 0.9896876 0.1429437 -0.009250342 0.9932538 0.1037579 -0.0517807 0.9950395 0.09040081 -0.04152113 0.9900851 0.0428645 -0.1337687 0.7196578 0.361276 0.5929355 -0.09386849 0.0818606 0.9922134 -0.09197223 0.08155673 0.9924161 0.2926399 0.08600717 0.952347 0.9973345 0.03206884 -0.06553995 0.9203968 0.1010789 0.3776943 0.9289385 0.09926098 0.3566798 0.7692207 0.136116 0.6243172 0.7821564 0.1352471 0.6082266 0.5495863 0.1597888 0.8200137 0.5647085 0.1598358 0.8096646 -0.3447674 0.1385782 0.9284027 0.3019579 0.2531213 0.9191034 -0.07909834 0.2385113 0.9679131 -0.09247356 0.4022374 0.9108533 -0.3835349 0.3228117 0.8652709 -0.1950556 0.435976 0.878566 -0.09417831 1.50067e-6 0.9955553 -0.09410172 2.025e-6 0.9955626 0.2937284 4.36937e-6 0.955889 0.2937284 4.36937e-6 0.955889 0.5567398 5.70064e-6 0.830687 0.5567398 5.70064e-6 0.830687 0.7764472 6.56038e-6 0.6301824 0.7764472 6.56038e-6 0.6301824 0.9251348 6.84005e-6 0.3796386 0.9251156 6.64028e-6 0.3796856 0.9999952 6.30745e-6 -0.003090202 0.9999952 6.30583e-6 -0.003089964 -0.09410172 -1.50116e-6 0.9955626 -0.09399199 -1.50188e-6 0.995573 -0.09399193 0 0.995573 0.2937283 0 0.9558889 0.2937283 0 0.9558889 0.5567398 0 0.830687 0.5567398 0 0.830687 0.7764472 0 0.6301823 0.7764472 0 0.6301823 0.9251155 0 0.3796856 0.9251348 3.99505e-7 0.3796386 0.9999952 0 -0.003089964 0.9999952 0 -0.003090202 -0.09417831 -4.04898e-6 0.9955554 0.2937283 -8.73874e-6 0.9558889 0.2936532 -9.35597e-6 0.9559121 0.5567397 -1.2573e-5 0.8306869 0.5567397 -1.2573e-5 0.8306869 0.7764472 -1.47549e-5 0.6301823 0.7765727 -1.31215e-5 0.6300277 0.9251348 -1.36801e-5 0.3796386 0.9251348 -1.36801e-5 0.3796386 0.9999952 -1.26117e-5 -0.003090202 0.9999952 -1.26117e-5 -0.003090202 -0.1812183 -0.3903971 0.902635 0.2974691 -0.9501945 0.0929656 0.1402896 -0.9848685 0.1017488 0.9805822 -0.1930043 0.03475457 0.9964075 -0.08342885 0.01455211 0.9884053 -0.149706 0.02536135 0.9399656 -0.335253 0.06379717 0.8887888 -0.4508398 0.08244973 0.7534258 -0.6460019 0.1226013 0.9922047 -0.05149155 -0.1134834 0.1377204 -0.7086437 0.6919951 0.1211184 -0.8117237 0.5713449 0.1852766 -0.8104488 0.5557385 0.1735453 -0.8888195 0.4241249 0.2371043 -0.8809465 0.4095299 -0.3176409 -0.8412604 0.4374758 -0.009836971 -0.9105355 0.413314 0.7063835 -0.6349723 0.3127821 0.6978748 -0.7041231 0.1310784 -0.8746119 -0.4737433 0.1030603 0.5479519 -0.8321573 0.08522307 0.3854113 -0.9179778 0.0936743 0.298521 -0.08124303 0.9509389 -0.1264289 -0.07458364 0.9891679 -0.09396064 -0.06794703 0.9932546 0.5551288 -0.07601743 0.8282834 0.7749052 -0.06549775 0.6286749 0.7787516 -0.06447505 0.6240103 0.9240304 -0.04885083 0.3791854 0.9263299 -0.04777812 0.3736712 0.9997839 -0.02055317 -0.003089368 0.9761149 -0.07702362 0.203143 0.3312823 -0.4180007 0.8458885 0.03078758 -0.412086 0.9106247 0.04287022 -0.269886 0.9619374 0.993452 -0.08102971 -0.08054405 0.9929542 -0.1105625 -0.04263746 0.9968258 -0.07608157 -0.0234521 0.9378293 -0.1796813 0.2969694 0.9162123 -0.198194 0.3482445 0.799834 -0.2544468 0.5436197 0.7640448 -0.2689696 0.5864221 0.5440903 -0.3146322 0.7777997 0.5600584 -0.07660591 0.8249037 0.2926892 -0.08052605 0.9528108 0.9931716 -0.1049186 -0.05101156 0.9827995 -0.1781446 0.04867911 0.9220642 -0.3182444 0.220268 0.8409526 -0.4112183 0.3517076 0.7749382 -0.4668881 0.4260121 0.558966 -0.5725985 0.59974 0.5902703 -0.3106743 0.7450252 -0.443259 -0.2552531 0.8592831 0.2912366 -0.2529704 0.922598 -0.09429389 -0.2369514 0.9669348 -0.09088867 -0.1442341 0.9853608 -0.06988406 -0.867989 0.4916414 -0.06132823 -0.8097923 0.5835026 -0.1257875 -0.7981107 0.5892341 -0.1163542 -0.7395983 0.6629149 -0.2745934 -0.6499778 0.7086094 -0.1660777 -0.6706886 0.7229074 -0.1528519 -0.5816283 0.7989649 0.9781346 -0.2050709 0.03462123 0.9875401 -0.1572631 0.005719125 0.980105 -0.1966152 0.02714258 0.8927541 -0.4166636 0.1714107 0.8255313 -0.5144577 0.2320159 0.6240051 -0.6925762 0.3618784 0.6471267 -0.5418038 0.5363541 -0.5890593 -0.4492942 0.6716724 0.3128607 -0.5675215 0.761602 0.04700303 -0.5675482 0.8219974 0.06518542 -0.4176409 0.9062709 -0.2150915 -0.3816347 0.8989386 -0.2021997 -0.2294877 0.952077 0.7454665 -0.6569722 0.1125488 -0.015522 -0.96149 0.2744012 0.2970198 -0.9211415 0.2515502 0.2308875 -0.9367135 0.2631706 0.4681288 -0.8530316 0.2306352 0.4736921 -0.8049049 0.3574128 -0.7259541 -0.5538322 0.4077506 0.3835163 -0.7719404 0.5069748 0.3989318 -0.6771731 0.618296 0.0792185 -0.7045456 0.7052235 0.09866297 -0.5741935 0.812753 -0.4469612 -0.4585911 0.7680624 -0.1944649 -0.4978713 0.8451672 0.2196697 0.9755727 -0.001746654 0.3304964 0.2588121 -0.9076279 0.7461921 0.5120895 -0.4253959 0.817604 -0.2533445 -0.5170497 0.6521059 0.5562018 -0.5151673 0.7017052 -0.2764993 -0.6566261 0.9441414 0.3021196 -0.1316083 0.9287222 0.3017071 -0.2155179 0.3887332 0.9132338 -0.1220266 0.8936467 0.287769 -0.3443613 0.8572381 0.2885302 -0.4264892 0.527235 0.8334468 -0.1654987 0.5502484 0.8343811 -0.03217077 0.6996497 0.7135055 -0.03741788 0.4586402 0.8330407 -0.3093416 0.4588739 0.832861 -0.309479 0.1866154 0.9822297 -0.01998805 0.379548 0.9249454 -0.02048188 0.5259817 0.8499733 -0.02981227 0.5274786 0.8332807 -0.1655591 0.4198898 0.8979555 -0.1317903 0.1816992 0.9821262 -0.0491265 0.1213911 0.9820137 -0.1446143 0.1439632 0.9822437 -0.1202989 0.442689 0.8455096 -0.2985634 0.1610124 0.9821235 -0.09751158 0.1723611 0.9822646 -0.0738095 0.09745383 0.9822793 -0.1600937 0.1994673 0.9472472 -0.2508701 0.3443472 0.8329837 -0.4330856 0.3444171 0.8329148 -0.4331626 0.5219587 0.5446386 -0.6564509 0.8941833 0.4467981 -0.02841985 0.6462677 0.7616041 -0.04793018 0.8360248 0.5466268 -0.04755622 0.7997702 0.5452881 -0.2510545 0.7998415 0.5451765 -0.2510698 0.726679 0.5480116 -0.4142717 0.4539346 0.8367823 -0.3061678 0.6564844 0.5477729 -0.5186263 0.5220223 0.5444992 -0.6565162 0.3718528 0.8018867 -0.4676571 0.5633498 0.2169667 -0.7972217 0.1028333 0.9658006 -0.2380222 0.07043987 0.9819487 -0.1755419 0.2455487 0.7926161 -0.5580911 0.2189003 0.8342268 -0.506111 0.3151838 0.6079636 -0.7287245 0.3347719 0.5466513 -0.7675286 0.3491036 0.4807797 -0.8043491 0.4067443 0.2248682 -0.885434 -0.0660488 -0.9806107 0.1844998 -0.06519842 -0.9807798 0.1839025 -0.1882202 -0.8306686 0.5239874 -0.2286349 -0.8056198 0.5465372 -0.2584395 -0.5529194 0.7921422 -0.2903295 -0.5137521 0.8073213 -0.3305648 -0.1949756 0.9234238 -0.3108647 -0.1617748 0.9365853 -0.3155006 -0.3496603 0.8821548 0.9676761 0.1776477 0.1790096 0.9810539 0.1828423 0.06404674 0.08722168 0.9659337 -0.2436481 0.08721947 0.9659355 -0.2436418 0.2058368 0.7918437 -0.5749911 0.2051661 0.7933519 -0.5731489 0.2679123 0.6067736 -0.7483642 0.2673898 0.6087613 -0.7469354 0.3255535 0.2588155 -0.9094116 0.3255545 0.258803 -0.9094148 -0.7025603 0.2145834 -0.6785006 0.2984547 0.01467418 -0.954311 0.1863279 -0.03562378 -0.9818416 -0.06874233 0.0542733 -0.9961571 -0.01353734 0.103913 -0.9944942 -0.2610478 0.1484553 -0.9538423 -0.3175328 0.1064395 -0.9422545 -0.3946381 0.1673235 -0.9034731 -0.5627012 0.1738947 -0.8081634 -0.5802622 0.149276 -0.8006326 -0.4679946 0.1814374 -0.8649055 -0.7654187 0.177702 -0.6185114 -0.7436259 0.1646553 -0.6480039 -0.730846 0.1054301 -0.6743505 -0.7296167 0.1017067 -0.676251 -0.7299482 0.03505468 -0.6826029 -0.7142253 0.07329475 -0.6960676 -0.5665869 0.0956881 -0.8184272 -0.573256 0.09142214 -0.8142601 0.1691035 0.009483337 -0.9855527 -0.03218638 0.05938553 -0.9977161 -0.02001041 0.05019903 -0.9985387 -0.235213 0.04908263 -0.9707037 -0.3193713 0.09116017 -0.9432348 -0.3972844 0.06717091 -0.9152339 -0.4788649 0.0734961 -0.8748067 0.3085846 0.003534734 -0.9511904 0.2652921 0.03291922 -0.963606 0.2640048 0.02312791 -0.964244 0.08958125 0.07697194 -0.9930008 -0.7303909 2.57533e-7 -0.6830294 0.3085874 0 -0.951196 -0.2355142 0 -0.9718709 -0.03224855 0 -0.9994798 -0.03224855 0 -0.9994799 0.1691135 0 -0.9855966 0.1691135 0 -0.9855966 0.3085874 0 -0.951196 0.3085874 0 -0.951196 0.3085874 0 -0.951196 0.1691176 0 -0.9855958 0.1691134 3.03322e-7 -0.9855966 -0.0322526 3.54797e-7 -0.9994798 -0.03224861 1.2421e-7 -0.9994798 -0.2355142 1.68445e-7 -0.971871 -0.2355142 1.69681e-7 -0.971871 -0.4158642 2.04755e-7 -0.9094268 -0.4158642 2.06127e-7 -0.9094268 -0.5692092 2.32108e-7 -0.8221927 -0.5692092 2.33481e-7 -0.8221927 -0.7303909 2.55298e-7 -0.6830294 -0.7303909 0 -0.6830294 -0.7303909 0 -0.6830294 -0.5692092 0 -0.8221927 -0.5692092 0 -0.8221928 -0.4801843 0 -0.8771676 -0.4157725 -9.33239e-4 -0.9094682 -0.3982079 0 -0.9172952 -0.2355142 0 -0.9718709 -0.7303909 0 -0.6830294 -0.7303909 0 -0.6830293 -0.7303909 0 -0.6830294 -0.5692092 0 -0.8221928 0.3085874 0 -0.951196 0.2116521 0.002426803 -0.9773421 0.1691176 0 -0.9855959 0.3085874 0 -0.951196 0.119076 -3.54342e-7 -0.9928852 -0.03224855 -3.56695e-7 -0.9994799 -0.0322526 0 -0.9994798 -0.2355142 0 -0.9718709 -0.2355142 0 -0.9718708 -0.3836638 0 -0.9234728 -0.4157335 0.001328647 -0.9094855 -0.4666016 0 -0.8844677 -0.5692092 0 -0.8221928 -0.7303909 0 -0.6830294 -0.5692092 0 -0.8221927 -0.5692092 0 -0.8221927 -0.4158641 0 -0.9094268 -0.4158641 0 -0.9094268 -0.2355142 0 -0.9718709 -0.2355142 0 -0.9718709 -0.0322526 0 -0.9994797 -0.0322526 0 -0.9994798 0.1691176 0 -0.9855959 0.1691176 0 -0.9855958 0.3085874 0 -0.951196 0.3085874 0 -0.951196 0.4938439 0.06454205 -0.867152 0.882578 -0.01111727 -0.4700348 0.9595538 -0.06794363 -0.2732038 0.119063 -0.01331478 -0.9927974 -0.2354122 -0.02795869 -0.9714934 -0.4662355 -0.03897243 -0.8838018 -0.7255724 -0.1405621 -0.6736371 -0.744864 -0.0584641 -0.66465 -0.7301236 -0.02730029 -0.6827697 -0.673962 -0.2787099 -0.6841754 -0.6889773 -0.2655457 -0.6743855 -0.7336041 -0.174401 -0.6568175 -0.5831111 -0.527723 -0.6176486 -0.6050533 -0.4582407 -0.6510959 -0.6055149 -0.4596961 -0.6496393 -0.6590139 -0.3913199 -0.6423156 -0.6787759 -0.3373127 -0.6522909 -0.4913712 -0.618719 -0.6129773 -0.5019123 -0.6156478 -0.6075046 -0.5625519 -0.5602964 -0.60795 -0.3082132 -0.7972275 -0.5190692 -0.344728 -0.7498413 -0.5647128 -0.3449766 -0.7484585 -0.566393 -0.4208037 -0.7165951 -0.5562515 -0.4600768 -0.6776894 -0.5736432 -0.2611954 -0.825865 -0.4997237 -0.1779989 -0.8456597 -0.503166 -0.1752556 -0.8529211 -0.491743 0.005044519 -0.9018147 -0.4320936 -0.08269995 -0.8959285 -0.436432 -0.1182374 -0.8850687 -0.4501926 0.1736308 -0.9130088 -0.3691441 0.09641045 -0.9282987 -0.3591189 0.00369817 -0.899642 -0.4366127 0.3447687 -0.8806606 -0.3249176 0.2827407 -0.9108307 -0.3007409 0.1938043 -0.9195623 -0.3418263 0.4770454 -0.8448625 -0.2421465 0.4367088 -0.8637605 -0.2514024 0.3846886 -0.8834018 -0.2676118 0.5671643 -0.7748952 -0.2790378 0.5149844 -0.8298797 -0.2146873 0.6503054 -0.7386045 -0.1776689 0.6790831 -0.705825 -0.2016366 0.720468 -0.6772729 -0.1490883 0.7867866 -0.6042714 -0.1257894 0.7847986 -0.6059698 -0.1299686 0.8511021 -0.5155951 -0.0989288 0.874836 -0.4662885 -0.1312903 0.8981655 -0.4305633 -0.08896046 0.9369429 -0.3428857 -0.06758207 0.9503288 -0.2939656 -0.1022715 0.9676204 -0.2453697 -0.05919677 0.9803223 -0.1889864 -0.05702918 0.9905605 -0.1175243 -0.07055431 0.9865833 -0.1341711 -0.09301334 0.992516 0.1095508 0.05395102 0.9967724 -0.0483576 -0.06408071 0.7696705 -0.2679652 -0.5794842 0.3607923 -0.1556434 -0.9195672 0.3934949 -0.02360337 -0.9190238 0.3954837 -0.02698373 -0.9180765 0.3964109 -0.009512126 -0.918024 0.3981549 -0.01130819 -0.9172485 0.398358 -0.001324176 -0.9172291 0.3625491 -0.06197863 -0.9299015 0.3634598 -0.06007921 -0.9296706 0.3726096 -0.05274146 -0.9264883 0.3724241 -0.05707752 -0.9263058 0.3799138 -0.04467868 -0.9239423 0.3799488 -0.04867452 -0.923726 0.3871388 -0.03630179 -0.9213066 0.3895702 -0.04389721 -0.9199501 0.3897017 -0.03466928 -0.9202884 0.3147943 -0.06296902 -0.9470689 0.3170624 -0.06174468 -0.9463926 0.3273457 -0.06667566 -0.9425492 0.3286561 -0.06565213 -0.9421651 0.3387351 -0.06618088 -0.9385514 0.3381849 -0.06672221 -0.9387114 0.3497067 -0.0640186 -0.9346694 0.3488999 -0.06569486 -0.9348546 0.357477 -0.06183254 -0.9318728 0.9219016 -0.01221525 -0.3872316 0.9494559 -0.1235257 -0.2885739 0.9513094 -0.107278 -0.2889671 0.9500623 -0.1025657 -0.2947235 0.9157903 -0.2690529 -0.2982258 0.9149434 -0.2583627 -0.3100441 0.8467018 -0.4243116 -0.3210231 0.8482723 -0.4101281 -0.3350058 0.767035 -0.5355255 -0.3533691 0.771731 -0.5234798 -0.3611096 0.6705652 -0.6348626 -0.3837863 0.6760676 -0.6222288 -0.3946692 0.5311275 -0.7274172 -0.4344742 0.5371984 -0.7183776 -0.4419857 0.3756448 -0.7854717 -0.4918588 0.3798713 -0.7811303 -0.4955132 0.2316898 -0.8044214 -0.5470156 0.2324512 -0.8039488 -0.5473871 0.08547097 -0.7954919 -0.5999061 0.08183652 -0.7973747 -0.5979099 -0.07388603 -0.7478694 -0.6597213 -0.08302307 -0.7506431 -0.6554709 -0.2193906 -0.6643878 -0.7144625 -0.2334814 -0.6659542 -0.7085135 -0.3439533 -0.5502195 -0.7608907 -0.3606023 -0.5489666 -0.7540568 -0.4426541 -0.4110723 -0.7969172 -0.459268 -0.4068413 -0.7896537 -0.512308 -0.2528483 -0.8207364 -0.5246023 -0.2472939 -0.8146399 -0.5444783 -0.1273571 -0.8290498 -0.5483937 -0.1224859 -0.8272011 -0.5521762 -0.07619524 -0.8302383 -0.5682322 -0.05837404 -0.8207951 -0.3834093 -0.03548407 -0.9228967 -0.2917938 -0.0831719 -0.9528582 -0.2909243 -0.09523779 -0.9519941 -0.2864081 -0.1004601 -0.9528264 -0.2733291 -0.1911797 -0.9427309 -0.259427 -0.1965311 -0.9455544 -0.2224343 -0.3121432 -0.9236285 -0.2044221 -0.3154572 -0.9266598 -0.1469072 -0.4178439 -0.8965628 -0.129528 -0.4177627 -0.8992757 -0.05127102 -0.5038214 -0.8622849 -0.03703904 -0.5008488 -0.8647419 0.06051504 -0.5652244 -0.8227146 0.06945759 -0.5613783 -0.8246393 0.1821089 -0.5986308 -0.7800497 0.1855548 -0.5962415 -0.7810668 0.2926976 -0.6021825 -0.7427682 0.2919922 -0.6027527 -0.7425833 0.4007824 -0.5854796 -0.7046894 0.3971015 -0.5907009 -0.7024121 0.5162324 -0.5391749 -0.6654281 0.5114446 -0.5499854 -0.6602579 0.6188024 -0.4684835 -0.6305608 0.6154481 -0.4835067 -0.6224508 0.6902024 -0.3959082 -0.6057039 0.6872407 -0.4098995 -0.5997356 0.7479322 -0.3118624 -0.5859516 0.7497421 -0.3286653 -0.5743394 0.7998474 -0.1981206 -0.5665618 0.8038886 -0.2106359 -0.5562334 0.8286398 -0.07939779 -0.5541228 0.8315697 -0.08475071 -0.5489164 0.8352819 0.003942012 -0.549808 0.6452654 -0.2056618 -0.7357553 0.6260298 -0.01934379 -0.7795591 0.6249844 -0.04901254 -0.7790972 0.6219885 -0.04540437 -0.7817089 0.6093295 -0.1208487 -0.7836537 0.6045143 -0.1118953 -0.7886963 0.5782417 -0.1863725 -0.7942933 0.5747542 -0.1741229 -0.7995867 0.5421946 -0.2295764 -0.808282 0.5428861 -0.2192966 -0.8106686 0.5032875 -0.2689788 -0.8211894 0.5040338 -0.257645 -0.8243597 0.4468713 -0.3031069 -0.8416842 0.449149 -0.2949658 -0.8433626 0.3859681 -0.3233799 -0.8639758 0.3880474 -0.3193843 -0.8645305 0.3304663 -0.3286074 -0.884765 0.3309307 -0.3281383 -0.8847656 0.274621 -0.3251029 -0.9049262 0.2724815 -0.326986 -0.9048944 0.2134384 -0.3068556 -0.9275148 0.207691 -0.3100754 -0.9277487 0.1567213 -0.2754265 -0.9484612 0.1474781 -0.2782828 -0.9491095 0.1065331 -0.2318385 -0.9669032 0.09499353 -0.2328583 -0.9678601 0.0647872 -0.1771782 -0.9820441 0.05272406 -0.1758806 -0.9829986 0.03310203 -0.111887 -0.9931694 0.02350658 -0.1088964 -0.9937752 0.01684653 -0.05797731 -0.9981757 0.01375973 -0.05472189 -0.9984069 0.01427215 -0.0632357 -0.9978966 -0.03223747 -0.02364021 -0.9992007 0.3085857 -0.002624154 -0.951193 0.211643 -0.007765173 -0.9773162 0.2709566 -0.03406345 -0.9619887 0.2745426 -0.01176232 -0.961503 0.2758051 -0.01394569 -0.9611124 0.2770745 -0.02306962 -0.9605715 0.2775358 -0.02323102 -0.9604344 0.2843669 -0.03614795 -0.9580338 0.2866252 -0.03631258 -0.9573544 0.2917805 -0.04861062 -0.9552493 0.2952716 -0.04860728 -0.9541761 0.3028432 -0.05698448 -0.9513353 0.3008752 -0.05754375 -0.9519259 0.3079933 -0.05842053 -0.9495931 0.9979553 0 -0.06391471 0.9886159 -7.92787e-5 -0.1504611 0.9943018 -0.003018558 -0.1065589 0.9974783 -0.006170928 -0.0707041 0.9991649 -0.01058501 -0.03946274 0.9996607 -0.01328575 -0.02240025 0.9998428 -0.01599735 -0.007654011 0.9996947 -0.02031272 0.01407784 0.9526081 5.21445e-6 -0.3042004 0.9617465 -0.001886785 -0.273935 0.9762783 1.55876e-4 -0.2165198 0.9819527 1.5674e-4 -0.1891266 0.3630732 0 -0.9317606 0.7982138 -7.58136e-5 -0.6023741 0.6593745 -1.04338e-4 -0.7518147 0.6584784 -3.48951e-5 -0.7525996 0.4948905 -4.66164e-5 -0.8689554 0.4942593 -5.87389e-6 -0.8693146 0.3652049 -7.94615e-6 -0.9309272 0.365066 2.25337e-7 -0.9309816 0.3650793 -1.07211e-4 -0.9309764 0.4886832 1.93509e-4 -0.8724613 0.4942759 -1.41075e-4 -0.8693051 0.6542002 2.38658e-4 -0.7563214 0.6584828 -7.61832e-5 -0.7525958 0.7957159 2.50451e-4 -0.60567 0.7982072 7.71574e-6 -0.602383 0.8969812 2.37465e-4 -0.4420687 0.8982916 5.64215e-5 -0.4393997 0.953157 1.68187e-4 -0.3024762 0.9643701 -0.002691745 -0.2645428 0.9979391 -2.75402e-5 -0.06416839 0.9617787 -1.09898e-4 -0.273828 0.9616955 -9.18672e-5 -0.2741202 0.9219719 -1.34256e-4 -0.3872567 0.8982303 0.00119841 -0.4395236 0.8826345 -1.10792e-4 -0.4700599 0.7989478 -1.49341e-4 -0.6014003 0.9995825 1.13581e-4 -0.02889531 0.9526081 0 -0.3042004 0.9656498 0.003250479 -0.2598268 0.9928398 -7.52048e-4 -0.1194511 0.9972805 0.005931437 -0.07346153 0.9927608 0.002094089 -0.1200898 0.98936 8.3398e-4 -0.1454861 0.9859549 8.19811e-5 -0.1670117 0.9609554 -0.001201033 -0.2767007 0.9780329 0.00858426 -0.2082737 0.9720398 0.005590081 -0.2347497 0.3629413 2.25538e-7 -0.9318121 0.3630732 0 -0.9317606 0.3629404 -7.09647e-6 -0.9318124 0.4880726 -5.35593e-6 -0.872803 0.4886832 -4.35866e-5 -0.8724613 0.6532981 -3.26302e-5 -0.7571008 0.6542003 -1.01432e-4 -0.7563214 0.7949608 -7.36784e-5 -0.6066609 0.7957159 -1.49296e-4 -0.60567 0.89659 -1.01918e-4 -0.4428618 0.8969812 -1.56932e-4 -0.4420687 0.9529415 -1.041e-4 -0.3031543 0.9526257 -1.04294e-5 -0.3041452 0.3630732 7.65784e-6 -0.9317607 0.4936345 5.73402e-6 -0.8696694 0.488121 3.86829e-4 -0.8727759 0.6637173 -3.41962e-4 -0.7479835 0.6533574 5.25597e-4 -0.7570495 0.8035264 -3.37134e-4 -0.595269 0.7950142 5.93064e-4 -0.6065905 0.9026113 -3.20328e-4 -0.4304563 0.8966271 5.9397e-4 -0.442786 0.9645239 -3.24742e-4 -0.2639952 0.9610072 5.26834e-4 -0.2765229 0.9982226 -5.63562e-4 -0.05959349 0.9928927 0.005925774 -0.1188654 0.9999924 0 -0.003912091 0.9999597 0.001607716 0.008841812 0.9715331 0.1945258 -0.1352148 0.9919334 0.09936368 -0.07870841 0.9895241 0.1303349 -0.06208819 0.9868608 0.1535086 -0.05040705 0.9853371 0.1677383 -0.03121912 0.9539598 0.2027022 -0.221071 0.947905 0.1692952 -0.2698431 0.9147181 0.1983557 -0.3520594 0.8875416 0.149366 -0.4358435 0.8853476 0.1511739 -0.4396659 0.830502 0.1762966 -0.5283805 0.7909136 0.1214991 -0.5997447 0.7197675 0.1448354 -0.6789384 0.6549913 0.08270049 -0.7510972 0.5754954 0.09838092 -0.8118659 0.4198649 -0.01523768 -0.9074587 0.433573 0.007492244 -0.9010872 0.343355 0.002426087 -0.9392026 0.363072 0.003268718 -0.9317553 0.427906 0.04803454 -0.9025459 0.4935534 0.0186007 -0.8695166 0.6604871 0.04019981 -0.7497605 0.6632139 0.03882801 -0.7474221 0.7994099 0.05765461 -0.5980131 0.8022603 0.05584084 -0.594357 0.8982342 0.07059442 -0.4338108 0.9004699 0.06866651 -0.4294633 0.9602527 0.07969981 -0.267512 0.9615867 0.07795262 -0.2632004 0.992353 0.08653837 -0.0880143 0.9976073 0.03512597 -0.05954718 0.2436727 -0.9659274 0.08722341 0.6657425 -0.7071052 0.2383046 0.665733 -0.7071025 0.2383394 0.909403 -0.2588176 0.3255758 0.909403 -0.2588175 0.3255758 0.909403 0.2588176 0.3255758 0.909403 0.2588175 0.3255758 0.6657276 0.7071081 0.2383375 0.6657424 0.7071055 0.2383046 0.243674 0.965927 0.08722388 0.2436683 0.9659274 0.0872358 -0.2436696 0.9659271 -0.08723628 -0.2436732 0.9659267 -0.08722859 -0.6657354 0.7071082 -0.2383158 -0.6657406 0.7071072 -0.238304 -0.9094195 0.2588176 -0.3255296 -0.9094132 0.2588194 -0.325546 -0.9094136 -0.2588176 -0.3255462 -0.9094191 -0.2588194 -0.3255295 -0.6657425 -0.7071052 -0.2383046 -0.6657391 -0.7071043 -0.2383171 -0.2436724 -0.965927 -0.08722829 -0.2436704 -0.9659268 -0.08723658 0.2436696 -0.9659271 0.08723628 0.3369791 2.23976e-5 -0.9415122 0.3369791 -1.91746e-5 -0.9415121 0.3370351 0 -0.9414921 0.3370339 0 -0.9414925 0.3369911 -4.83198e-5 -0.9415079 0.3370342 -9.3351e-6 -0.9414924 0.3370385 8.72592e-6 -0.941491 0.3370336 -8.01329e-6 -0.9414926 0.3370764 -1.59528e-4 -0.9414773 0.3370411 -5.82886e-6 -0.9414899 0.3370482 -1.2419e-5 -0.9414874 0.3370375 0 -0.9414913 0.3370351 0 -0.9414921 0.3370034 1.08401e-5 -0.9415035 0.3370033 -8.94104e-6 -0.9415035 0.3370554 1.45906e-6 -0.9414848 0.3370491 1.31722e-5 -0.9414871 0.3370494 1.34105e-5 -0.941487 0.3370408 1.84912e-5 -0.94149 0.3370347 0 -0.9414922 0.3370361 0 -0.9414917 0.3370395 -1.93702e-5 -0.9414905 0.3370492 -1.3321e-5 -0.9414871 0.3370489 -1.31623e-5 -0.9414871 0.3370534 -5.2973e-6 -0.9414855 0.2436691 -0.9659271 0.0872361 0.6657304 -0.7071053 0.2383385 0.6657304 -0.7071053 0.2383385 0.909403 -0.2588176 0.3255758 0.909403 -0.2588176 0.3255758 0.909403 0.2588176 0.3255758 0.909403 0.2588175 0.3255758 0.6657276 0.7071081 0.2383375 0.6657276 0.7071081 0.2383375 0.2436696 0.9659271 0.08723628 0.2436659 0.9659271 0.08724492 -0.2436659 0.9659272 -0.08724498 -0.2436696 0.9659271 -0.08723628 -0.6657285 0.7071071 -0.2383378 -0.6657726 0.7071027 -0.2382283 -0.9094569 0.2588194 -0.325424 -0.9094004 0.2588279 -0.3255749 -0.9094026 -0.2588194 -0.3255757 -0.9094547 -0.2588279 -0.3254232 -0.6657711 -0.7071043 -0.2382277 -0.6657357 -0.7070997 -0.2383403 -0.2436691 -0.9659271 -0.0872361 -0.2436664 -0.9659271 -0.0872451 0.2436664 -0.965927 0.0872451 0.337071 -9.72471e-6 -0.9414793 0.337071 1.24497e-5 -0.9414793 0.3370351 0 -0.9414921 0.3370375 0 -0.9414913 0.3370482 1.2419e-5 -0.9414874 0.3370411 5.78333e-6 -0.9414899 0.3370764 1.59528e-4 -0.9414773 0.3370376 2.23848e-5 -0.9414911 0.3370211 8.16856e-5 -0.9414971 0.3370431 -1.4663e-5 -0.9414892 0.3370432 -1.49163e-5 -0.9414892 0.3370303 0 -0.9414939 0.3370543 1.69896e-7 -0.9414852 0.337071 -5.54514e-6 -0.9414792 0.337071 4.55981e-6 -0.9414793 0.3369598 -1.7632e-5 -0.9415191 0.3369791 -5.32534e-5 -0.9415121 0.3370509 1.2293e-5 -0.9414864 0.3370454 1.56155e-5 -0.9414883 0.3370403 0 -0.9414902 0.3370361 0 -0.9414917 0.3370395 -1.93702e-5 -0.9414905 0.3370492 -1.3321e-5 -0.9414871 0.3370656 -3.37767e-5 -0.9414812 0.3370776 -1.21899e-5 -0.9414769 -0.9414916 0 -0.3370366 -0.9414914 3.77065e-7 -0.3370369 -0.9414917 0 -0.3370361 -0.9414914 -3.77065e-7 -0.3370369 -0.9414916 0 -0.3370366 -0.9414914 -8.95073e-7 -0.3370369 -0.9414914 9.23942e-7 -0.3370369 -0.9414915 0 -0.3370367 -0.941492 1.76869e-6 -0.3370354 -0.9414909 8.10362e-6 -0.3370385 -0.9414901 1.51794e-6 -0.3370409 -0.9414928 -4.86609e-6 -0.337033 -0.9414929 -2.07031e-6 -0.3370326 -0.9414922 -1.59615e-6 -0.3370347 -0.9414923 0 -0.3370347 -0.9414922 0 -0.3370346 -0.9414923 9.23267e-7 -0.3370347 -0.941493 2.57284e-6 -0.3370327 -0.9414926 9.6098e-6 -0.3370336 -0.9414904 -4.12302e-6 -0.33704 -0.9414915 -1.33305e-5 -0.3370367 -0.9414916 0 -0.3370367 -0.9414915 0 -0.3370367 0.3370399 0 -0.9414904 0.3370399 0 -0.9414904 -0.8216081 -0.4892908 0.2924972 -0.8347719 -0.4853549 0.259974 -0.7928947 -0.5978767 0.1177343 -0.7076455 -0.7058866 0.03101837 -0.735138 -0.6775301 -0.02291488 -0.6795251 -0.7064642 -0.1978737 -0.5712476 -0.7628505 -0.3028783 -0.6169036 -0.7012435 -0.3573338 -0.5623221 -0.6398723 -0.5237911 -0.4422783 -0.6404455 -0.627869 -0.5096758 -0.5512871 -0.66054 -0.4701817 -0.4143705 -0.7792473 -0.3503441 -0.3643826 -0.8628351 -0.4402207 -0.2653168 -0.8577952 -0.4140384 0 -0.9102594 -0.174552 -0.1047841 -0.9790566 -0.4258461 0.08554768 -0.9007424 -0.4417369 0.3334179 -0.8328872 -0.2417303 0.3149775 -0.9177993 -0.4701816 0.4143702 -0.7792475 -0.5184834 0.5904536 -0.6184979 -0.3676608 0.6333965 -0.6809071 -0.5623221 0.6398723 -0.5237911 -0.6267022 0.7122228 -0.3162006 -0.526856 0.7788954 -0.3402128 -0.6795252 0.7064641 -0.1978737 -0.7415928 0.6708335 0.004747748 -0.6865693 0.7269653 0.01200163 -0.7928929 0.5978786 0.1177362 -0.8368451 0.47576 0.2708186 -0.8153415 0.5028197 0.2870376 -0.8744437 0.3411616 0.3449015 -0.890631 0.1716981 0.4210655 -0.8906301 0.1716991 0.4210668 -0.8906303 -0.1716983 0.4210669 -0.8906306 -0.1716985 0.4210662 -0.8744412 -0.3411712 0.3448984 0.3370355 4.76483e-6 -0.9414919 0.3370317 -2.38242e-6 -0.9414932 0.3370395 2.38243e-6 -0.9414905 0.3370356 -4.76486e-6 -0.9414919 -0.8153555 -0.4999992 -0.2918836 -0.8153505 -0.5000068 -0.291885 -0.8153571 -0.4999986 -0.2918807 -0.8153603 -0.4999906 -0.2918853 -0.8153603 0.4999905 -0.2918853 -0.8153537 0.5000068 -0.291876 -0.8153567 0.4999964 -0.2918854 -0.8153591 0.4999929 -0.2918848 0 1 0 0 1 0 0 1 0 0 1 0 0.8153532 0.5000046 0.2918813 0.8153523 0.5000067 0.29188 0.8153536 0.5000023 0.2918841 0.8153555 0.4999992 0.2918836 0.8153496 -0.5000109 0.29188 0.8153523 -0.5000045 0.2918837 0.8153505 -0.5000068 0.291885 0.8153555 -0.4999992 0.2918835 0 -1 0 0 -1 0 0 -1 0 0 -1 0 -0.1940858 -0.5462272 -0.8148414 -0.3445786 -0.3563173 -0.8685066 -0.3445907 -0.3563162 -0.8685022 -0.4241605 -0.1229727 -0.8971988 -0.4241638 0.1229732 -0.8971972 -0.3445972 0.3563253 -0.8684958 -0.3445907 0.3563162 -0.8685021 -0.1941019 0.5462304 -0.8148354 0.006442844 0.6692153 -0.7430406 0.2364457 0.7126303 -0.6604933 0.2364456 0.7126302 -0.6604935 0.466578 0.6692185 -0.578318 0.6671378 0.5462381 -0.5065088 0.8174984 0.3563216 -0.4524725 0.817485 0.3563237 -0.452495 0.8971872 0.1229872 -0.4241807 0.8971857 -0.1229867 -0.424184 0.8174865 -0.3563091 -0.4525036 0.8174887 -0.3563276 -0.4524853 0.6671292 -0.5462349 -0.5065236 0.466578 -0.6692185 -0.578318 0.2364457 -0.7126302 -0.6604935 0.2364456 -0.7126303 -0.6604934 0.006442844 -0.6692153 -0.7430406 0.3370363 -4.741e-7 -0.9414916 0.3370422 -2.58173e-6 -0.9414895 0.3370368 7.27501e-7 -0.9414915 0.337037 -2.18816e-7 -0.9414914 0.3370353 8.68556e-6 -0.941492 0.3370353 -2.38525e-7 -0.9414921 0.3370363 1.21868e-6 -0.9414917 0.3370292 -5.39706e-6 -0.9414942 0.3370372 -4.53195e-7 -0.9414914 0.337039 6.66247e-6 -0.9414907 0.3370347 -3.52777e-6 -0.9414922 0.337037 -2.18817e-7 -0.9414915 0.3370372 -1.75231e-6 -0.9414914 0.3370372 2.8623e-7 -0.9414913 0.3370361 1.5331e-6 -0.9414918 0.3370347 3.53896e-6 -0.9414922 0.3370265 -2.30283e-6 -0.9414952 0.3370381 -1.02194e-6 -0.941491 0.3370379 -9.87705e-7 -0.9414911 0.3370407 1.61211e-6 -0.9414901 0.3370372 -4.53197e-7 -0.9414913 0.3370389 6.66236e-6 -0.9414907 0.3370347 -3.52776e-6 -0.9414922 0.3370422 -7.40382e-6 -0.9414896 0.3370347 3.53896e-6 -0.9414922 0.3370363 -4.74099e-7 -0.9414917 0.3370422 -2.58174e-6 -0.9414895 0.3370376 2.20633e-7 -0.9414912 0.3370417 1.41954e-6 -0.9414897 0.3370381 1.01914e-6 -0.941491 -0.2436759 0.965926 -0.08722984 -0.1286008 0.8054035 -0.578608 -0.837103 0.2184612 -0.501531 -0.8323691 0.4673085 -0.2979673 -0.6657401 0.7071029 -0.2383182 -0.5439692 0.6083521 -0.5779317 -0.5303644 0.8262372 -0.1898571 0.9094125 -0.2588206 0.3255469 0.6657351 -0.7071081 0.2383164 0.6657298 -0.7071048 0.2383415 0.2436724 -0.9659261 0.08723849 0.243674 -0.9659266 0.08722919 -0.2436759 -0.965926 -0.08722984 -0.2436759 -0.965926 -0.08722984 -0.6657384 -0.7071048 -0.2383176 -0.6657384 -0.7071048 -0.2383176 -0.9094125 -0.2588206 -0.3255469 -0.9094125 -0.2588206 -0.3255469 -0.9094123 0.2588215 -0.3255468 0.9523991 0.2553107 0.1665901 0.9178876 0.2225244 0.3285807 0.9094125 -0.2588206 0.3255469 0.7316662 0.6812944 -0.02241778 0.7136248 0.6522882 0.2554597 0.8323878 0.467271 0.2979739 -0.1054229 0.9937111 -0.03773874 0.1054209 0.9937114 0.03773802 0.3378366 0.9162486 -0.2153018 0.3439573 0.9308757 0.123142 0.5303575 0.8262372 0.1898761 -0.8882546 -0.1861588 0.4199388 -0.8882516 -0.1861637 0.4199432 -0.7129896 -0.5085885 0.4826838 -0.7129921 -0.5085874 0.4826813 -0.4094197 -0.6947472 0.5913561 -0.4094263 -0.694749 0.5913491 -0.05889087 -0.6947505 0.7168359 -0.05888509 -0.6947432 0.7168434 0.2446774 -0.5085893 0.825512 0.2446772 -0.5085902 0.8255113 0.4199427 -0.1861578 0.888253 0.4199408 -0.1861525 0.888255 0.4219514 0.1593312 0.892508 0.4219544 0.159328 0.8925073 0.3505498 0.3305339 0.8762775 0.2785133 0.4387438 0.854362 0.2728115 0.4652745 0.8420769 0.1375623 0.5850551 0.7992416 0.0425722 0.6274058 0.7775279 0.007597744 0.6619157 0.7495399 -0.162791 0.7048733 0.6904004 -0.2426791 0.6939371 0.6779073 -0.3123478 0.7048735 0.6368613 -0.4815551 0.6619174 0.5744302 -0.5263512 0.6274035 0.5738635 -0.6135342 0.5850556 0.5303638 -0.745245 0.4652708 0.4776327 -0.7574415 0.4387541 0.4835051 -0.8270155 0.3305562 0.4547283 -0.8925086 0.1593277 0.4219517 -0.8925087 0.1593313 0.42195 0.4219555 0.1593301 0.8925063 0.4219544 0.1593313 0.8925066 0.3505508 0.3305342 0.8762769 0.2785128 0.4387457 0.8543611 0.2728118 0.465273 0.8420776 0.1375621 0.5850549 0.7992418 0.04257214 0.6274058 0.7775279 0.007597684 0.6619156 0.7495399 -0.162787 0.7048725 0.6904022 -0.2426764 0.6939365 0.6779088 -0.3123502 0.7048738 0.6368597 -0.4815518 0.6619187 0.5744314 -0.5263483 0.6274047 0.5738649 -0.6135397 0.5850527 0.5303605 -0.7452457 0.4652719 0.4776305 -0.757447 0.4387443 0.4835052 -0.8270191 0.3305472 0.4547284 -0.8925074 0.1593294 0.4219534 -0.8925075 0.1593307 0.4219528 -0.8882535 -0.1861582 0.4199416 -0.8882547 -0.1861565 0.4199399 -0.7129911 -0.5085879 0.4826823 -0.7129884 -0.508589 0.482685 -0.4094184 -0.6947468 0.5913574 -0.4094233 -0.6947482 0.5913523 -0.05888926 -0.6947485 0.716838 -0.05888509 -0.6947432 0.7168434 0.244678 -0.5085887 0.8255121 0.244678 -0.508589 0.8255119 0.4199433 -0.1861563 0.888253 0.4199442 -0.1861588 0.888252 0.3370356 -2.74894e-6 -0.9414919 0.3370379 1.37448e-6 -0.9414911 0.3370333 -1.40502e-6 -0.9414927 0.3370356 2.81004e-6 -0.9414919 0.8153567 0.4999979 0.2918826 0.8153548 0.5000028 0.29188 0.8153556 0.5 0.2918823 0.8153558 0.4999996 0.2918823 0 1 0 0 1 0 0 1 0 0 1 0 -0.8153533 0.5000042 -0.2918813 -0.8153539 0.5000027 -0.2918823 -0.8153551 0.4999987 -0.2918859 -0.8153591 0.4999929 -0.2918848 -0.8153555 -0.4999992 -0.2918836 -0.8153533 -0.5000026 -0.2918842 -0.8153547 -0.5000008 -0.2918833 -0.8153533 -0.5000042 -0.2918813 0 -1 0 0 -1 0 0 -1 0 0 -1 0 0.8153533 -0.5000042 0.2918813 0.8153542 -0.5000022 0.2918825 0.8153538 -0.5000026 0.2918828 0.8153558 -0.4999996 0.2918822 0.6671272 0.5462343 -0.5065269 0.8174864 0.3563191 -0.4524961 0.8175078 0.3563156 -0.4524601 0.8972035 0.122992 -0.4241448 0.006443023 0.6691977 -0.7430564 0.2364441 0.7126157 -0.6605096 0.2364473 0.7126252 -0.6604983 0.4665856 0.669207 -0.578325 -0.4241734 0.1229808 -0.8971915 -0.3446109 0.356316 -0.8684943 -0.3446148 0.3563213 -0.8684906 -0.1941164 0.5462456 -0.8148217 -0.1941003 -0.5462425 -0.8148277 -0.344608 -0.3563147 -0.8684959 -0.3446009 -0.3563153 -0.8684985 -0.4241701 -0.1229803 -0.8971931 0.4665856 -0.669207 -0.578325 0.2364407 -0.7126258 -0.6605 0.2364504 -0.7126165 -0.6605068 0.006443023 -0.6691977 -0.7430564 0.897202 -0.1229916 -0.4241481 0.8174961 -0.3563293 -0.4524706 0.8174926 -0.3562996 -0.4525002 0.6671186 -0.5462311 -0.5065417 0.3370366 1.51955e-6 -0.9414916 0.3370387 7.3596e-7 -0.9414908 0.33704 0 -0.9414904 0.337037 -2.18816e-7 -0.9414914 0.3370362 3.46956e-6 -0.9414917 0.3370363 0 -0.9414916 0.3370401 -2.18815e-7 -0.9414903 0.337041 6.30823e-7 -0.94149 0.3370369 -1.86048e-6 -0.9414914 0.3370376 7.82333e-7 -0.9414912 0.3370393 4.91654e-6 -0.9414906 0.3370367 1.11839e-6 -0.9414915 0.3370372 -1.75231e-6 -0.9414914 0.3370372 -1.00181e-6 -0.9414913 0.337035 1.33752e-6 -0.9414921 0.3370393 -4.91653e-6 -0.9414906 0.3370414 3.62772e-7 -0.9414899 0.3370381 0 -0.941491 0.3370366 1.67151e-7 -0.9414916 0.3370295 -6.37837e-6 -0.9414941 0.3370369 -1.86049e-6 -0.9414915 0.3370375 7.57083e-7 -0.9414913 0.3370374 4.36774e-7 -0.9414913 0.3370391 -2.93374e-6 -0.9414907 0.3370374 -4.25575e-7 -0.9414912 0.3370366 1.51955e-6 -0.9414916 0.3370386 7.35963e-7 -0.9414908 0.337037 1.75912e-6 -0.9414914 0.3370269 -1.24289e-6 -0.941495 0.3370381 0 -0.941491 -0.2436746 0.965926 -0.08723253 -0.1285954 0.8053933 -0.5786232 -0.8371165 0.218468 -0.5015054 -0.8323818 0.467283 -0.2979718 -0.6657385 0.7071047 -0.2383177 -0.5439636 0.6083498 -0.5779395 -0.5303603 0.8262386 -0.1898626 0.9094125 -0.2588206 0.3255469 0.6657368 -0.7071065 0.238317 0.6657367 -0.7071065 0.238317 0.2436759 -0.965926 0.08722984 0.2436759 -0.965926 0.08722984 -0.2436751 -0.9659262 -0.08722954 -0.2436746 -0.965926 -0.08723253 -0.665735 -0.7071053 -0.2383251 -0.6657367 -0.7071065 -0.238317 -0.9094125 -0.2588206 -0.3255469 -0.9094075 -0.2588173 -0.3255635 -0.9094073 0.2588183 -0.3255634 0.9523991 0.2553107 0.1665901 0.9178826 0.2225205 0.3285975 0.9094075 -0.2588173 0.3255635 0.7316678 0.6812919 -0.02244079 0.7136271 0.6522854 0.2554606 0.8323878 0.467271 0.2979739 -0.1054217 0.9937113 -0.03773832 0.105422 0.9937113 0.03773844 0.3378385 0.9162477 -0.2153025 0.3439598 0.9308764 0.123129 0.5303644 0.8262372 0.1898571 0.1158722 0 -0.9932641 0.1158722 0 -0.9932641 0.02053749 0.9841656 -0.176058 -0.0323826 0.9640238 -0.263836 0.1148651 0.1315536 -0.9846317 0.001128613 0.2572216 -0.9663518 0.04934579 0.9047622 -0.4230491 0.07752066 0.7431699 -0.6645969 0.02650797 0.7060149 -0.7077007 0.09708148 0.544896 -0.8328647 0.1071835 0.3838804 -0.917141 0.02053749 -0.9841656 -0.176058 -0.0323826 -0.9640238 -0.263836 0.04934579 -0.9047622 -0.4230491 0.07752066 -0.7431699 -0.6645969 0.02652317 -0.7060266 -0.7076884 0.09715372 -0.5447525 -0.8329501 0.111924 -0.2588174 -0.9594199 -0.0861808 -0.1471322 -0.9853553 0.1069839 -0.3837252 -0.9172292 0 1 0 0 1 0 0 1 0 -0.02260333 0.980786 0.1937727 -0.02260249 0.980786 0.1937733 -0.06436812 0.8314664 0.5518336 -0.06436705 0.831466 0.5518342 -0.09633058 0.5555785 0.825865 -0.09634035 0.5555827 0.825861 -0.1136424 0.1950875 0.9741798 -0.1136274 0.1950802 0.974183 -0.1158533 0 0.9932664 -0.1158533 0 0.9932664 -0.1136271 -0.1950931 0.9741805 -0.1136425 -0.195086 0.9741802 -0.09634035 -0.555583 0.8258609 -0.09632992 -0.5555871 0.8258593 -0.0643686 -0.8314573 0.5518472 -0.06436973 -0.831457 0.5518476 -0.02260023 -0.9807898 0.1937542 -0.02260118 -0.9807896 0.1937545 0 -1 0 0 -1 0 0 -1 0 -0.9932652 0 -0.1158632 -0.9932652 0 -0.1158629 -0.9932714 -1.08123e-5 -0.1158102 -0.9932627 -1.47228e-5 -0.1158847 -0.9932654 -1.20609e-6 -0.1158614 -0.9932652 -3.49686e-6 -0.1158637 -0.9932714 1.08119e-5 -0.1158102 -0.9932655 3.31985e-7 -0.1158606 -0.9932667 -1.01467e-5 -0.1158502 -0.9932594 3.19308e-5 -0.1159127 -0.9932659 -1.22904e-5 -0.1158578 -0.9932643 1.10987e-5 -0.1158713 -0.9932651 3.4968e-6 -0.1158637 -0.9932652 -2.6226e-6 -0.1158629 -0.9932667 1.01346e-5 -0.1158502 -0.9932594 -3.19294e-5 -0.1159127 0.9918901 0 0.1270988 0.9595761 0.2611021 0.1050691 0.9456985 0 0.3250454 0.9335802 -0.04196619 0.3559027 0.9758297 0.04030823 0.2147827 0.5226411 -0.7823172 0.3388601 0.9894492 0.09997314 0.1048601 0.9941555 -0.1040461 0.0287978 0.9974598 0.07109516 0.004413843 0.9920946 -0.06908375 -0.1047643 0.9936485 0.02183181 -0.1103904 0.9832511 -0.01577073 -0.1815723 0.9817119 1.54907e-4 -0.1903726 0.977755 -1.92489e-4 -0.2097504 0.977755 0 -0.2097505 0.977755 0 -0.2097505 0.9777481 0.003753542 -0.209749 0.9813438 -0.003528952 -0.1922289 0.9841449 0.02707344 -0.1752881 0.9931633 -0.03562545 -0.1111649 0.9853971 0.1378855 -0.09990048 0.9944743 -0.1049795 -3.5575e-4 0.9941651 0.1039574 0.02878552 0.989461 -0.09985601 0.1048613 0.9918901 0 0.1270988 0.9912928 -0.04443782 0.1239515 0.9633089 0.09721195 0.2501716 0.9758297 -0.04030823 0.2147827 0.9335802 0.04196619 0.3559027 0.9456984 0 0.3250454 0.9347632 0 0.3552714 0.9347204 3.94525e-4 0.3553838 0.933938 -4.09413e-4 0.3574349 0.933938 0 0.3574349 0.9347631 0 0.3552714 0.9347204 -3.94525e-4 0.3553838 0.933938 4.09413e-4 0.3574349 0.933938 0 0.3574349 0.9825802 0 0.1858391 0.9825803 0 0.1858391 0.9982258 -5.127e-6 -0.05954086 0.9992945 0.001977145 -0.03750538 0.999942 -0.01067805 0.001393914 0.9993513 -0.02683633 0.02401387 1 0 1.27302e-4 0.9947261 -0.03503125 -0.09639984 0.9953706 -0.02206987 -0.09354281 0.9972299 -0.003363668 -0.0743041 0.9943193 -0.01183003 -0.1057788 0.9941808 -0.01006335 -0.1072529 0.9948061 -0.02927875 -0.09748661 0.2570729 0.6747129 -0.6918642 -0.4939671 0.861136 -0.120172 0.1743829 0.9837335 -0.04311686 0.2637389 0.7278341 -0.6330081 0.3223668 0.7320289 -0.6001778 0.6045858 0.6166039 -0.5042575 -0.1350743 0.8875336 -0.4404987 0.1620133 0.8939989 -0.4177532 0.411972 0.8865007 -0.2107024 0.6202462 0.3810127 -0.685656 -0.25958 0.4022387 -0.8779649 0.4810796 0.2762713 -0.8320076 0.4112921 0.1000621 -0.9059947 0.4461069 0.09987586 -0.8893893 0.4541976 0.4960125 -0.7400514 0.4593647 0.5419643 -0.7037462 0.5612888 0.5456537 -0.6222676 0.4792081 0.5973792 -0.6430379 0.4904065 0.6989579 -0.5205375 0.8539807 0.3524724 -0.3827273 0.3880624 0.8363291 -0.3872483 0.5264869 0.7673839 -0.3659694 0.6900489 0.7034857 -0.1701191 0.5417963 0.8197872 -0.1854879 0.5392324 0.8416902 -0.0280373 0.5398759 0.8412758 -0.02809131 0.6600182 0.0835486 -0.7465893 0.7154123 0.06699055 -0.6954836 0.7213899 0.1990172 -0.6633165 0.7339916 0.1914553 -0.6516144 0.7439087 0.3106472 -0.591691 0.7603665 0.2964079 -0.5779144 0.7714518 0.3991682 -0.4955067 0.7877048 0.3813029 -0.483869 0.7974805 0.4663465 -0.382813 0.810956 0.4489313 -0.375248 0.8174904 0.5142503 -0.2593376 0.8264594 0.5014131 -0.2560272 0.8287211 0.5440022 -0.1314644 0.8328053 0.537869 -0.1308907 0.8313522 0.5556929 -0.007672488 0.8319532 0.5547918 -0.007742285 0.89978 0.03233307 -0.4351442 0.9295543 0.01229947 -0.3684801 0.9324434 0.07118141 -0.3542351 0.9388796 0.06263214 -0.3385003 0.9429174 0.1121746 -0.313566 0.9505183 0.09622406 -0.2953913 0.9556406 0.1445189 -0.2566424 0.9626033 0.123949 -0.2408973 0.9675703 0.1676917 -0.1889108 0.9728308 0.1473964 -0.1785338 0.9763073 0.1823583 -0.1164877 0.9795453 0.167275 -0.1118484 0.9807567 0.1896507 -0.04635667 0.982176 0.1823835 -0.04546034 0.9815313 0.1908438 0.01322889 0.9817088 0.1899321 0.01317465 0.1452127 0.9779365 0.150178 0.1503945 0.9773477 0.1489058 0.4992678 0.8349121 0.2316318 0.5078016 0.8306002 0.2285625 0.7855258 0.5523632 0.2790057 0.7947854 0.541887 0.2732665 0.9394881 0.1951186 0.2815863 0.9820544 0.02197206 0.1873142 0.9754797 0.1842335 0.120405 0.8271962 0.5478845 0.1247763 0.8219932 0.5546777 0.1290726 0.5367918 0.8361548 0.1126933 0.5289748 0.840556 0.1168382 0.1714422 0.981702 0.08287769 0.1621853 0.9829442 0.08669888 0.2914224 0.110273 0.9502173 -0.02484923 0.6202041 0.7840468 -0.5130888 0.4826161 0.7098039 0.2228187 0.3785295 0.8983692 -0.5121776 0.1642999 0.8430181 -0.1627573 0.1364772 0.9771817 0.3999548 0.6410087 0.6550909 -0.06195724 0.6965582 0.7148203 -0.07694995 0.6508941 0.7552586 0.1258555 0.9708018 0.2042166 0.2255159 0.9286961 0.2943911 0.4920272 0.7620575 0.4209246 -0.2400979 0.9209501 0.3069264 0.3264283 0.6845411 0.6518037 0.4301126 0.8035558 0.4114624 0.4284715 0.8045031 0.4113234 0.3366434 0.6741172 0.6574475 0.3332043 0.6756054 0.6576718 0.2890579 0.5356671 0.7934144 0.2879432 0.5358653 0.7936859 0.2435865 0.3735582 0.895053 0.2406107 0.3741198 0.8956232 0.2159308 0.1206961 0.9689202 0.09256339 0.1250934 0.9878177 0.7288203 0.5303908 0.4330204 0.7275474 0.5319666 0.4332278 0.6658822 0.4453945 0.5985188 0.6632226 0.4477457 0.5997162 0.6347334 0.3519628 0.6879213 0.633934 0.3523215 0.6884745 0.6035606 0.2467335 0.7581803 0.6011955 0.2476599 0.7597556 0.5856685 0.08082419 0.8065109 0.5259907 0.08486783 0.8462454 0.9045355 0.1814311 0.3858735 0.9040085 0.1830612 0.3863384 0.881841 0.1518762 0.4464192 0.8802597 0.154856 0.4485114 0.8694837 0.1200023 0.4791634 0.8690114 0.1204454 0.4799083 0.858982 0.08419251 0.5050362 0.8573774 0.08541905 0.5075505 0.8515945 0.02629387 0.5235411 0.8124008 0.030115 0.5823212 0.309722 -0.7186481 0.6225891 -0.1270271 -0.9383691 0.3214462 0.4212845 -0.818834 0.3899108 0.1158616 -0.9647565 0.2362644 -0.1642208 -0.02995127 0.9859688 0.173248 -0.1392493 0.9749845 -0.6212075 -0.2206108 0.7519522 0.3286673 -0.3858761 0.8620194 -0.5140984 -0.5345956 0.6707537 -0.01021397 -0.6584615 0.7525451 -0.08594626 -0.7043877 0.7045931 0.1590476 -0.7691773 0.6189265 0.09217292 -0.1547115 0.9836506 0.2151055 -0.135603 0.9671306 0.2473435 -0.4104158 0.877713 0.2505089 -0.4093335 0.8773207 0.2987884 -0.5695012 0.7657636 0.29981 -0.5688719 0.7658321 0.3465853 -0.7009057 0.6233859 0.3496698 -0.699177 0.6236044 0.4371746 -0.8093445 0.3922242 0.4431273 -0.8052684 0.3939301 0.4153007 -0.122595 0.9013855 0.5821113 -0.07527095 0.8096176 0.6056791 -0.2718511 0.74783 0.6081448 -0.2703557 0.7463696 0.6411778 -0.3745549 0.6697758 0.641991 -0.3736703 0.6694909 0.6723604 -0.4643751 0.5764437 0.6746836 -0.4618089 0.5757905 0.7336678 -0.5343246 0.4197961 0.7404662 -0.524245 0.4205676 0.8120528 -0.04198455 0.5820718 0.850714 -0.02409559 0.5250762 0.8590952 -0.09390276 0.5031279 0.8606148 -0.09217774 0.5008447 0.8716595 -0.1282851 0.473025 0.8721061 -0.1273074 0.4724654 0.8836512 -0.1606585 0.4397152 0.8849717 -0.1574271 0.4382256 0.9060586 -0.1833817 0.3813515 0.9078851 -0.1758566 0.380551 0.9832442 -0.06097358 0.1717933 0.9820537 -0.02199065 0.1873154 0.9603294 -0.2504544 0.1226375 0.8225503 -0.5548934 0.1245164 0.8686749 -0.4620175 0.1787278 0.7600634 -0.6373553 0.1268142 0.5297167 -0.8407277 0.1121482 0.5804998 -0.7998563 0.1524786 0.1698601 -0.9844846 0.04402035 0.2264951 -0.9695058 0.09358692 0.9416348 -0.1891723 0.278456 0.7923794 -0.5439916 0.2760579 0.7936235 -0.5413091 0.2777521 0.5049192 -0.8319485 0.2300395 0.5070151 -0.8300799 0.2321703 0.1474128 -0.977781 0.1490429 0.1499105 -0.9770418 0.1513807 0.9664782 -0.2565682 0.009627759 0.764571 -0.6443974 -0.01353901 0.4462252 -0.09721207 -0.8896252 -0.5854326 -0.171163 -0.7924468 0.636667 -0.2297179 -0.7361282 0.4511657 -0.3394294 -0.825371 0.4588053 -0.4500926 -0.7661033 0.4482335 -0.4547435 -0.7696071 0.2453697 -0.9107639 -0.3321186 0.3618883 -0.8523703 -0.377494 0.5517035 -0.752928 -0.3587796 -0.2569572 -0.8131 -0.5223423 0.4989305 -0.6917568 -0.5220546 0.3580861 -0.6611741 -0.6592595 0.6458028 -0.475654 -0.597237 0.1959536 -0.9406444 -0.2771105 0.4853487 -0.849842 -0.2054389 -0.1805539 -0.9761517 -0.1205324 0.3527412 -0.9350713 -0.03486013 0.2283504 -0.9729649 0.03457474 0.5865457 -0.8095167 -0.02543467 0.5394426 -0.841382 -0.03283494 0.5413624 -0.8173918 -0.1969701 0.5352695 -0.8209847 -0.1986725 0.5324059 -0.7653992 -0.3615357 0.5188356 -0.7724896 -0.366155 0.5104078 -0.6886111 -0.5150716 0.4038672 -0.7299535 -0.5514156 0.7456358 -0.419705 -0.5175663 0.5472579 -0.5463836 -0.6340141 0.4592112 -0.5417313 -0.7040258 0.880438 -0.4741539 -0.002657592 0.8317245 -0.5550191 -0.01371413 0.8328462 -0.5380106 -0.1300456 0.8287532 -0.5437529 -0.1322917 0.826591 -0.5020748 -0.2542997 0.8174991 -0.5133958 -0.2609982 0.8112318 -0.450337 -0.3729605 0.7974727 -0.4646291 -0.3849118 0.7881367 -0.383336 -0.4815539 0.7713682 -0.3967884 -0.4975441 0.7607808 -0.2987694 -0.5761505 0.7439065 -0.3079767 -0.5930881 0.7343264 -0.1934278 -0.6506537 0.7213063 -0.1969622 -0.6640205 0.7158577 -0.07281059 -0.6944396 0.6604874 -0.07461845 -0.7471201 0.9974368 -0.06887143 0.01940625 0.9817163 -0.190166 0.008357644 0.9821897 -0.1825085 -0.04465514 0.980767 -0.1894055 -0.04713457 0.979633 -0.1678582 -0.1101948 0.9762799 -0.1815105 -0.118032 0.9730413 -0.1486583 -0.1763273 0.9674654 -0.1660591 -0.1908798 0.9629118 -0.1258335 -0.2386775 0.9554771 -0.1422538 -0.2585098 0.9508219 -0.09839218 -0.2936947 0.942722 -0.1097893 -0.3149946 0.9390187 -0.0645582 -0.3377516 0.9324716 -0.0691235 -0.3545683 0.9304128 -0.02311575 -0.3657838 0.8999912 -0.02399635 -0.435247 0.9825801 0 0.1858391 0.9904443 -0.001578211 0.1379046 0.9564855 0 0.29178 0.9370907 0.001037418 0.3490844 0.9404779 -0.003140985 0.3398404 0.9397439 -0.002260625 0.3418718 0.9414839 0.01547312 0.3367027 0.9390708 0 0.3437241 0.9371248 0.001147866 0.3489926 0.9366555 0.001466929 0.3502489 0.9386672 4.17204e-4 0.3448241 0.9372558 0 0.3486425 0.9380383 -6.61727e-4 0.346531 0.9388465 -0.001385629 0.3443331 0.9394548 6.58787e-4 0.3426724 0.9402087 9.04526e-4 0.3405979 0.9381662 1.24908e-4 0.3461852 0.9410263 0 0.3383334 0.9400098 0 0.3411473 0.9358881 -4.38462e-4 0.3522971 0.9363515 -8.78506e-4 0.3510627 0.9367199 -7.40583e-4 0.3500788 0.9378761 -3.54524e-4 0.3469701 0.9825802 0 0.1858391 0.9825802 0 0.1858391 -0.1642946 0 0.9864113 -0.1642946 0 0.9864113 0.09329622 0 0.9956384 0.09329622 0 0.9956384 0.2932106 0 0.9560479 0.4184572 -2.28871e-4 0.9082365 0.5278952 0 0.8493095 0.8127695 0 0.5825855 0.8127695 0 0.5825855 0.9002496 3.82049e-6 -0.435374 0.4483487 4.77785e-7 -0.8938587 0.6623337 8.56457e-4 -0.7492085 0.5668134 1.24846e-6 -0.8238462 0.9002497 3.82049e-6 -0.435374 0.5668134 -1.24846e-6 -0.8238463 0.4483485 -9.70009e-4 -0.8938583 0.6623339 -1.90814e-6 -0.7492088 0.9002497 -3.82049e-6 -0.435374 0.9002497 -3.82049e-6 -0.435374 -0.337037 0 0.9414914 -0.337037 0 0.9414914 0.3370397 -2.06935e-7 -0.9414905 0.337037 0 -0.9414914 0.3370397 2.06935e-7 -0.9414904 -0.3368794 -0.03057193 0.9410514 -0.376582 -0.2322463 0.8967986 -0.3683677 -0.2269955 0.9015421 -0.2509614 -0.5510514 0.7958397 -0.3102811 -0.5996842 0.7376344 -0.2359332 -0.7141381 0.6590465 -0.1902075 -0.8255435 0.5313181 -0.264544 -0.8704624 0.4151045 -0.1164574 -0.9384075 0.3253136 -0.07205975 -0.9956594 0.05890697 -0.06663107 -0.99342 0.09314978 -0.06277883 -0.9824994 0.1753672 0.159292 -0.8806617 -0.4461624 -0.01161497 -0.8357311 -0.5490161 0.08707886 -0.9124582 -0.3997966 0.09604346 -0.9352286 -0.3407685 0.100912 -0.9540736 -0.2820644 2.41122e-4 -1 2.55537e-5 -0.1401259 -0.9828393 -0.1199648 -0.08231914 -0.9963822 0.02112174 0.2124164 -0.6113948 -0.7622832 0.2256813 -0.637277 -0.7368488 0.2432746 -0.6924194 -0.6792445 0.1499032 -0.5230718 -0.8390023 0.2273943 -0.5630065 -0.7945536 0.3126289 -0.37044 -0.8746641 0.3340912 -0.1673142 -0.9275717 0.3321754 -0.1692813 -0.9279026 0.3350737 0.1078526 -0.9359986 0.2927187 0.1714251 -0.9407067 0.2281543 0.7360612 -0.6373065 0.2462099 0.6772049 -0.6933789 0.212629 0.6116734 -0.7620004 0.1836655 0.5714462 -0.7998226 0.1923561 0.5638377 -0.8031726 0.3485081 0.3587566 -0.8659306 -0.06456619 0.9882507 0.1385344 -0.06663173 0.99342 0.0931496 -0.07205152 0.9956566 0.05896151 -0.09056752 0.9958441 -0.009598135 0.0709654 0.9905185 -0.1176307 0.1180723 0.8863442 -0.4477197 0.1149875 0.8874394 -0.4463511 0.2197247 0.7581787 -0.6139105 -0.2679362 0.8699511 0.4139991 -0.1258355 0.9276883 0.3515108 -0.07100772 0.9775549 0.1983539 -0.4107208 0.4927487 0.7671422 -0.2726465 0.6631736 0.6970399 -0.237482 0.7096046 0.6633729 -0.1984232 0.8083414 0.5542674 -0.1478247 0.5964511 0.7889195 -0.4081947 0.2265506 0.8843371 -0.332306 0.1669647 0.9282755 0.9993284 0.02582967 -0.02598899 0.9993971 0.03322571 -0.01007914 0.9995967 0 0.02839636 0.9982247 0.001502931 -0.0595408 0.9987577 0.04700571 0.01653695 0.9992574 0.03852802 5.57319e-4 0.9986715 0.01646828 -0.04882574 0.9970453 0.006083846 -0.07657456 0.9956415 5.04253e-6 -0.09326261 0.9970871 -0.005847692 -0.07604706 0.9986944 -0.01537066 -0.04871553 0.9991377 -0.02002853 -0.03636747 0.9993698 -0.02390182 -0.02624386 0.9994801 -0.03036355 -0.01084095 0.9949205 0.01096171 -0.1000652 0.9995389 -0.03035229 8.94497e-4 0.9994015 0.005673408 -0.03412359 0.9976015 0.01251608 -0.06807845 0.9952217 0.0200504 -0.09556049 0.9996243 -0.01970988 0.01905047 0.9927046 0.02012163 -0.1188814 0.9925337 0.02060091 -0.1202189 0.9995971 0 0.02838367 0.9997414 -5.97878e-5 0.02273976 0.9999988 0.001342654 -8.32343e-4 -0.3175673 -0.3295778 0.8891173 0.1234714 0.9328937 -0.3383256 0.07835394 0.9782602 -0.192009 0.0913217 0.9659181 -0.2422039 0.153258 0.8906341 -0.4281156 0.2383213 0.7071076 -0.6657341 0.2383206 0.7071113 -0.6657303 0.1532629 -0.8906265 -0.4281296 0.2383199 -0.7071114 -0.6657306 0.2383217 -0.7071077 -0.6657338 0.3113648 -0.3828119 -0.8697742 0.3322312 -0.2588115 -0.9069945 0.334148 -0.1306561 -0.9334206 0.325553 0.2588182 -0.909411 0.3473677 0.1305774 -0.9285931 0.3113765 0.382729 -0.8698065 0.09085911 -0.9664104 -0.2404072 0.09132277 -0.9659171 -0.2422072 0.01647794 -0.9988042 -0.04602938 -0.2392767 -0.7070954 0.6654042 -0.2503838 -0.6339133 0.7317526 -0.1947589 -0.8161668 0.5440043 -0.08719885 -0.9659274 0.2436815 -0.1229652 -0.907926 0.4006868 -0.05915355 -0.9844785 0.1652361 -0.3159987 -0.08290106 0.9451308 -0.325551 -0.2588276 0.9094091 -0.3359518 0.0801652 0.9384615 -0.319324 0.2588218 0.9116159 -0.3182677 0.3128247 0.8949002 -0.231166 0.7070754 0.6682863 -0.2666574 0.611539 0.7449256 -0.2958231 0.4791842 0.8263602 0.01647043 0.9988052 -0.04600906 -0.07539469 0.9746584 0.21061 -0.08389729 0.9659218 0.2448598 -0.157767 0.8836709 0.4407212 -0.2042483 0.7954787 0.5705229 -0.9414913 -4.0207e-7 -0.3370373 -0.9414915 7.80488e-7 -0.3370367 -0.9414915 -7.80488e-7 -0.3370367 -0.9414913 3.90245e-7 -0.3370373 -0.9414908 1.13526e-6 -0.3370385 -0.9414921 1.13118e-6 -0.3370348 -0.941491 4.25722e-7 -0.3370381 -0.9414911 1.08204e-6 -0.3370378 -0.9414911 1.17664e-6 -0.3370378 -0.9414913 3.90245e-7 -0.3370373 -0.9414916 0 -0.3370367 -0.9414907 0 -0.3370388 0.9414898 -1.4305e-6 0.3370413 0.9414916 7.31648e-6 0.3370366 0.9414916 -7.31648e-6 0.3370366 0.9414974 -8.47884e-6 0.3370203 0.9414924 0 0.3370342 0.9414907 0 0.3370391 0.9414974 8.47884e-6 0.3370204 0.9414916 -2.1413e-5 0.3370366 0.9414916 2.14205e-5 0.3370366 0.9414899 1.4305e-6 0.3370414 0.9414907 0 0.3370391 0.9414924 0 0.3370342 0.08187443 0 -0.9966426 0.08187443 0 -0.9966426 -0.4274139 0 -0.9040561 -0.4274139 0 -0.9040561 -0.8221751 0 -0.5692347 -0.8221751 0 -0.5692347 0.3370375 0 -0.9414913 0.3370375 0 -0.9414913 0.9966423 0 0.08187961 0.9966423 0 0.08187961 0.9040549 0 -0.4274163 0.9040549 0 -0.4274163 0.5692271 0 -0.8221804 0.5692271 0 -0.8221804 0.9414916 0 0.3370367 0.9414916 0 0.3370367 -0.08188003 0 0.9966422 -0.08188003 0 0.9966422 0.4274142 0 0.904056 0.4274142 0 0.904056 0.822183 0 0.5692232 0.822183 0 0.5692232 -0.337037 0 0.9414914 -0.337037 0 0.9414914 -0.9966422 0 -0.08188003 -0.9966422 0 -0.08188003 -0.9040549 0 0.4274163 -0.9040549 0 0.4274163 -0.5692309 0 0.8221777 -0.5692309 0 0.8221777 -0.9414945 0 -0.3370285 -0.9414945 0 -0.3370285 2.04859e-7 1 0 1.78603e-7 1 1.23652e-7 2.00867e-7 1 0 0 1 0 0 1 0 1.81846e-7 1 3.84637e-7 2.72774e-7 1 -1.2896e-7 0 1 0 0 1 0 0 1 0 0 1 0 3.00474e-7 1 -1.42056e-7 9.88996e-7 1 -2.7627e-6 2.42291e-6 1 5.12488e-6 0.08187443 0 -0.9966427 0.08187443 0 -0.9966427 -0.4274138 0 -0.9040561 -0.4274138 0 -0.9040561 -0.8221773 0 -0.5692316 -0.8221773 0 -0.5692316 -0.9966427 0 -0.08187443 -0.9966427 0 -0.08187443 -0.9040594 0 0.4274067 -0.9040594 0 0.4274067 -0.569221 0 0.8221846 -0.569221 0 0.8221846 -0.08187443 0 0.9966427 -0.08187443 0 0.9966427 0.4274138 0 0.9040561 0.4274138 0 0.9040561 0.8221773 0 0.5692316 0.8221773 0 0.5692316 0.9966427 0 0.08187365 0.9966427 0 0.08187365 0.9040577 0 -0.4274103 0.9040577 0 -0.4274103 0.569221 0 -0.8221846 0.569221 0 -0.8221846 0 1 0 0 1 0 0 1 0 0 1 0 0 1 0 0 1 0 0 1 0 0 1 0 0 1 0 0 1 0 0 1 0 0 1 0 0.0818836 0 -0.9966419 0.0818836 0 -0.9966419 -0.4274178 0 -0.9040542 -0.4274178 0 -0.9040542 -0.8221816 0 -0.5692253 -0.8221816 0 -0.5692253 -0.9966419 0 -0.0818836 -0.9966419 0 -0.0818836 -0.9040542 0 0.4274178 -0.9040542 0 0.4274178 -0.5692253 0 0.8221816 -0.5692253 0 0.8221815 -0.08188354 0 0.9966419 -0.08188354 0 0.9966419 0.4274178 0 0.9040542 0.4274178 0 0.9040542 0.8221744 0 0.5692359 0.8221744 0 0.5692359 0.9966427 0 0.08187365 0.9966427 0 0.08187365 0.9040542 0 -0.4274178 0.9040542 0 -0.4274178 0.5692253 0 -0.8221816 0.5692253 0 -0.8221816 0 1 0 0 1 0 0 1 0 -3.63649e-6 1 3.08436e-6 0 1 0 0 1 0 0 1 0 3.08436e-6 1 3.63652e-6 -2.02113e-7 1 2.46001e-6 0 1 0 0 1 0 0 1 0 0.337037 0 -0.9414914 0.3370352 0 -0.9414921 0.3370353 0 -0.941492 0.3370363 1.6635e-7 -0.9414917 0.3370372 1.35182e-7 -0.9414914 0.337042 1.92742e-6 -0.9414896 0.3370362 0 -0.9414917 0.3370352 0 -0.941492 0.3370352 0 -0.9414921 0.3370352 0 -0.9414921 0.337037 0 -0.9414914 0.337037 0 -0.9414914 0.337037 0 -0.9414914 0.3370385 5.80095e-7 -0.9414908 0.3370361 -4.24259e-7 -0.9414917 0.3370394 1.34676e-6 -0.9414906 0.3370409 2.5174e-6 -0.9414901 0.3370361 -4.74643e-7 -0.9414917 0.3370367 0 -0.9414915 0.3370361 -4.01633e-7 -0.9414917 0.337037 0 -0.9414914 0.3370416 -9.15688e-7 -0.9414898 0.3370369 2.45139e-7 -0.9414914 0.3370366 0 -0.9414916 0.3370301 -1.53332e-6 -0.9414939 0.3370369 0 -0.9414915 0.3370362 4.2426e-7 -0.9414917 0.337037 -1.67312e-7 -0.9414914 0.3370352 0 -0.941492 0.3370352 0 -0.941492 0.3370373 0 -0.9414913 0.3370373 0 -0.9414913 0.337037 0 -0.9414914 0.337037 0 -0.9414914 0.337036 -3.53369e-7 -0.9414918 0.3370369 0 -0.9414915 0.337037 0 -0.9414914 0.337035 1.17842e-6 -0.9414921 0.3370361 3.75265e-7 -0.9414917 0.3370366 0 -0.9414916 0.3370369 -1.53685e-7 -0.9414914 0.337036 3.67691e-7 -0.9414917 0.337033 2.2162e-6 -0.9414929 0.3370368 1.50927e-7 -0.9414915 0.3370361 6.30677e-7 -0.9414917 0.3370411 -1.85995e-6 -0.9414899 0.3370365 6.44694e-7 -0.9414916 0.3370367 0 -0.9414915 0.3370381 1.01301e-6 -0.941491 0.3370361 -1.20973e-7 -0.9414917 0.3370364 0 -0.9414916 0.3370357 -3.5397e-7 -0.9414919 0.3370358 3.03618e-7 -0.9414919 0.3370396 -7.9217e-7 -0.9414905 0.3370366 0 -0.9414915 0.3370361 2.65504e-7 -0.9414917 0.3370373 0 -0.9414913 0.3370412 1.23902e-6 -0.9414899 0.3370338 -8.85227e-7 -0.9414926 0.3370377 2.31733e-7 -0.9414911 0.337038 1.98563e-7 -0.941491 0.3370372 4.14586e-7 -0.9414913 0.8855511 0.3395644 0.3170101 0.8855489 0.3395684 0.3170117 0.9350475 0.1167953 0.3347314 0.9350488 0.1167905 0.3347291 0.9414916 0 0.3370364 0.9414917 0 0.337036 0.9414918 0 0.337036 0.9414918 0 0.337036 0.9414917 0 0.337036 0.9414918 0 0.337036 0.9414918 0 0.337036 0.9414919 0 0.3370356 -0.9379192 -0.08703231 -0.3357573 0.9413012 -0.0201078 0.3369683 0.9349359 -0.1496533 0.3217123 0.9278529 -0.1695956 0.3321538 0.8652816 -0.394132 0.3097544 0.856463 -0.4293832 0.286533 0.8033652 -0.5214359 0.2875917 0.7445507 -0.6120475 0.2665371 0.7051042 -0.6726676 0.2243801 0.6495429 -0.7238968 0.232524 0.5258735 -0.8294685 0.1882527 0.4893239 -0.8589944 0.1506348 0.4076532 -0.9014003 0.1459332 0.3217583 -0.9397894 0.1151843 0.2351764 -0.9699834 0.06184107 0.1882574 -0.9798046 0.06739312 0.02840811 -0.9995447 0.01016962 -0.0435062 -0.9980778 -0.04413574 -0.1155105 -0.9924451 -0.0413509 -0.2961225 -0.9492492 -0.106007 -0.3278405 -0.934028 -0.1418181 -0.4309514 -0.8890898 -0.1542736 -0.5146032 -0.8374047 -0.1842195 -0.5779497 -0.7817642 -0.2341344 -0.6286334 -0.7444306 -0.2250404 -0.775789 -0.5665889 -0.2777197 -0.7757887 -0.56659 -0.2777187 -0.8823267 -0.3489035 -0.3158575 -0.8880422 -0.3116161 -0.3380482 -0.9200804 -0.2120511 -0.3293727 -0.937919 -0.08702939 -0.3357585 -0.9350485 0.1167919 -0.3347297 -0.9350479 0.1167941 -0.3347308 -0.8855503 0.3395653 -0.3170114 -0.8855524 0.3395612 -0.3170098 0 1 0 0 1 0 0.3370364 2.00273e-7 -0.9414916 0.3370361 0 -0.9414917 0.3370415 0 -0.9414898 0.3370338 4.76838e-6 -0.9414925 0.3370361 4.05307e-7 -0.9414917 0.3370361 -4.1008e-7 -0.9414917 0.3370445 5.14035e-6 -0.9414887 0.3370408 2.87055e-6 -0.9414901 0.3370368 2.8732e-6 -0.9414914 0.3370418 -1.5259e-7 -0.9414897 0.3370408 1.72616e-6 -0.9414901 0.3370407 -1.72614e-6 -0.94149 -0.2436717 0.965927 -0.0872299 -0.2436718 0.965927 -0.0872299 -0.6657309 0.707111 -0.2383198 -0.6657308 0.7071112 -0.2383198 -0.9094111 0.2588177 -0.3255532 -0.9094111 0.2588176 -0.3255532 -0.9094118 -0.2588145 -0.3255535 -0.9094118 -0.2588146 -0.3255535 -0.6657302 -0.7071116 -0.2383199 -0.6657317 -0.7071101 -0.2383202 -0.2436717 -0.965927 -0.08723038 -0.2436717 -0.965927 -0.08723038 0.2436714 -0.9659271 0.08722972 0.2436714 -0.9659271 0.08722966 0.6657314 -0.7071105 0.2383197 0.6657354 -0.7071066 0.2383205 0.9094122 -0.2588146 0.3255525 0.9094122 -0.2588146 0.3255524 0.9094114 0.2588176 0.3255523 0.9094114 0.2588175 0.3255523 0.6657309 0.7071112 0.2383193 0.6657359 0.7071056 0.238322 0.2436711 0.9659272 0.08723026 0.2436712 0.9659272 0.08723032 0.3370345 2.29835e-6 -0.9414923 0.3370354 2.87056e-6 -0.9414919 0.3370422 2.87319e-6 -0.9414895 0.3370364 -2.09809e-7 -0.9414916 0.3370361 4.05313e-7 -0.9414917 0.3370361 5.34056e-6 -0.9414917 0.3370418 1.52589e-7 -0.9414896 0.3370416 0 -0.9414898 0.3370361 0 -0.9414917 0.3370438 1.94551e-6 -0.941489 0.3370408 7.47205e-6 -0.9414901 0.3370408 -1.72616e-6 -0.94149 -0.2436771 0.9659255 -0.08723175 -0.243677 0.9659255 -0.08723175 -0.6657336 0.7071083 -0.2383207 -0.6657336 0.7071081 -0.2383207 -0.9094116 0.2588158 -0.3255532 -0.909411 0.2588186 -0.3255527 -0.909411 -0.2588183 -0.3255529 -0.909411 -0.2588183 -0.3255529 -0.6657336 -0.7071081 -0.2383208 -0.6657336 -0.7071081 -0.2383208 -0.2436769 -0.9659255 -0.08723223 -0.2436768 -0.9659255 -0.08723223 0.2436766 -0.9659257 0.08723151 0.2436766 -0.9659257 0.08723151 0.6657337 -0.7071081 0.2383205 0.6657392 -0.7071026 0.2383216 0.9094114 -0.2588183 0.3255518 0.9094115 -0.2588183 0.3255518 0.9094116 0.2588178 0.3255519 0.9094122 0.2588149 0.3255525 0.6657339 0.7071081 0.2383204 0.6657387 0.7071027 0.2383229 0.2436764 0.9659256 0.08723217 0.2436763 0.9659256 0.08723211 0.9414917 0 0.3370361 0.9414917 0 0.3370361 0.9414917 0 0.3370361 0.9414917 0 0.3370361 -0.9414912 0 -0.3370376 -0.9414912 0 -0.3370376 -0.9414913 0 -0.3370376 -0.9414911 0 -0.3370376 -0.8221781 0 -0.5692304 -0.8221781 0 -0.5692304 -0.4274122 0 -0.9040569 -0.4274122 0 -0.9040569 0.08187669 0 -0.9966425 0.08187669 0 -0.9966425 0.5692299 0 -0.8221783 0.56923 0 -0.8221783 0.9040538 0 -0.4274187 0.9040538 0 -0.4274187 0.9966427 0 0.08187407 0.9966427 0 0.08187407 0.8221765 0 0.5692327 0.8221765 0 0.5692326 0.4274159 0 0.9040551 0.4274159 0 0.9040551 -0.08188128 0 0.9966421 -0.08188128 0 0.9966421 -0.5692253 0 0.8221816 -0.5692253 0 0.8221816 -0.904055 0 0.427416 -0.904055 0 0.427416 -0.9966427 0 -0.08187443 -0.9966427 0 -0.08187443 -0.822178 0 -0.5692305 -0.822178 0 -0.5692305 -0.4274122 0 -0.9040569 -0.4274122 0 -0.9040569 0.08187669 0 -0.9966424 0.08187669 0 -0.9966424 0.56923 0 -0.8221784 0.56923 0 -0.8221783 0.9040538 0 -0.4274187 0.9040538 0 -0.4274187 0.9966427 0 0.08187407 0.9966427 0 0.08187407 0.8221765 0 0.5692327 0.8221765 0 0.5692326 0.4274159 0 0.9040551 0.4274159 0 0.9040551 -0.08188128 0 0.9966421 -0.08188128 0 0.9966421 -0.5692253 0 0.8221816 -0.5692253 0 0.8221816 -0.9040551 0 0.427416 -0.9040551 0 0.427416 -0.9966427 0 -0.08187443 -0.9966427 0 -0.08187443 0.5616111 0 -0.8274014 0.5616111 0 -0.8274014 0.8265608 0 -0.5628475 0.8265608 0 -0.5628475 0.9756366 0 -0.219393 0.9756366 0 -0.219393 0.9879416 0 0.1548268 0.9879416 0 0.1548268 0.09107929 0 -0.9958437 0.09107923 0 -0.9958437 -0.2815727 0 -0.9595399 -0.2815727 0 -0.9595399 -0.6147531 0 -0.7887196 -0.6147531 0 -0.7887196 -0.86175 0 -0.5073333 -0.86175 0 -0.5073333 0.5616111 0 -0.8274014 0.5616111 0 -0.8274013 0.8265607 0 -0.5628475 0.8265607 0 -0.5628475 0.9756366 0 -0.219393 0.9756366 0 -0.219393 0.9879416 0 0.1548268 0.9879416 0 0.1548268 0.09107929 0 -0.9958437 0.09107929 0 -0.9958437 -0.2815727 0 -0.9595399 -0.2815727 0 -0.9595399 -0.6147531 0 -0.7887197 -0.6147531 0 -0.7887197 -0.8617499 0 -0.5073333 -0.8617499 0 -0.5073333 -1 1.51624e-7 0 -1 0 0 -1 0 0 -1 0 0 -1 0 0 -1 0 0 -1 0 0 -1 0 0 -1 0 0 -1 0 0 -1 0 0 -1 0 0 -1 0 1.82407e-7 -1 0 1.31315e-7 -1 0 0 -1 0 0 0 1 0 0 1 0 1 0 0 1 0 0 1 0 0 1 0 0 1 0 0 1 0 0 1 0 0 1 0 0 1 0 0 1 0 0 1 0 0 1 0 0 1 0 0 1 0 0 1 0 0 1 0 0 0.08908849 -0.9960238 0 0.08908849 -0.9960238 0 0.2604722 -0.9654814 0 0.2604722 -0.9654814 0 0.4239625 -0.9056798 0 0.4239625 -0.9056798 0 0.5746042 -0.8184314 0 0.5746044 -0.8184313 0 0.7078326 -0.7063802 -1.35008e-7 0.7078326 -0.7063802 -1.53775e-7 0.8196104 -0.5729214 -1.56328e-7 0.8196101 -0.5729216 0 0.9065489 -0.4221007 0 0.9065489 -0.4221007 0 0.9660144 -0.2584883 0 0.9660144 -0.2584882 0 0.9962045 -0.08704286 0 0.9962045 -0.08704286 0 0.9962045 0.08704286 0 0.9962045 0.08704286 0 0.9660144 0.2584882 0 0.9660144 0.2584882 0 0.9065489 0.4221007 0 0.9065489 0.4221007 0 0.8196103 0.5729215 0 0.8196101 0.5729218 -1.53775e-7 0.7078332 0.7063797 -1.35008e-7 0.7078332 0.7063797 -1.53775e-7 0.5746039 0.8184316 0 0.5746041 0.8184314 0 0.4239625 0.9056798 0 0.4239625 0.9056798 0 0.2604719 0.9654815 0 0.2604719 0.9654814 0 0.08908963 0.9960237 0 0.08908963 0.9960237 0 1 0 0 1 0 0 1 0 0 1 0 0 1 0 0 1 0 0 1 0 0 1 0 0 1 0 0 1 0 0 1 0 0 1 0 0 1 0 0 1 0 0 1 0 0 1 0 0 0 -1 0 0 -1 0 -1 0 0 -1 0 0 -1 0 0 -1 0 0 -1 2.64155e-7 0 -1 1.51624e-7 0 -1 0 0 -1 0 1.82407e-7 -1 0 1.31315e-7 -1 0 0 -1 0 0 -1 0 0 -1 0 0 -1 0 0 -1 0 0 -1 0 0 -0.3051593 -0.9523013 0 -0.3051593 -0.9523013 0 -0.4508271 -0.8926113 0 -0.4508271 -0.8926113 0 -0.5853224 -0.8108007 0 -0.5853224 -0.8108007 0 -0.7053136 -0.7088955 0 -0.7053134 -0.7088956 1.34528e-7 -0.8078239 -0.5894239 1.5408e-7 -0.8078239 -0.5894239 1.5408e-7 -0.8903151 -0.4553449 1.69814e-7 -0.8903153 -0.4553447 0 -0.9507432 -0.3099797 0 -0.9507432 -0.3099797 0 -0.9876089 -0.1569353 0 -0.9876089 -0.1569352 0 -1 0 0 -1 0 0 -0.9876089 0.1569352 0 -0.9876089 0.1569352 0 -0.9507432 0.3099797 0 -0.9507432 0.3099797 0 -0.8903151 0.4553451 0 -0.8903152 0.4553448 1.69814e-7 -0.8078238 0.5894241 1.5408e-7 -0.8078238 0.5894241 1.5408e-7 -0.7053132 0.7088958 1.34528e-7 -0.7053132 0.7088958 1.34528e-7 -0.5853226 0.8108006 0 -0.5853224 0.8108007 0 -0.4508266 0.8926116 0 -0.4508267 0.8926115 0 -0.3051593 0.9523013 0 -0.3051593 0.9523013 0 0 0 -1 0 0 -1 0 0 -1 0 0 -1 0 0 -1 0 1.40716e-7 -1 0 1.27119e-7 -1 -1.71223e-7 0 -1 0 0 -1 0 0 -1 0 0 -1 0 0 -1 0 0 -1 0 0 -1 0 0 -1 0 0 -1 0 0 -1 0 0 -1 0 0 -1 0 0 -1 0 0 -1 0 0 -1 0 0 -1 0 0 -1 0 0 -1 0 0 -1 -1.93891e-7 0 -1 0 0 -1 0 0 -1 0 0 -1 1.23134e-7 0 -1 -2.1491e-7 0 -1 -1.86957e-7 0 -1 0 0 -1 0 0 -1 0 0 -1 0 0 -1 0 0 -1 0 1.70648e-7 -1 0 0 1 0 0 1 0 0 1 0 0 1 0 0 1 0 0 1 0 0 1 0 0 1 0 0 1 0 0 1 0 -1.84147e-7 1 0 0 1 0 0 1 0 -1.65402e-7 1 0 1.5314e-7 1 0 1.31007e-7 1 0 0 1 0 0 1 0 0 1 0 0 1 0 0 1 0 -1.70648e-7 1 0 0 1 0 0 1 0 0 1 1.22796e-7 0 1 0 0 1 0 0 1 0 0 1 1.23133e-7 0 1 0 0 1 0 0 1 0 0 1 0 0 1 0 0 1 0 0 1 0 0 1 2.11173e-7 0 1 0 -1.40716e-7 1 0 -0.965927 0.2588147 0 -0.965927 0.2588147 0 -0.7071093 0.7071043 0 -0.7071093 0.7071043 0 -0.2588192 0.9659258 0 -0.2588192 0.9659258 0 0.2588191 0.9659258 0 0.2588191 0.9659258 0 0.7071045 0.7071092 0 0.7071045 0.7071092 0 0.965927 0.2588147 0 0.965927 0.2588147 0 0.965927 -0.2588146 0 0.965927 -0.2588146 0 0.7071043 -0.7071093 0 0.7071043 -0.7071093 0 0.2588194 -0.9659257 0 0.2588194 -0.9659257 0 -0.2588192 -0.9659258 0 -0.2588192 -0.9659258 0 -0.7071092 -0.7071043 0 -0.7071092 -0.7071043 0 -0.965927 -0.2588146 0 -0.965927 -0.2588146 0 -0.9659258 0.2588192 0 -0.9659258 0.2588192 0 -0.7071043 0.7071093 0 -0.7071043 0.7071093 0 -0.2588206 0.9659253 0 -0.2588206 0.9659253 0 0.2588191 0.9659258 0 0.2588191 0.9659258 0 0.7071068 0.7071068 0 0.7071068 0.7071068 0 0.9659258 0.2588192 0 0.9659258 0.2588192 0 0.9659258 -0.2588192 0 0.9659258 -0.2588192 0 0.7071067 -0.7071068 0 0.7071067 -0.7071068 0 0.2588194 -0.9659257 0 0.2588194 -0.9659257 0 -0.2588204 -0.9659255 0 -0.2588204 -0.9659255 0 -0.7071043 -0.7071092 0 -0.7071043 -0.7071092 0 -0.9659258 -0.2588192 0 -0.9659258 -0.2588192</float_array>
          <technique_common>
            <accessor source="#相機架組合-mesh-normals-array" count="11194" stride="3">
              <param name="X" type="float"/>
              <param name="Y" type="float"/>
              <param name="Z" type="float"/>
            </accessor>
          </technique_common>
        </source>
        <vertices id="相機架組合-mesh-vertices">
          <input semantic="POSITION" source="#相機架組合-mesh-positions"/>
        </vertices>
        <triangles material="材質-material" count="11194">
          <input semantic="VERTEX" source="#相機架組合-mesh-vertices" offset="0"/>
          <input semantic="NORMAL" source="#相機架組合-mesh-normals" offset="1"/>
          <p>0 0 1 0 2 0 3 1 4 1 5 1 5 2 4 2 6 2 7 3 8 3 9 3 9 4 8 4 10 4 2 5 11 5 0 5 0 6 11 6 12 6 0 7 12 7 13 7 13 8 12 8 14 8 13 9 14 9 15 9 15 10 14 10 16 10 15 11 16 11 17 11 17 12 16 12 18 12 17 13 18 13 19 13 19 14 18 14 20 14 19 15 20 15 21 15 21 16 20 16 10 16 21 17 10 17 22 17 22 18 10 18 8 18 22 19 8 19 23 19 23 20 8 20 24 20 7 21 25 21 8 21 8 22 25 22 26 22 8 23 26 23 27 23 27 24 26 24 28 24 27 25 28 25 29 25 29 26 28 26 30 26 30 27 28 27 31 27 30 28 31 28 32 28 32 29 31 29 33 29 32 30 33 30 34 30 34 31 33 31 35 31 34 32 35 32 6 32 6 33 35 33 36 33 6 34 36 34 5 34 22 35 37 35 38 35 22 36 38 36 21 36 21 37 38 37 39 37 21 38 39 38 19 38 19 39 39 39 40 39 19 40 40 40 17 40 17 41 40 41 41 41 17 42 41 42 15 42 15 43 41 43 42 43 15 44 42 44 13 44 13 45 42 45 43 45 13 46 43 46 0 46 44 47 45 47 46 47 46 48 45 48 1 48 46 49 1 49 47 49 48 50 0 50 49 50 49 51 0 51 43 51 49 52 43 52 50 52 44 53 51 53 45 53 45 54 51 54 52 54 45 55 52 55 43 55 43 56 52 56 53 56 43 57 53 57 50 57 48 58 54 58 0 58 0 59 54 59 55 59 0 60 55 60 1 60 1 61 55 61 56 61 1 62 56 62 47 62 2 63 1 63 57 63 57 64 1 64 45 64 58 65 59 65 11 65 57 66 60 66 61 66 61 67 60 67 62 67 11 68 59 68 60 68 60 69 59 69 63 69 60 70 63 70 62 70 61 71 64 71 57 71 57 72 64 72 65 72 57 73 65 73 2 73 2 74 65 74 66 74 2 75 66 75 67 75 67 76 68 76 2 76 2 77 68 77 69 77 2 78 69 78 11 78 11 79 69 79 70 79 11 80 70 80 58 80 11 81 60 81 12 81 12 82 60 82 71 82 12 83 71 83 14 83 14 84 71 84 72 84 14 85 72 85 16 85 16 86 72 86 73 86 16 87 73 87 18 87 18 88 73 88 74 88 18 89 74 89 20 89 20 90 74 90 75 90 20 91 75 91 10 91 10 92 75 92 76 92 10 93 76 93 9 93 9 94 76 94 77 94 9 95 77 95 7 95 7 96 77 96 78 96 7 97 78 97 25 97 25 98 78 98 79 98 25 99 79 99 26 99 26 100 79 100 80 100 26 101 80 101 28 101 28 102 80 102 81 102 28 103 81 103 31 103 31 104 81 104 82 104 31 105 82 105 33 105 33 106 82 106 83 106 33 107 83 107 35 107 35 108 83 108 84 108 35 109 84 109 36 109 36 110 84 110 85 110 36 111 85 111 5 111 5 112 85 112 86 112 87 113 88 113 3 113 89 114 90 114 91 114 91 115 90 115 86 115 3 116 88 116 91 116 91 117 88 117 92 117 91 118 92 118 89 118 90 119 93 119 86 119 86 120 93 120 94 120 86 121 94 121 5 121 5 122 94 122 95 122 5 123 95 123 96 123 96 124 97 124 5 124 5 125 97 125 98 125 5 126 98 126 3 126 3 127 98 127 99 127 3 128 99 128 87 128 4 129 3 129 100 129 100 130 3 130 91 130 101 131 102 131 103 131 103 132 102 132 6 132 103 133 6 133 104 133 104 134 6 134 105 134 101 135 106 135 102 135 102 136 106 136 107 136 102 137 107 137 100 137 100 138 107 138 108 138 105 139 6 139 109 139 109 140 6 140 4 140 109 141 4 141 110 141 108 142 111 142 100 142 100 143 111 143 112 143 100 144 112 144 4 144 4 145 112 145 113 145 4 146 113 146 110 146 6 147 102 147 114 147 6 148 114 148 34 148 34 149 114 149 115 149 34 150 115 150 32 150 32 151 115 151 116 151 32 152 116 152 30 152 30 153 116 153 117 153 30 154 117 154 29 154 29 155 117 155 118 155 29 156 118 156 27 156 27 157 118 157 119 157 27 158 119 158 8 158 8 159 119 159 24 159 24 160 119 160 120 160 121 161 120 161 122 161 122 162 120 162 123 162 122 163 123 163 124 163 124 164 123 164 125 164 126 165 24 165 127 165 127 166 24 166 120 166 127 167 120 167 128 167 128 168 120 168 121 168 129 169 130 169 123 169 123 170 130 170 131 170 123 171 131 171 125 171 126 172 132 172 24 172 24 173 132 173 133 173 24 174 133 174 129 174 129 175 133 175 134 175 129 176 134 176 130 176 135 177 136 177 137 177 138 178 123 178 139 178 139 179 123 179 120 179 139 180 120 180 137 180 137 181 120 181 140 181 137 182 140 182 135 182 37 183 22 183 140 183 140 184 22 184 23 184 141 185 142 185 23 185 23 186 142 186 140 186 140 187 142 187 143 187 140 188 143 188 144 188 141 189 23 189 145 189 145 190 23 190 146 190 145 191 146 191 147 191 144 192 148 192 140 192 140 193 148 193 149 193 140 194 149 194 135 194 135 195 149 195 150 195 150 196 151 196 135 196 135 197 151 197 152 197 135 198 152 198 146 198 146 199 152 199 153 199 146 200 153 200 147 200 102 201 100 201 91 201 57 202 45 202 60 202 60 203 45 203 43 203 78 204 37 204 79 204 79 205 37 205 80 205 75 206 74 206 40 206 40 207 74 207 41 207 41 208 74 208 73 208 41 209 73 209 42 209 42 210 73 210 72 210 42 211 72 211 43 211 43 212 72 212 71 212 43 213 71 213 60 213 78 214 77 214 37 214 37 215 77 215 76 215 37 216 76 216 38 216 38 217 76 217 75 217 38 218 75 218 39 218 39 219 75 219 40 219 91 220 86 220 102 220 102 221 86 221 85 221 102 222 85 222 114 222 114 223 85 223 84 223 114 224 84 224 115 224 115 225 84 225 83 225 115 226 83 226 116 226 116 227 83 227 82 227 116 228 82 228 117 228 117 229 82 229 81 229 117 230 81 230 118 230 118 231 81 231 80 231 118 232 80 232 119 232 119 233 80 233 37 233 119 234 37 234 120 234 120 235 37 235 140 235 154 236 129 236 138 236 138 237 129 237 123 237 155 238 154 238 156 238 156 239 154 239 138 239 156 240 138 240 157 240 139 241 158 241 159 241 139 242 159 242 138 242 138 243 159 243 160 243 138 244 160 244 157 244 161 245 162 245 163 245 163 246 162 246 154 246 163 247 154 247 164 247 164 248 154 248 155 248 161 249 165 249 162 249 162 250 165 250 166 250 162 251 166 251 139 251 139 252 166 252 167 252 139 253 167 253 158 253 168 254 162 254 137 254 137 255 162 255 139 255 137 256 169 256 168 256 168 257 169 257 170 257 168 258 170 258 171 258 172 259 173 259 136 259 136 260 173 260 174 260 136 261 174 261 137 261 137 262 174 262 175 262 137 263 175 263 169 263 171 264 176 264 168 264 168 265 176 265 177 265 168 266 177 266 178 266 177 267 179 267 178 267 178 268 179 268 180 268 178 269 180 269 136 269 136 270 180 270 181 270 136 271 181 271 172 271 146 272 178 272 135 272 135 273 178 273 136 273 178 274 146 274 168 274 168 275 146 275 23 275 168 276 23 276 162 276 162 277 23 277 24 277 162 278 24 278 154 278 154 279 24 279 129 279 149 280 174 280 150 280 150 281 174 281 173 281 150 282 173 282 151 282 151 283 173 283 172 283 151 284 172 284 152 284 152 285 172 285 181 285 152 286 181 286 153 286 153 287 181 287 180 287 153 288 180 288 147 288 147 289 180 289 179 289 147 290 179 290 145 290 145 291 179 291 177 291 145 292 177 292 141 292 141 293 177 293 176 293 141 294 176 294 142 294 142 295 176 295 171 295 142 296 171 296 143 296 143 297 171 297 170 297 143 298 170 298 144 298 144 299 170 299 169 299 144 300 169 300 148 300 148 301 169 301 175 301 148 302 175 302 149 302 149 303 175 303 174 303 159 304 122 304 160 304 160 305 122 305 124 305 160 306 124 306 157 306 157 307 124 307 125 307 157 308 125 308 156 308 156 309 125 309 131 309 156 310 131 310 155 310 155 311 131 311 130 311 155 312 130 312 164 312 164 313 130 313 134 313 164 314 134 314 163 314 163 315 134 315 133 315 163 316 133 316 161 316 161 317 133 317 132 317 161 318 132 318 165 318 165 319 132 319 126 319 165 320 126 320 166 320 166 321 126 321 127 321 166 322 127 322 167 322 167 323 127 323 128 323 167 324 128 324 158 324 158 325 128 325 121 325 158 326 121 326 159 326 159 327 121 327 122 327 95 328 103 328 96 328 96 329 103 329 104 329 96 330 104 330 97 330 97 331 104 331 105 331 97 332 105 332 98 332 98 333 105 333 109 333 98 334 109 334 99 334 99 335 109 335 110 335 99 336 110 336 87 336 87 337 110 337 113 337 87 338 113 338 88 338 88 339 113 339 112 339 88 340 112 340 92 340 92 341 112 341 111 341 92 342 111 342 89 342 89 343 111 343 108 343 89 344 108 344 90 344 90 345 108 345 107 345 90 346 107 346 93 346 93 347 107 347 106 347 93 348 106 348 94 348 94 349 106 349 101 349 94 350 101 350 95 350 95 351 101 351 103 351 66 352 46 352 67 352 67 353 46 353 47 353 67 354 47 354 68 354 68 355 47 355 56 355 68 356 56 356 69 356 69 357 56 357 55 357 69 358 55 358 70 358 70 359 55 359 54 359 70 360 54 360 58 360 58 361 54 361 48 361 58 362 48 362 59 362 59 363 48 363 49 363 59 364 49 364 63 364 63 365 49 365 50 365 63 366 50 366 62 366 62 367 50 367 53 367 62 368 53 368 61 368 61 369 53 369 52 369 61 370 52 370 64 370 64 371 52 371 51 371 64 372 51 372 65 372 65 373 51 373 44 373 65 374 44 374 66 374 66 375 44 375 46 375 182 376 183 376 184 376 184 377 183 377 185 377 184 378 185 378 186 378 187 379 188 379 189 379 189 380 188 380 190 380 189 381 190 381 182 381 182 382 190 382 191 382 182 383 191 383 183 383 192 384 193 384 194 384 194 385 193 385 195 385 194 386 195 386 196 386 192 387 197 387 193 387 193 388 197 388 198 388 193 389 198 389 199 389 195 390 200 390 196 390 196 391 200 391 201 391 196 392 201 392 202 392 202 393 201 393 203 393 202 394 203 394 204 394 204 395 203 395 205 395 204 396 205 396 206 396 205 397 207 397 206 397 206 398 207 398 208 398 206 399 208 399 209 399 209 400 208 400 210 400 209 401 210 401 211 401 211 402 210 402 212 402 211 403 212 403 213 403 213 404 212 404 199 404 213 405 199 405 214 405 214 406 199 406 198 406 215 407 216 407 217 407 217 408 216 408 218 408 217 409 218 409 219 409 220 410 221 410 222 410 222 411 221 411 223 411 222 412 223 412 224 412 224 413 223 413 225 413 224 414 225 414 226 414 226 415 225 415 216 415 226 416 216 416 227 416 227 417 216 417 215 417 228 418 229 418 230 418 230 419 229 419 231 419 230 420 231 420 232 420 232 421 231 421 233 421 232 422 233 422 220 422 220 423 233 423 234 423 220 424 234 424 221 424 219 425 218 425 235 425 235 426 218 426 236 426 235 427 236 427 228 427 228 428 236 428 237 428 228 429 237 429 229 429 238 430 239 430 240 430 238 431 240 431 241 431 241 432 240 432 242 432 241 433 242 433 243 433 243 434 242 434 244 434 243 435 244 435 245 435 245 436 244 436 246 436 245 437 246 437 247 437 239 438 238 438 248 438 248 439 238 439 249 439 248 440 249 440 250 440 250 441 249 441 251 441 250 442 251 442 252 442 252 443 251 443 253 443 252 444 253 444 254 444 254 445 253 445 255 445 255 446 253 446 256 446 255 447 256 447 257 447 256 448 258 448 257 448 257 449 258 449 259 449 257 450 259 450 246 450 246 451 259 451 260 451 246 452 260 452 247 452 261 453 262 453 263 453 263 454 262 454 264 454 263 455 264 455 265 455 264 456 266 456 265 456 265 457 266 457 267 457 265 458 267 458 268 458 268 459 267 459 269 459 268 460 269 460 270 460 270 461 269 461 271 461 270 462 271 462 272 462 261 463 273 463 262 463 262 464 273 464 274 464 262 465 274 465 275 465 271 466 276 466 272 466 272 467 276 467 277 467 272 468 277 468 278 468 278 469 277 469 279 469 278 470 279 470 280 470 280 471 279 471 281 471 280 472 281 472 282 472 282 473 281 473 275 473 282 474 275 474 283 474 283 475 275 475 274 475 284 476 285 476 286 476 287 477 288 477 289 477 286 478 285 478 290 478 290 479 285 479 291 479 290 480 291 480 292 480 284 481 286 481 289 481 289 482 286 482 293 482 289 483 293 483 287 483 288 484 294 484 289 484 289 485 294 485 295 485 289 486 295 486 296 486 296 487 295 487 297 487 298 488 291 488 299 488 299 489 291 489 300 489 298 490 301 490 291 490 291 491 301 491 302 491 291 492 302 492 303 492 303 493 304 493 291 493 291 494 304 494 305 494 291 495 305 495 292 495 306 496 291 496 307 496 307 497 291 497 285 497 291 498 306 498 308 498 291 499 308 499 300 499 300 500 308 500 309 500 300 501 309 501 299 501 299 502 309 502 310 502 299 503 310 503 298 503 298 504 310 504 311 504 298 505 311 505 301 505 301 506 311 506 312 506 301 507 312 507 302 507 302 508 312 508 313 508 302 509 313 509 303 509 303 510 313 510 314 510 303 511 314 511 304 511 304 512 314 512 315 512 304 513 315 513 305 513 305 514 315 514 316 514 305 515 316 515 292 515 292 516 316 516 317 516 292 517 317 517 290 517 318 518 286 518 317 518 317 519 286 519 290 519 286 520 318 520 319 520 286 521 319 521 293 521 293 522 319 522 320 522 293 523 320 523 287 523 287 524 320 524 321 524 287 525 321 525 288 525 288 526 321 526 322 526 288 527 322 527 294 527 294 528 322 528 323 528 294 529 323 529 295 529 295 530 323 530 324 530 295 531 324 531 297 531 297 532 324 532 325 532 297 533 325 533 296 533 296 534 325 534 326 534 296 535 326 535 289 535 289 536 326 536 327 536 289 537 327 537 284 537 284 538 327 538 307 538 284 539 307 539 285 539 306 540 307 540 328 540 328 541 307 541 329 541 330 542 317 542 316 542 330 543 316 543 331 543 331 544 316 544 315 544 331 545 315 545 332 545 332 546 315 546 314 546 332 547 314 547 333 547 333 548 314 548 313 548 333 549 313 549 334 549 334 550 313 550 312 550 334 551 312 551 335 551 335 552 312 552 311 552 335 553 311 553 336 553 336 554 311 554 310 554 336 555 310 555 337 555 337 556 310 556 309 556 337 557 309 557 338 557 338 558 309 558 308 558 338 559 308 559 339 559 339 560 308 560 306 560 339 561 306 561 328 561 318 562 317 562 340 562 340 563 317 563 330 563 329 564 307 564 327 564 329 565 327 565 341 565 341 566 327 566 326 566 341 567 326 567 342 567 342 568 326 568 325 568 342 569 325 569 343 569 343 570 325 570 324 570 343 571 324 571 344 571 344 572 324 572 323 572 344 573 323 573 345 573 345 574 323 574 322 574 345 575 322 575 346 575 346 576 322 576 321 576 346 577 321 577 347 577 347 578 321 578 320 578 347 579 320 579 348 579 348 580 320 580 319 580 348 581 319 581 349 581 349 582 319 582 318 582 349 583 318 583 340 583 350 584 351 584 352 584 352 585 351 585 353 585 352 586 353 586 354 586 354 587 353 587 355 587 354 588 355 588 356 588 357 589 356 589 358 589 358 590 356 590 359 590 358 591 359 591 360 591 357 592 361 592 356 592 356 593 361 593 362 593 356 594 362 594 354 594 354 595 362 595 363 595 354 596 363 596 364 596 365 597 366 597 367 597 367 598 366 598 368 598 369 599 370 599 371 599 371 600 372 600 369 600 369 601 372 601 373 601 369 602 373 602 374 602 374 603 373 603 375 603 374 604 375 604 368 604 368 605 375 605 376 605 368 606 376 606 367 606 377 607 371 607 378 607 378 608 371 608 370 608 377 609 378 609 379 609 379 610 378 610 380 610 379 611 380 611 381 611 381 612 380 612 382 612 381 613 382 613 383 613 383 614 382 614 384 614 384 615 382 615 385 615 384 616 385 616 386 616 386 617 385 617 363 617 386 618 363 618 362 618 387 619 388 619 389 619 390 620 366 620 391 620 391 621 366 621 365 621 392 622 393 622 394 622 394 623 393 623 395 623 389 624 388 624 396 624 397 625 398 625 399 625 399 626 398 626 400 626 399 627 400 627 401 627 401 628 400 628 402 628 401 629 402 629 392 629 392 630 402 630 403 630 392 631 403 631 393 631 404 632 405 632 406 632 406 633 405 633 407 633 406 634 407 634 408 634 408 635 407 635 409 635 408 636 409 636 410 636 410 637 409 637 411 637 410 638 411 638 397 638 397 639 411 639 412 639 397 640 412 640 398 640 388 641 413 641 396 641 396 642 413 642 414 642 396 643 414 643 415 643 415 644 414 644 416 644 415 645 416 645 417 645 417 646 416 646 418 646 417 647 418 647 404 647 404 648 418 648 419 648 404 649 419 649 405 649 395 650 420 650 394 650 394 651 420 651 421 651 394 652 421 652 422 652 422 653 421 653 423 653 424 654 425 654 426 654 422 655 427 655 394 655 394 656 427 656 428 656 394 657 428 657 429 657 429 658 428 658 430 658 429 659 430 659 431 659 389 660 391 660 387 660 387 661 391 661 365 661 387 662 365 662 432 662 432 663 365 663 424 663 432 664 424 664 433 664 433 665 424 665 426 665 431 666 434 666 429 666 429 667 434 667 435 667 429 668 435 668 436 668 437 669 438 669 439 669 437 670 439 670 440 670 440 671 439 671 441 671 440 672 441 672 442 672 443 673 444 673 445 673 445 674 444 674 446 674 445 675 446 675 441 675 441 676 446 676 447 676 441 677 447 677 442 677 443 678 445 678 448 678 448 679 445 679 449 679 448 680 449 680 450 680 451 681 452 681 453 681 453 682 452 682 454 682 453 683 454 683 449 683 449 684 454 684 455 684 449 685 455 685 450 685 439 686 438 686 456 686 439 687 456 687 457 687 457 688 456 688 458 688 457 689 458 689 459 689 460 690 461 690 462 690 462 691 461 691 463 691 462 692 463 692 464 692 465 693 466 693 467 693 465 694 467 694 463 694 463 695 467 695 468 695 463 696 468 696 464 696 469 697 470 697 471 697 471 698 470 698 457 698 471 699 457 699 472 699 472 700 457 700 459 700 469 701 473 701 470 701 470 702 473 702 474 702 470 703 474 703 465 703 465 704 474 704 475 704 465 705 475 705 466 705 476 706 477 706 478 706 479 707 480 707 481 707 477 708 482 708 478 708 478 709 482 709 483 709 478 710 483 710 484 710 485 711 486 711 487 711 485 712 487 712 488 712 489 713 490 713 491 713 491 714 490 714 492 714 484 715 493 715 478 715 478 716 493 716 494 716 478 717 494 717 495 717 496 718 497 718 498 718 498 719 497 719 499 719 498 720 499 720 500 720 501 721 502 721 503 721 503 722 502 722 504 722 503 723 504 723 505 723 506 724 507 724 508 724 508 725 507 725 481 725 508 726 481 726 509 726 509 727 481 727 480 727 487 728 510 728 488 728 488 729 510 729 511 729 488 730 511 730 481 730 481 731 511 731 512 731 481 732 512 732 479 732 495 733 451 733 478 733 478 734 451 734 453 734 476 735 478 735 513 735 513 736 478 736 514 736 513 737 514 737 515 737 515 738 514 738 516 738 515 739 516 739 517 739 517 740 516 740 518 740 517 741 518 741 519 741 501 742 520 742 502 742 502 743 520 743 521 743 502 744 521 744 499 744 499 745 521 745 522 745 499 746 522 746 500 746 506 747 523 747 507 747 507 748 523 748 524 748 507 749 524 749 504 749 504 750 524 750 525 750 504 751 525 751 505 751 492 752 526 752 491 752 491 753 526 753 527 753 491 754 527 754 485 754 485 755 527 755 528 755 485 756 528 756 486 756 529 757 530 757 531 757 531 758 532 758 529 758 529 759 532 759 533 759 529 760 533 760 518 760 518 761 533 761 534 761 518 762 534 762 519 762 496 763 535 763 497 763 497 764 535 764 536 764 497 765 536 765 530 765 530 766 536 766 537 766 530 767 537 767 531 767 538 768 539 768 540 768 540 769 539 769 541 769 540 770 541 770 542 770 542 771 541 771 543 771 542 772 543 772 460 772 460 773 543 773 461 773 460 774 544 774 542 774 542 775 544 775 545 775 542 776 545 776 546 776 546 777 545 777 547 777 546 778 547 778 548 778 549 779 550 779 551 779 551 780 550 780 552 780 551 781 552 781 553 781 553 782 554 782 551 782 551 783 554 783 555 783 551 784 555 784 556 784 557 785 558 785 559 785 559 786 560 786 557 786 557 787 560 787 551 787 557 788 551 788 561 788 561 789 551 789 556 789 562 790 563 790 564 790 564 791 565 791 562 791 562 792 565 792 566 792 562 793 566 793 567 793 567 794 566 794 568 794 567 795 568 795 549 795 549 796 568 796 569 796 549 797 569 797 550 797 570 798 571 798 572 798 570 799 572 799 573 799 573 800 572 800 574 800 573 801 574 801 575 801 575 802 574 802 576 802 575 803 576 803 577 803 577 804 576 804 578 804 577 805 578 805 579 805 571 806 570 806 580 806 580 807 570 807 581 807 582 808 583 808 584 808 582 809 584 809 585 809 585 810 584 810 586 810 585 811 586 811 587 811 587 812 586 812 588 812 587 813 588 813 589 813 589 814 588 814 590 814 589 815 590 815 591 815 591 816 590 816 563 816 563 817 590 817 592 817 563 818 592 818 564 818 593 819 594 819 595 819 595 820 594 820 596 820 596 821 597 821 595 821 595 822 597 822 598 822 595 823 598 823 592 823 598 824 599 824 592 824 592 825 599 825 600 825 592 826 600 826 601 826 601 827 602 827 592 827 592 828 602 828 603 828 592 829 603 829 564 829 604 830 605 830 606 830 606 831 605 831 607 831 608 832 609 832 610 832 610 833 609 833 611 833 612 834 613 834 614 834 614 835 613 835 615 835 614 836 615 836 616 836 616 837 615 837 617 837 616 838 617 838 618 838 618 839 617 839 619 839 618 840 619 840 620 840 620 841 619 841 621 841 620 842 621 842 622 842 622 843 621 843 623 843 622 844 623 844 624 844 624 845 623 845 625 845 624 846 625 846 626 846 626 847 625 847 627 847 626 848 627 848 628 848 628 849 627 849 629 849 628 850 629 850 630 850 630 851 629 851 631 851 604 852 613 852 605 852 605 853 613 853 612 853 631 854 609 854 630 854 630 855 609 855 608 855 632 856 633 856 634 856 635 857 636 857 637 857 637 858 636 858 638 858 639 859 632 859 638 859 638 860 632 860 634 860 638 861 634 861 637 861 640 862 641 862 642 862 643 863 644 863 645 863 645 864 644 864 646 864 645 865 646 865 640 865 640 866 642 866 645 866 645 867 642 867 647 867 645 868 647 868 648 868 648 869 649 869 645 869 645 870 649 870 632 870 645 871 632 871 643 871 643 872 632 872 639 872 643 873 639 873 650 873 650 874 639 874 651 874 639 875 638 875 651 875 651 876 638 876 636 876 652 877 653 877 654 877 654 878 653 878 655 878 656 879 657 879 658 879 659 880 660 880 661 880 662 881 663 881 664 881 664 882 663 882 665 882 665 883 663 883 666 883 666 884 663 884 667 884 666 885 667 885 668 885 668 886 667 886 669 886 669 887 667 887 661 887 669 888 661 888 670 888 670 889 661 889 660 889 670 890 660 890 671 890 672 891 673 891 674 891 674 892 675 892 672 892 672 893 675 893 676 893 672 894 676 894 677 894 677 895 676 895 678 895 677 896 678 896 679 896 679 897 678 897 680 897 679 898 680 898 681 898 674 899 656 899 675 899 675 900 656 900 658 900 675 901 658 901 676 901 676 902 658 902 682 902 676 903 682 903 678 903 678 904 682 904 683 904 678 905 683 905 680 905 680 906 683 906 684 906 657 907 659 907 658 907 658 908 659 908 661 908 658 909 661 909 682 909 682 910 661 910 667 910 682 911 667 911 683 911 683 912 667 912 663 912 683 913 663 913 684 913 684 914 663 914 662 914 685 915 671 915 686 915 686 916 671 916 660 916 686 917 660 917 687 917 687 918 660 918 659 918 687 919 659 919 688 919 688 920 659 920 657 920 688 921 657 921 689 921 689 922 657 922 656 922 690 923 656 923 691 923 691 924 656 924 674 924 691 925 674 925 673 925 690 926 692 926 656 926 656 927 692 927 693 927 656 928 693 928 694 928 694 929 695 929 656 929 656 930 695 930 696 930 656 931 696 931 689 931 689 932 696 932 697 932 689 933 697 933 698 933 698 934 699 934 689 934 689 935 699 935 700 935 689 936 700 936 701 936 701 937 702 937 689 937 689 938 702 938 703 938 689 939 703 939 704 939 704 940 703 940 705 940 687 941 688 941 706 941 689 942 704 942 707 942 686 943 708 943 685 943 685 944 708 944 709 944 709 945 708 945 710 945 710 946 708 946 711 946 710 947 711 947 712 947 712 948 711 948 713 948 713 949 711 949 714 949 713 950 714 950 715 950 715 951 714 951 716 951 715 952 716 952 717 952 718 953 719 953 720 953 720 954 721 954 718 954 718 955 721 955 722 955 718 956 722 956 723 956 723 957 722 957 707 957 723 958 707 958 724 958 724 959 707 959 704 959 724 960 704 960 705 960 720 961 725 961 721 961 721 962 725 962 726 962 721 963 726 963 722 963 722 964 726 964 727 964 722 965 727 965 707 965 707 966 727 966 706 966 707 967 706 967 689 967 689 968 706 968 688 968 725 969 716 969 726 969 726 970 716 970 714 970 726 971 714 971 727 971 727 972 714 972 711 972 727 973 711 973 706 973 706 974 711 974 708 974 706 975 708 975 687 975 687 976 708 976 686 976 720 977 719 977 728 977 728 978 729 978 720 978 720 979 729 979 730 979 720 980 730 980 725 980 725 981 730 981 731 981 725 982 731 982 716 982 716 983 731 983 732 983 716 984 732 984 717 984 733 985 734 985 735 985 735 986 734 986 736 986 735 987 736 987 737 987 737 988 736 988 738 988 737 989 738 989 739 989 739 990 738 990 740 990 739 991 740 991 741 991 741 992 740 992 742 992 741 993 742 993 743 993 743 994 742 994 744 994 743 995 744 995 745 995 745 996 744 996 746 996 747 997 748 997 749 997 749 998 748 998 750 998 749 999 750 999 751 999 751 1000 750 1000 752 1000 751 1001 752 1001 753 1001 753 1002 752 1002 754 1002 753 1003 754 1003 755 1003 755 1004 754 1004 756 1004 755 1005 756 1005 757 1005 757 1006 756 1006 758 1006 757 1007 758 1007 759 1007 759 1008 758 1008 760 1008 761 1009 762 1009 763 1009 763 1010 762 1010 764 1010 763 1011 764 1011 765 1011 765 1012 764 1012 766 1012 765 1013 766 1013 767 1013 767 1014 766 1014 768 1014 767 1015 768 1015 769 1015 769 1016 768 1016 770 1016 769 1017 770 1017 771 1017 771 1018 770 1018 772 1018 771 1019 772 1019 773 1019 773 1020 772 1020 774 1020 775 1021 776 1021 777 1021 777 1022 776 1022 778 1022 777 1023 778 1023 779 1023 779 1024 778 1024 780 1024 779 1025 780 1025 781 1025 781 1026 780 1026 782 1026 781 1027 782 1027 783 1027 783 1028 782 1028 784 1028 783 1029 784 1029 785 1029 785 1030 784 1030 786 1030 785 1031 786 1031 787 1031 787 1032 786 1032 788 1032 789 1033 790 1033 791 1033 791 1034 790 1034 792 1034 791 1035 792 1035 793 1035 793 1036 792 1036 794 1036 793 1037 794 1037 795 1037 795 1038 794 1038 796 1038 795 1039 796 1039 797 1039 797 1040 796 1040 798 1040 797 1041 798 1041 799 1041 799 1042 798 1042 800 1042 799 1043 800 1043 801 1043 801 1044 800 1044 802 1044 803 1045 804 1045 805 1045 805 1046 804 1046 806 1046 805 1047 806 1047 807 1047 807 1048 806 1048 808 1048 807 1049 808 1049 809 1049 809 1050 808 1050 810 1050 809 1051 810 1051 811 1051 811 1052 810 1052 812 1052 811 1053 812 1053 813 1053 813 1054 812 1054 814 1054 813 1055 814 1055 815 1055 815 1056 814 1056 816 1056 817 1057 818 1057 819 1057 819 1058 818 1058 820 1058 819 1059 820 1059 821 1059 821 1060 820 1060 822 1060 821 1061 822 1061 823 1061 823 1062 822 1062 824 1062 823 1063 824 1063 825 1063 825 1064 824 1064 826 1064 825 1065 826 1065 827 1065 827 1066 826 1066 828 1066 827 1067 828 1067 829 1067 829 1068 828 1068 830 1068 831 1069 832 1069 833 1069 833 1070 832 1070 834 1070 833 1071 834 1071 835 1071 835 1072 834 1072 836 1072 835 1073 836 1073 837 1073 837 1074 836 1074 838 1074 837 1075 838 1075 839 1075 839 1076 838 1076 840 1076 839 1077 840 1077 841 1077 841 1078 840 1078 842 1078 841 1079 842 1079 843 1079 843 1080 842 1080 844 1080 845 1081 846 1081 847 1081 847 1082 846 1082 848 1082 847 1083 848 1083 849 1083 849 1084 848 1084 850 1084 849 1085 850 1085 851 1085 851 1086 850 1086 852 1086 851 1087 852 1087 853 1087 853 1088 852 1088 854 1088 853 1089 854 1089 855 1089 855 1090 854 1090 856 1090 855 1091 856 1091 857 1091 857 1092 856 1092 858 1092 859 1093 860 1093 861 1093 861 1094 860 1094 862 1094 861 1095 862 1095 863 1095 863 1096 862 1096 864 1096 863 1097 864 1097 865 1097 865 1098 864 1098 866 1098 865 1099 866 1099 867 1099 867 1100 866 1100 868 1100 867 1101 868 1101 869 1101 869 1102 868 1102 870 1102 869 1103 870 1103 871 1103 871 1104 870 1104 872 1104 873 1105 874 1105 875 1105 875 1106 874 1106 876 1106 875 1107 876 1107 877 1107 877 1108 876 1108 878 1108 877 1109 878 1109 879 1109 879 1110 878 1110 880 1110 879 1111 880 1111 881 1111 881 1112 880 1112 882 1112 881 1113 882 1113 883 1113 883 1114 882 1114 884 1114 883 1115 884 1115 885 1115 885 1116 884 1116 886 1116 887 1117 888 1117 889 1117 889 1118 888 1118 890 1118 889 1119 890 1119 891 1119 891 1120 890 1120 892 1120 891 1121 892 1121 893 1121 893 1122 892 1122 894 1122 893 1123 894 1123 895 1123 895 1124 894 1124 896 1124 895 1125 896 1125 897 1125 897 1126 896 1126 898 1126 897 1127 898 1127 899 1127 899 1128 898 1128 900 1128 901 1129 902 1129 903 1129 903 1130 902 1130 904 1130 903 1131 904 1131 905 1131 905 1132 904 1132 906 1132 905 1133 906 1133 907 1133 907 1134 906 1134 908 1134 907 1135 908 1135 909 1135 909 1136 908 1136 910 1136 909 1137 910 1137 911 1137 911 1138 910 1138 912 1138 911 1139 912 1139 913 1139 913 1140 912 1140 914 1140 915 1141 916 1141 917 1141 917 1142 916 1142 918 1142 917 1143 918 1143 919 1143 919 1144 918 1144 920 1144 919 1145 920 1145 921 1145 921 1146 920 1146 922 1146 921 1147 922 1147 923 1147 923 1148 922 1148 924 1148 923 1149 924 1149 925 1149 925 1150 924 1150 926 1150 925 1151 926 1151 927 1151 927 1152 926 1152 928 1152 929 1153 930 1153 931 1153 931 1154 930 1154 932 1154 931 1155 932 1155 933 1155 933 1156 932 1156 934 1156 933 1157 934 1157 935 1157 935 1158 934 1158 936 1158 935 1159 936 1159 937 1159 937 1160 936 1160 938 1160 937 1161 938 1161 939 1161 939 1162 938 1162 940 1162 939 1163 940 1163 941 1163 941 1164 940 1164 942 1164 943 1165 944 1165 945 1165 945 1166 944 1166 946 1166 945 1167 946 1167 947 1167 947 1168 946 1168 948 1168 947 1169 948 1169 949 1169 949 1170 948 1170 950 1170 949 1171 950 1171 951 1171 951 1172 950 1172 952 1172 951 1173 952 1173 953 1173 953 1174 952 1174 954 1174 953 1175 954 1175 955 1175 955 1176 954 1176 956 1176 957 1177 958 1177 681 1177 681 1178 680 1178 957 1178 957 1179 680 1179 684 1179 957 1180 684 1180 959 1180 959 1181 684 1181 662 1181 959 1182 662 1182 960 1182 960 1183 662 1183 664 1183 960 1184 664 1184 961 1184 962 1185 963 1185 733 1185 733 1186 963 1186 734 1186 964 1187 965 1187 966 1187 966 1188 965 1188 967 1188 966 1189 967 1189 968 1189 968 1190 967 1190 969 1190 968 1191 969 1191 970 1191 970 1192 969 1192 971 1192 970 1193 971 1193 972 1193 972 1194 971 1194 973 1194 972 1195 973 1195 974 1195 974 1196 973 1196 975 1196 974 1197 975 1197 976 1197 976 1198 975 1198 977 1198 976 1199 977 1199 962 1199 962 1200 977 1200 963 1200 745 1201 746 1201 964 1201 964 1202 746 1202 965 1202 745 1203 978 1203 743 1203 743 1204 978 1204 979 1204 743 1205 979 1205 741 1205 741 1206 979 1206 980 1206 741 1207 980 1207 739 1207 739 1208 980 1208 981 1208 739 1209 981 1209 737 1209 737 1210 981 1210 982 1210 737 1211 982 1211 735 1211 735 1212 982 1212 983 1212 735 1213 983 1213 733 1213 733 1214 983 1214 984 1214 978 1215 985 1215 986 1215 983 1216 982 1216 984 1216 984 1217 982 1217 981 1217 980 1218 979 1218 981 1218 981 1219 979 1219 978 1219 986 1220 987 1220 978 1220 978 1221 987 1221 988 1221 978 1222 988 1222 981 1222 981 1223 988 1223 989 1223 981 1224 989 1224 984 1224 984 1225 989 1225 990 1225 984 1226 990 1226 991 1226 992 1227 993 1227 747 1227 747 1228 993 1228 748 1228 994 1229 995 1229 996 1229 996 1230 995 1230 997 1230 996 1231 997 1231 998 1231 998 1232 997 1232 999 1232 998 1233 999 1233 1000 1233 1000 1234 999 1234 1001 1234 1000 1235 1001 1235 1002 1235 1002 1236 1001 1236 1003 1236 1002 1237 1003 1237 1004 1237 1004 1238 1003 1238 1005 1238 1004 1239 1005 1239 1006 1239 1006 1240 1005 1240 1007 1240 1006 1241 1007 1241 992 1241 992 1242 1007 1242 993 1242 759 1243 760 1243 994 1243 994 1244 760 1244 995 1244 759 1245 1008 1245 757 1245 757 1246 1008 1246 1009 1246 757 1247 1009 1247 755 1247 755 1248 1009 1248 1010 1248 755 1249 1010 1249 753 1249 753 1250 1010 1250 1011 1250 753 1251 1011 1251 751 1251 751 1252 1011 1252 1012 1252 751 1253 1012 1253 749 1253 749 1254 1012 1254 1013 1254 749 1255 1013 1255 747 1255 747 1256 1013 1256 1014 1256 1015 1257 1016 1257 1008 1257 1008 1258 1016 1258 1017 1258 1018 1259 1014 1259 1019 1259 1019 1260 1014 1260 1020 1260 1017 1261 1021 1261 1008 1261 1008 1262 1021 1262 1011 1262 1008 1263 1011 1263 1009 1263 1009 1264 1011 1264 1010 1264 1013 1265 1012 1265 1014 1265 1014 1266 1012 1266 1011 1266 1014 1267 1011 1267 1020 1267 1020 1268 1011 1268 1021 1268 1022 1269 1023 1269 761 1269 761 1270 1023 1270 762 1270 1024 1271 1025 1271 1026 1271 1026 1272 1025 1272 1027 1272 1026 1273 1027 1273 1028 1273 1028 1274 1027 1274 1029 1274 1028 1275 1029 1275 1030 1275 1030 1276 1029 1276 1031 1276 1030 1277 1031 1277 1032 1277 1032 1278 1031 1278 1033 1278 1032 1279 1033 1279 1034 1279 1034 1280 1033 1280 1035 1280 1034 1281 1035 1281 1036 1281 1036 1282 1035 1282 1037 1282 1036 1283 1037 1283 1022 1283 1022 1284 1037 1284 1023 1284 773 1285 774 1285 1024 1285 1024 1286 774 1286 1025 1286 773 1287 1038 1287 771 1287 771 1288 1038 1288 1039 1288 771 1289 1039 1289 769 1289 769 1290 1039 1290 1040 1290 769 1291 1040 1291 767 1291 767 1292 1040 1292 1041 1292 767 1293 1041 1293 765 1293 765 1294 1041 1294 1042 1294 765 1295 1042 1295 763 1295 763 1296 1042 1296 1043 1296 763 1297 1043 1297 761 1297 761 1298 1043 1298 1044 1298 1045 1299 1046 1299 1044 1299 1045 1300 1044 1300 1047 1300 1048 1301 1038 1301 1049 1301 1049 1302 1038 1302 1050 1302 1048 1303 1051 1303 1038 1303 1038 1304 1051 1304 1041 1304 1038 1305 1041 1305 1039 1305 1039 1306 1041 1306 1040 1306 1043 1307 1042 1307 1044 1307 1044 1308 1042 1308 1041 1308 1044 1309 1041 1309 1047 1309 1047 1310 1041 1310 1051 1310 1052 1311 1053 1311 775 1311 775 1312 1053 1312 776 1312 1054 1313 1055 1313 1056 1313 1056 1314 1055 1314 1057 1314 1056 1315 1057 1315 1058 1315 1058 1316 1057 1316 1059 1316 1058 1317 1059 1317 1060 1317 1060 1318 1059 1318 1061 1318 1060 1319 1061 1319 1062 1319 1062 1320 1061 1320 1063 1320 1062 1321 1063 1321 1064 1321 1064 1322 1063 1322 1065 1322 1064 1323 1065 1323 1066 1323 1066 1324 1065 1324 1067 1324 1066 1325 1067 1325 1052 1325 1052 1326 1067 1326 1053 1326 787 1327 788 1327 1054 1327 1054 1328 788 1328 1055 1328 787 1329 1068 1329 785 1329 785 1330 1068 1330 1069 1330 785 1331 1069 1331 783 1331 783 1332 1069 1332 1070 1332 783 1333 1070 1333 781 1333 781 1334 1070 1334 1071 1334 781 1335 1071 1335 779 1335 779 1336 1071 1336 1072 1336 779 1337 1072 1337 777 1337 777 1338 1072 1338 1073 1338 777 1339 1073 1339 775 1339 775 1340 1073 1340 1074 1340 1075 1341 1076 1341 1074 1341 1075 1342 1074 1342 1077 1342 1078 1343 1079 1343 1068 1343 1068 1344 1079 1344 1080 1344 1080 1345 1081 1345 1068 1345 1068 1346 1081 1346 1071 1346 1068 1347 1071 1347 1069 1347 1069 1348 1071 1348 1070 1348 1073 1349 1072 1349 1074 1349 1074 1350 1072 1350 1071 1350 1074 1351 1071 1351 1077 1351 1077 1352 1071 1352 1081 1352 1082 1353 1083 1353 789 1353 789 1354 1083 1354 790 1354 1084 1355 1085 1355 1086 1355 1086 1356 1085 1356 1087 1356 1086 1357 1087 1357 1088 1357 1088 1358 1087 1358 1089 1358 1088 1359 1089 1359 1090 1359 1090 1360 1089 1360 1091 1360 1090 1361 1091 1361 1092 1361 1092 1362 1091 1362 1093 1362 1092 1363 1093 1363 1094 1363 1094 1364 1093 1364 1095 1364 1094 1365 1095 1365 1096 1365 1096 1366 1095 1366 1097 1366 1096 1367 1097 1367 1082 1367 1082 1368 1097 1368 1083 1368 801 1369 802 1369 1084 1369 1084 1370 802 1370 1085 1370 801 1371 1098 1371 799 1371 799 1372 1098 1372 1099 1372 799 1373 1099 1373 797 1373 797 1374 1099 1374 1100 1374 797 1375 1100 1375 795 1375 795 1376 1100 1376 1101 1376 795 1377 1101 1377 793 1377 793 1378 1101 1378 1102 1378 793 1379 1102 1379 791 1379 791 1380 1102 1380 1103 1380 791 1381 1103 1381 789 1381 789 1382 1103 1382 1104 1382 1105 1383 1106 1383 1098 1383 1098 1384 1106 1384 1107 1384 1108 1385 1104 1385 1109 1385 1109 1386 1104 1386 1110 1386 1107 1387 1111 1387 1098 1387 1098 1388 1111 1388 1101 1388 1098 1389 1101 1389 1099 1389 1099 1390 1101 1390 1100 1390 1103 1391 1102 1391 1104 1391 1104 1392 1102 1392 1101 1392 1104 1393 1101 1393 1110 1393 1110 1394 1101 1394 1111 1394 1112 1395 1113 1395 803 1395 803 1396 1113 1396 804 1396 1114 1397 1115 1397 1116 1397 1116 1398 1115 1398 1117 1398 1116 1399 1117 1399 1118 1399 1118 1400 1117 1400 1119 1400 1118 1401 1119 1401 1120 1401 1120 1402 1119 1402 1121 1402 1120 1403 1121 1403 1122 1403 1122 1404 1121 1404 1123 1404 1122 1405 1123 1405 1124 1405 1124 1406 1123 1406 1125 1406 1124 1407 1125 1407 1126 1407 1126 1408 1125 1408 1127 1408 1126 1409 1127 1409 1112 1409 1112 1410 1127 1410 1113 1410 815 1411 816 1411 1114 1411 1114 1412 816 1412 1115 1412 815 1413 1128 1413 813 1413 813 1414 1128 1414 1129 1414 813 1415 1129 1415 811 1415 811 1416 1129 1416 1130 1416 811 1417 1130 1417 809 1417 809 1418 1130 1418 1131 1418 809 1419 1131 1419 807 1419 807 1420 1131 1420 1132 1420 807 1421 1132 1421 805 1421 805 1422 1132 1422 1133 1422 805 1423 1133 1423 803 1423 803 1424 1133 1424 1134 1424 1135 1425 1136 1425 1134 1425 1135 1426 1134 1426 1137 1426 1138 1427 1128 1427 1139 1427 1139 1428 1128 1428 1140 1428 1138 1429 1141 1429 1128 1429 1128 1430 1141 1430 1131 1430 1128 1431 1131 1431 1129 1431 1129 1432 1131 1432 1130 1432 1133 1433 1132 1433 1134 1433 1134 1434 1132 1434 1131 1434 1134 1435 1131 1435 1137 1435 1137 1436 1131 1436 1141 1436 1142 1437 1143 1437 817 1437 817 1438 1143 1438 818 1438 1144 1439 1145 1439 1146 1439 1146 1440 1145 1440 1147 1440 1146 1441 1147 1441 1148 1441 1148 1442 1147 1442 1149 1442 1148 1443 1149 1443 1150 1443 1150 1444 1149 1444 1151 1444 1150 1445 1151 1445 1152 1445 1152 1446 1151 1446 1153 1446 1152 1447 1153 1447 1154 1447 1154 1448 1153 1448 1155 1448 1154 1449 1155 1449 1156 1449 1156 1450 1155 1450 1157 1450 1156 1451 1157 1451 1142 1451 1142 1452 1157 1452 1143 1452 829 1453 830 1453 1144 1453 1144 1454 830 1454 1145 1454 829 1455 1158 1455 827 1455 827 1456 1158 1456 1159 1456 827 1457 1159 1457 825 1457 825 1458 1159 1458 1160 1458 825 1459 1160 1459 823 1459 823 1460 1160 1460 1161 1460 823 1461 1161 1461 821 1461 821 1462 1161 1462 1162 1462 821 1463 1162 1463 819 1463 819 1464 1162 1464 1163 1464 819 1465 1163 1465 817 1465 817 1466 1163 1466 1164 1466 1165 1467 1166 1467 1158 1467 1158 1468 1166 1468 1167 1468 1168 1469 1164 1469 1169 1469 1169 1470 1164 1470 1170 1470 1167 1471 1171 1471 1158 1471 1158 1472 1171 1472 1161 1472 1158 1473 1161 1473 1159 1473 1159 1474 1161 1474 1160 1474 1163 1475 1162 1475 1164 1475 1164 1476 1162 1476 1161 1476 1164 1477 1161 1477 1170 1477 1170 1478 1161 1478 1171 1478 1172 1479 1173 1479 831 1479 831 1480 1173 1480 832 1480 1174 1481 1175 1481 1176 1481 1176 1482 1175 1482 1177 1482 1176 1483 1177 1483 1178 1483 1178 1484 1177 1484 1179 1484 1178 1485 1179 1485 1180 1485 1180 1486 1179 1486 1181 1486 1180 1487 1181 1487 1182 1487 1182 1488 1181 1488 1183 1488 1182 1489 1183 1489 1184 1489 1184 1490 1183 1490 1185 1490 1184 1491 1185 1491 1186 1491 1186 1492 1185 1492 1187 1492 1186 1493 1187 1493 1172 1493 1172 1494 1187 1494 1173 1494 843 1495 844 1495 1174 1495 1174 1496 844 1496 1175 1496 843 1497 1188 1497 841 1497 841 1498 1188 1498 1189 1498 841 1499 1189 1499 839 1499 839 1500 1189 1500 1190 1500 839 1501 1190 1501 837 1501 837 1502 1190 1502 1191 1502 837 1503 1191 1503 835 1503 835 1504 1191 1504 1192 1504 835 1505 1192 1505 833 1505 833 1506 1192 1506 1193 1506 833 1507 1193 1507 831 1507 831 1508 1193 1508 1194 1508 1195 1509 1196 1509 1194 1509 1195 1510 1194 1510 1197 1510 1198 1511 1188 1511 1199 1511 1199 1512 1188 1512 1200 1512 1198 1513 1201 1513 1188 1513 1188 1514 1201 1514 1191 1514 1188 1515 1191 1515 1189 1515 1189 1516 1191 1516 1190 1516 1193 1517 1192 1517 1194 1517 1194 1518 1192 1518 1191 1518 1194 1519 1191 1519 1197 1519 1197 1520 1191 1520 1201 1520 1202 1521 1203 1521 845 1521 845 1522 1203 1522 846 1522 1204 1523 1205 1523 1206 1523 1206 1524 1205 1524 1207 1524 1206 1525 1207 1525 1208 1525 1208 1526 1207 1526 1209 1526 1208 1527 1209 1527 1210 1527 1210 1528 1209 1528 1211 1528 1210 1529 1211 1529 1212 1529 1212 1530 1211 1530 1213 1530 1212 1531 1213 1531 1214 1531 1214 1532 1213 1532 1215 1532 1214 1533 1215 1533 1216 1533 1216 1534 1215 1534 1217 1534 1216 1535 1217 1535 1202 1535 1202 1536 1217 1536 1203 1536 857 1537 858 1537 1204 1537 1204 1538 858 1538 1205 1538 857 1539 1218 1539 855 1539 855 1540 1218 1540 1219 1540 855 1541 1219 1541 853 1541 853 1542 1219 1542 1220 1542 853 1543 1220 1543 851 1543 851 1544 1220 1544 1221 1544 851 1545 1221 1545 849 1545 849 1546 1221 1546 1222 1546 849 1547 1222 1547 847 1547 847 1548 1222 1548 1223 1548 847 1549 1223 1549 845 1549 845 1550 1223 1550 1224 1550 1225 1551 1226 1551 1218 1551 1218 1552 1226 1552 1227 1552 1228 1553 1224 1553 1229 1553 1229 1554 1224 1554 1230 1554 1227 1555 1231 1555 1218 1555 1218 1556 1231 1556 1221 1556 1218 1557 1221 1557 1219 1557 1219 1558 1221 1558 1220 1558 1223 1559 1222 1559 1224 1559 1224 1560 1222 1560 1221 1560 1224 1561 1221 1561 1230 1561 1230 1562 1221 1562 1231 1562 1232 1563 1233 1563 859 1563 859 1564 1233 1564 860 1564 1234 1565 1235 1565 1236 1565 1236 1566 1235 1566 1237 1566 1236 1567 1237 1567 1238 1567 1238 1568 1237 1568 1239 1568 1238 1569 1239 1569 1240 1569 1240 1570 1239 1570 1241 1570 1240 1571 1241 1571 1242 1571 1242 1572 1241 1572 1243 1572 1242 1573 1243 1573 1244 1573 1244 1574 1243 1574 1245 1574 1244 1575 1245 1575 1246 1575 1246 1576 1245 1576 1247 1576 1246 1577 1247 1577 1232 1577 1232 1578 1247 1578 1233 1578 871 1579 872 1579 1234 1579 1234 1580 872 1580 1235 1580 871 1581 1248 1581 869 1581 869 1582 1248 1582 1249 1582 869 1583 1249 1583 867 1583 867 1584 1249 1584 1250 1584 867 1585 1250 1585 865 1585 865 1586 1250 1586 1251 1586 865 1587 1251 1587 863 1587 863 1588 1251 1588 1252 1588 863 1589 1252 1589 861 1589 861 1590 1252 1590 1253 1590 861 1591 1253 1591 859 1591 859 1592 1253 1592 1254 1592 1255 1593 1256 1593 1254 1593 1255 1594 1254 1594 1257 1594 1258 1595 1248 1595 1259 1595 1259 1596 1248 1596 1260 1596 1258 1597 1261 1597 1248 1597 1248 1598 1261 1598 1251 1598 1248 1599 1251 1599 1249 1599 1249 1600 1251 1600 1250 1600 1253 1601 1252 1601 1254 1601 1254 1602 1252 1602 1251 1602 1254 1603 1251 1603 1257 1603 1257 1604 1251 1604 1261 1604 1262 1605 1263 1605 873 1605 873 1606 1263 1606 874 1606 1264 1607 1265 1607 1266 1607 1266 1608 1265 1608 1267 1608 1266 1609 1267 1609 1268 1609 1268 1610 1267 1610 1269 1610 1268 1611 1269 1611 1270 1611 1270 1612 1269 1612 1271 1612 1270 1613 1271 1613 1272 1613 1272 1614 1271 1614 1273 1614 1272 1615 1273 1615 1274 1615 1274 1616 1273 1616 1275 1616 1274 1617 1275 1617 1276 1617 1276 1618 1275 1618 1277 1618 1276 1619 1277 1619 1262 1619 1262 1620 1277 1620 1263 1620 885 1621 886 1621 1264 1621 1264 1622 886 1622 1265 1622 885 1623 1278 1623 883 1623 883 1624 1278 1624 1279 1624 883 1625 1279 1625 881 1625 881 1626 1279 1626 1280 1626 881 1627 1280 1627 879 1627 879 1628 1280 1628 1281 1628 879 1629 1281 1629 877 1629 877 1630 1281 1630 1282 1630 877 1631 1282 1631 875 1631 875 1632 1282 1632 1283 1632 875 1633 1283 1633 873 1633 873 1634 1283 1634 1284 1634 1285 1635 1286 1635 1284 1635 1285 1636 1284 1636 1287 1636 1288 1637 1289 1637 1278 1637 1278 1638 1289 1638 1290 1638 1290 1639 1291 1639 1278 1639 1278 1640 1291 1640 1281 1640 1278 1641 1281 1641 1279 1641 1279 1642 1281 1642 1280 1642 1283 1643 1282 1643 1284 1643 1284 1644 1282 1644 1281 1644 1284 1645 1281 1645 1287 1645 1287 1646 1281 1646 1291 1646 1292 1647 1293 1647 887 1647 887 1648 1293 1648 888 1648 1294 1649 1295 1649 1296 1649 1296 1650 1295 1650 1297 1650 1296 1651 1297 1651 1298 1651 1298 1652 1297 1652 1299 1652 1298 1653 1299 1653 1300 1653 1300 1654 1299 1654 1301 1654 1300 1655 1301 1655 1302 1655 1302 1656 1301 1656 1303 1656 1302 1657 1303 1657 1304 1657 1304 1658 1303 1658 1305 1658 1304 1659 1305 1659 1306 1659 1306 1660 1305 1660 1307 1660 1306 1661 1307 1661 1292 1661 1292 1662 1307 1662 1293 1662 899 1663 900 1663 1294 1663 1294 1664 900 1664 1295 1664 899 1665 1308 1665 897 1665 897 1666 1308 1666 1309 1666 897 1667 1309 1667 895 1667 895 1668 1309 1668 1310 1668 895 1669 1310 1669 893 1669 893 1670 1310 1670 1311 1670 893 1671 1311 1671 891 1671 891 1672 1311 1672 1312 1672 891 1673 1312 1673 889 1673 889 1674 1312 1674 1313 1674 889 1675 1313 1675 887 1675 887 1676 1313 1676 1314 1676 1315 1677 1316 1677 1314 1677 1315 1678 1314 1678 1317 1678 1318 1679 1319 1679 1308 1679 1308 1680 1319 1680 1320 1680 1320 1681 1321 1681 1308 1681 1308 1682 1321 1682 1311 1682 1308 1683 1311 1683 1309 1683 1309 1684 1311 1684 1310 1684 1313 1685 1312 1685 1314 1685 1314 1686 1312 1686 1311 1686 1314 1687 1311 1687 1317 1687 1317 1688 1311 1688 1321 1688 1322 1689 1323 1689 901 1689 901 1690 1323 1690 902 1690 1324 1691 1325 1691 1326 1691 1326 1692 1325 1692 1327 1692 1326 1693 1327 1693 1328 1693 1328 1694 1327 1694 1329 1694 1328 1695 1329 1695 1330 1695 1330 1696 1329 1696 1331 1696 1330 1697 1331 1697 1332 1697 1332 1698 1331 1698 1333 1698 1332 1699 1333 1699 1334 1699 1334 1700 1333 1700 1335 1700 1334 1701 1335 1701 1336 1701 1336 1702 1335 1702 1337 1702 1336 1703 1337 1703 1322 1703 1322 1704 1337 1704 1323 1704 913 1705 914 1705 1324 1705 1324 1706 914 1706 1325 1706 913 1707 1338 1707 911 1707 911 1708 1338 1708 1339 1708 911 1709 1339 1709 909 1709 909 1710 1339 1710 1340 1710 909 1711 1340 1711 907 1711 907 1712 1340 1712 1341 1712 907 1713 1341 1713 905 1713 905 1714 1341 1714 1342 1714 905 1715 1342 1715 903 1715 903 1716 1342 1716 1343 1716 903 1717 1343 1717 901 1717 901 1718 1343 1718 1344 1718 1338 1719 1345 1719 1346 1719 1343 1720 1342 1720 1344 1720 1344 1721 1342 1721 1341 1721 1340 1722 1339 1722 1341 1722 1341 1723 1339 1723 1338 1723 1346 1724 1347 1724 1338 1724 1338 1725 1347 1725 1348 1725 1338 1726 1348 1726 1341 1726 1341 1727 1348 1727 1349 1727 1341 1728 1349 1728 1344 1728 1344 1729 1349 1729 1350 1729 1344 1730 1350 1730 1351 1730 1352 1731 1353 1731 915 1731 915 1732 1353 1732 916 1732 1354 1733 1355 1733 1356 1733 1356 1734 1355 1734 1357 1734 1356 1735 1357 1735 1358 1735 1358 1736 1357 1736 1359 1736 1358 1737 1359 1737 1360 1737 1360 1738 1359 1738 1361 1738 1360 1739 1361 1739 1362 1739 1362 1740 1361 1740 1363 1740 1362 1741 1363 1741 1364 1741 1364 1742 1363 1742 1365 1742 1364 1743 1365 1743 1366 1743 1366 1744 1365 1744 1367 1744 1366 1745 1367 1745 1352 1745 1352 1746 1367 1746 1353 1746 927 1747 928 1747 1354 1747 1354 1748 928 1748 1355 1748 927 1749 1368 1749 925 1749 925 1750 1368 1750 1369 1750 925 1751 1369 1751 923 1751 923 1752 1369 1752 1370 1752 923 1753 1370 1753 921 1753 921 1754 1370 1754 1371 1754 921 1755 1371 1755 919 1755 919 1756 1371 1756 1372 1756 919 1757 1372 1757 917 1757 917 1758 1372 1758 1373 1758 917 1759 1373 1759 915 1759 915 1760 1373 1760 1374 1760 1375 1761 1376 1761 1374 1761 1377 1762 1368 1762 1378 1762 1378 1763 1368 1763 1379 1763 1375 1764 1374 1764 1380 1764 1377 1765 1381 1765 1368 1765 1368 1766 1381 1766 1371 1766 1368 1767 1371 1767 1369 1767 1369 1768 1371 1768 1370 1768 1373 1769 1372 1769 1374 1769 1374 1770 1372 1770 1371 1770 1374 1771 1371 1771 1380 1771 1380 1772 1371 1772 1381 1772 1382 1773 1383 1773 929 1773 929 1774 1383 1774 930 1774 1384 1775 1385 1775 1386 1775 1386 1776 1385 1776 1387 1776 1386 1777 1387 1777 1388 1777 1388 1778 1387 1778 1389 1778 1388 1779 1389 1779 1390 1779 1390 1780 1389 1780 1391 1780 1390 1781 1391 1781 1392 1781 1392 1782 1391 1782 1393 1782 1392 1783 1393 1783 1394 1783 1394 1784 1393 1784 1395 1784 1394 1785 1395 1785 1396 1785 1396 1786 1395 1786 1397 1786 1396 1787 1397 1787 1382 1787 1382 1788 1397 1788 1383 1788 941 1789 942 1789 1384 1789 1384 1790 942 1790 1385 1790 941 1791 1398 1791 939 1791 939 1792 1398 1792 1399 1792 939 1793 1399 1793 937 1793 937 1794 1399 1794 1400 1794 937 1795 1400 1795 935 1795 935 1796 1400 1796 1401 1796 935 1797 1401 1797 933 1797 933 1798 1401 1798 1402 1798 933 1799 1402 1799 931 1799 931 1800 1402 1800 1403 1800 931 1801 1403 1801 929 1801 929 1802 1403 1802 1404 1802 1405 1803 1406 1803 1404 1803 1407 1804 1398 1804 1408 1804 1408 1805 1398 1805 1409 1805 1405 1806 1404 1806 1410 1806 1407 1807 1411 1807 1398 1807 1398 1808 1411 1808 1401 1808 1398 1809 1401 1809 1399 1809 1399 1810 1401 1810 1400 1810 1403 1811 1402 1811 1404 1811 1404 1812 1402 1812 1401 1812 1404 1813 1401 1813 1410 1813 1410 1814 1401 1814 1411 1814 1412 1815 1413 1815 943 1815 943 1816 1413 1816 944 1816 1414 1817 1415 1817 1416 1817 1416 1818 1415 1818 1417 1818 1416 1819 1417 1819 1418 1819 1418 1820 1417 1820 1419 1820 1418 1821 1419 1821 1420 1821 1420 1822 1419 1822 1421 1822 1420 1823 1421 1823 1422 1823 1422 1824 1421 1824 1423 1824 1422 1825 1423 1825 1424 1825 1424 1826 1423 1826 1425 1826 1424 1827 1425 1827 1426 1827 1426 1828 1425 1828 1427 1828 1426 1829 1427 1829 1412 1829 1412 1830 1427 1830 1413 1830 955 1831 956 1831 1414 1831 1414 1832 956 1832 1415 1832 955 1833 1428 1833 953 1833 953 1834 1428 1834 1429 1834 953 1835 1429 1835 951 1835 951 1836 1429 1836 1430 1836 951 1837 1430 1837 949 1837 949 1838 1430 1838 1431 1838 949 1839 1431 1839 947 1839 947 1840 1431 1840 1432 1840 947 1841 1432 1841 945 1841 945 1842 1432 1842 1433 1842 945 1843 1433 1843 943 1843 943 1844 1433 1844 1434 1844 1428 1845 1435 1845 1436 1845 1433 1846 1432 1846 1434 1846 1434 1847 1432 1847 1431 1847 1430 1848 1429 1848 1431 1848 1431 1849 1429 1849 1428 1849 1436 1850 1437 1850 1428 1850 1428 1851 1437 1851 1438 1851 1428 1852 1438 1852 1431 1852 1431 1853 1438 1853 1439 1853 1431 1854 1439 1854 1434 1854 1434 1855 1439 1855 1440 1855 1434 1856 1440 1856 1441 1856 671 1857 1442 1857 670 1857 670 1858 1442 1858 1443 1858 670 1859 1443 1859 669 1859 669 1860 1443 1860 1444 1860 669 1861 1444 1861 668 1861 668 1862 1444 1862 1445 1862 668 1863 1445 1863 666 1863 666 1864 1445 1864 1446 1864 666 1865 1446 1865 665 1865 665 1866 1446 1866 1447 1866 665 1867 1447 1867 664 1867 664 1868 1447 1868 1448 1868 671 1869 685 1869 1442 1869 1442 1870 685 1870 1449 1870 1450 1871 1449 1871 685 1871 685 1872 709 1872 1450 1872 1450 1873 709 1873 710 1873 1450 1874 710 1874 1451 1874 1451 1875 710 1875 712 1875 1451 1876 712 1876 1452 1876 715 1877 717 1877 1453 1877 712 1878 713 1878 1452 1878 1452 1879 713 1879 715 1879 1452 1880 715 1880 1454 1880 1454 1881 715 1881 1453 1881 731 1882 1455 1882 1456 1882 1457 1883 1458 1883 1459 1883 731 1884 1456 1884 732 1884 1460 1885 1461 1885 1455 1885 1455 1886 1461 1886 1462 1886 1455 1887 1462 1887 1456 1887 1463 1888 1464 1888 1460 1888 1460 1889 1464 1889 1465 1889 1460 1890 1465 1890 1461 1890 1466 1891 1467 1891 1468 1891 1468 1892 1467 1892 1469 1892 1468 1893 1469 1893 1470 1893 1470 1894 1469 1894 423 1894 1470 1895 423 1895 421 1895 731 1896 730 1896 1455 1896 1455 1897 730 1897 1471 1897 1455 1898 1471 1898 1460 1898 1460 1899 1471 1899 1472 1899 1460 1900 1472 1900 1463 1900 1463 1901 1472 1901 1457 1901 1473 1902 1458 1902 1474 1902 1474 1903 1458 1903 1457 1903 1474 1904 1457 1904 1475 1904 1475 1905 1457 1905 1472 1905 1475 1906 1472 1906 1476 1906 1476 1907 1472 1907 1471 1907 1476 1908 1471 1908 729 1908 729 1909 1471 1909 730 1909 1468 1910 1477 1910 1466 1910 1466 1911 1477 1911 1473 1911 1466 1912 1473 1912 1478 1912 1478 1913 1473 1913 1474 1913 1478 1914 1474 1914 1479 1914 1479 1915 1474 1915 1475 1915 1479 1916 1475 1916 1480 1916 1480 1917 1475 1917 1476 1917 1480 1918 1476 1918 728 1918 728 1919 1476 1919 729 1919 1453 1920 717 1920 732 1920 1065 1921 1063 1921 1481 1921 1482 1922 1483 1922 1484 1922 1484 1923 1483 1923 1485 1923 1484 1924 1485 1924 602 1924 950 1925 948 1925 691 1925 691 1926 673 1926 950 1926 950 1927 673 1927 672 1927 950 1928 672 1928 952 1928 952 1929 672 1929 677 1929 952 1930 677 1930 954 1930 1427 1931 1425 1931 1486 1931 1486 1932 1425 1932 1423 1932 1486 1933 1423 1933 1484 1933 1484 1934 1423 1934 1421 1934 677 1935 679 1935 954 1935 954 1936 679 1936 681 1936 954 1937 681 1937 956 1937 956 1938 681 1938 958 1938 956 1939 958 1939 1415 1939 1415 1940 958 1940 1482 1940 1415 1941 1482 1941 1417 1941 1417 1942 1482 1942 1484 1942 1417 1943 1484 1943 1419 1943 1419 1944 1484 1944 1421 1944 948 1945 946 1945 691 1945 691 1946 946 1946 944 1946 691 1947 944 1947 1486 1947 1486 1948 944 1948 1413 1948 1486 1949 1413 1949 1427 1949 1393 1950 1391 1950 1487 1950 1487 1951 1391 1951 1389 1951 1487 1952 1389 1952 1387 1952 703 1953 938 1953 705 1953 705 1954 938 1954 936 1954 705 1955 936 1955 724 1955 724 1956 936 1956 934 1956 724 1957 934 1957 723 1957 1387 1958 1385 1958 1487 1958 1487 1959 1385 1959 942 1959 1487 1960 942 1960 703 1960 703 1961 942 1961 940 1961 703 1962 940 1962 938 1962 723 1963 934 1963 718 1963 718 1964 934 1964 932 1964 718 1965 932 1965 719 1965 719 1966 932 1966 930 1966 719 1967 930 1967 728 1967 1395 1968 1469 1968 1397 1968 1397 1969 1469 1969 1467 1969 1397 1970 1467 1970 1383 1970 1383 1971 1467 1971 1466 1971 1466 1972 1478 1972 1383 1972 1383 1973 1478 1973 1479 1973 1383 1974 1479 1974 930 1974 930 1975 1479 1975 1480 1975 930 1976 1480 1976 728 1976 422 1977 423 1977 1469 1977 1488 1978 1489 1978 436 1978 697 1979 838 1979 836 1979 1187 1980 1185 1980 1488 1980 1488 1981 1185 1981 1183 1981 1488 1982 1183 1982 1489 1982 1489 1983 1183 1983 1181 1983 1489 1984 1181 1984 1179 1984 836 1985 834 1985 697 1985 697 1986 834 1986 832 1986 697 1987 832 1987 1488 1987 1488 1988 832 1988 1173 1988 1488 1989 1173 1989 1187 1989 696 1990 1490 1990 1491 1990 844 1991 842 1991 1492 1991 838 1992 697 1992 840 1992 840 1993 697 1993 696 1993 840 1994 696 1994 842 1994 842 1995 696 1995 1491 1995 842 1996 1491 1996 1492 1996 1179 1997 1177 1997 1489 1997 1489 1998 1177 1998 1175 1998 1489 1999 1175 1999 1493 1999 1493 2000 1175 2000 844 2000 1493 2001 844 2001 1494 2001 1494 2002 844 2002 1492 2002 1123 2003 1121 2003 1495 2003 1495 2004 1121 2004 1119 2004 1495 2005 1119 2005 1117 2005 1127 2006 1125 2006 1147 2006 808 2007 824 2007 696 2007 696 2008 824 2008 822 2008 696 2009 822 2009 820 2009 808 2010 696 2010 810 2010 810 2011 696 2011 695 2011 810 2012 695 2012 812 2012 1157 2013 1155 2013 1496 2013 1117 2014 1115 2014 1495 2014 1495 2015 1115 2015 816 2015 1495 2016 816 2016 695 2016 695 2017 816 2017 814 2017 695 2018 814 2018 812 2018 1155 2019 1153 2019 1496 2019 1496 2020 1153 2020 1151 2020 1496 2021 1151 2021 1125 2021 1125 2022 1151 2022 1149 2022 1125 2023 1149 2023 1147 2023 1497 2024 820 2024 818 2024 1157 2025 1496 2025 1143 2025 1143 2026 1496 2026 1498 2026 1143 2027 1498 2027 818 2027 818 2028 1498 2028 1499 2028 818 2029 1499 2029 1497 2029 820 2030 1497 2030 696 2030 696 2031 1497 2031 1500 2031 696 2032 1500 2032 1490 2032 1127 2033 1147 2033 1113 2033 1113 2034 1147 2034 1145 2034 1113 2035 1145 2035 804 2035 804 2036 1145 2036 830 2036 804 2037 830 2037 806 2037 806 2038 830 2038 828 2038 806 2039 828 2039 808 2039 808 2040 828 2040 826 2040 808 2041 826 2041 824 2041 594 2042 593 2042 1496 2042 1486 2043 969 2043 967 2043 977 2044 975 2044 1501 2044 1501 2045 975 2045 973 2045 1501 2046 973 2046 1486 2046 1486 2047 973 2047 971 2047 1486 2048 971 2048 969 2048 691 2049 742 2049 690 2049 690 2050 742 2050 740 2050 690 2051 740 2051 738 2051 738 2052 736 2052 690 2052 690 2053 736 2053 734 2053 690 2054 734 2054 1501 2054 1501 2055 734 2055 963 2055 1501 2056 963 2056 977 2056 967 2057 965 2057 1486 2057 1486 2058 965 2058 746 2058 1486 2059 746 2059 691 2059 691 2060 746 2060 744 2060 691 2061 744 2061 742 2061 1501 2062 999 2062 997 2062 1007 2063 1005 2063 1502 2063 1502 2064 1005 2064 1003 2064 1502 2065 1003 2065 1501 2065 1501 2066 1003 2066 1001 2066 1501 2067 1001 2067 999 2067 752 2068 692 2068 754 2068 754 2069 692 2069 690 2069 754 2070 690 2070 756 2070 997 2071 995 2071 1501 2071 1501 2072 995 2072 760 2072 1501 2073 760 2073 690 2073 690 2074 760 2074 758 2074 690 2075 758 2075 756 2075 752 2076 750 2076 692 2076 692 2077 750 2077 748 2077 692 2078 748 2078 1502 2078 1502 2079 748 2079 993 2079 1502 2080 993 2080 1007 2080 692 2081 770 2081 693 2081 693 2082 770 2082 768 2082 693 2083 768 2083 766 2083 1502 2084 1029 2084 1027 2084 1037 2085 1035 2085 1503 2085 1503 2086 1035 2086 1033 2086 1503 2087 1033 2087 1502 2087 1502 2088 1033 2088 1031 2088 1502 2089 1031 2089 1029 2089 1027 2090 1025 2090 1502 2090 1502 2091 1025 2091 774 2091 1502 2092 774 2092 692 2092 692 2093 774 2093 772 2093 692 2094 772 2094 770 2094 766 2095 764 2095 693 2095 693 2096 764 2096 762 2096 693 2097 762 2097 1503 2097 1503 2098 762 2098 1023 2098 1503 2099 1023 2099 1037 2099 694 2100 780 2100 778 2100 693 2101 784 2101 694 2101 694 2102 784 2102 782 2102 694 2103 782 2103 780 2103 1503 2104 1059 2104 1057 2104 1481 2105 1063 2105 1503 2105 1503 2106 1063 2106 1061 2106 1503 2107 1061 2107 1059 2107 776 2108 1053 2108 1481 2108 1481 2109 1053 2109 1067 2109 1481 2110 1067 2110 1065 2110 1057 2111 1055 2111 1503 2111 1503 2112 1055 2112 788 2112 1503 2113 788 2113 693 2113 693 2114 788 2114 786 2114 693 2115 786 2115 784 2115 802 2116 800 2116 694 2116 1097 2117 1095 2117 1495 2117 1495 2118 1095 2118 1093 2118 1495 2119 1093 2119 1481 2119 1481 2120 1093 2120 1091 2120 1091 2121 1089 2121 1481 2121 1481 2122 1089 2122 1087 2122 1481 2123 1087 2123 1085 2123 778 2124 776 2124 694 2124 694 2125 776 2125 1481 2125 694 2126 1481 2126 802 2126 802 2127 1481 2127 1085 2127 794 2128 695 2128 796 2128 796 2129 695 2129 694 2129 796 2130 694 2130 798 2130 798 2131 694 2131 800 2131 794 2132 792 2132 695 2132 695 2133 792 2133 790 2133 695 2134 790 2134 1495 2134 1495 2135 790 2135 1083 2135 1495 2136 1083 2136 1097 2136 1125 2137 1123 2137 1496 2137 1496 2138 1123 2138 1495 2138 1496 2139 1495 2139 594 2139 594 2140 1495 2140 1481 2140 594 2141 1481 2141 596 2141 596 2142 1481 2142 1503 2142 596 2143 1503 2143 597 2143 597 2144 1503 2144 1502 2144 597 2145 1502 2145 598 2145 598 2146 1502 2146 1501 2146 598 2147 1501 2147 599 2147 599 2148 1501 2148 1486 2148 599 2149 1486 2149 600 2149 600 2150 1486 2150 1484 2150 600 2151 1484 2151 601 2151 601 2152 1484 2152 602 2152 1209 2153 1207 2153 1488 2153 850 2154 698 2154 852 2154 852 2155 698 2155 697 2155 852 2156 697 2156 854 2156 1217 2157 1215 2157 1504 2157 1504 2158 1215 2158 1213 2158 1504 2159 1213 2159 1488 2159 1488 2160 1213 2160 1211 2160 1488 2161 1211 2161 1209 2161 1207 2162 1205 2162 1488 2162 1488 2163 1205 2163 858 2163 1488 2164 858 2164 697 2164 697 2165 858 2165 856 2165 697 2166 856 2166 854 2166 850 2167 848 2167 698 2167 698 2168 848 2168 846 2168 698 2169 846 2169 1504 2169 1504 2170 846 2170 1203 2170 1504 2171 1203 2171 1217 2171 1504 2172 1239 2172 1237 2172 698 2173 868 2173 699 2173 699 2174 868 2174 866 2174 699 2175 866 2175 864 2175 1247 2176 1245 2176 1505 2176 1505 2177 1245 2177 1243 2177 1505 2178 1243 2178 1504 2178 1504 2179 1243 2179 1241 2179 1504 2180 1241 2180 1239 2180 864 2181 862 2181 699 2181 699 2182 862 2182 860 2182 699 2183 860 2183 1505 2183 1505 2184 860 2184 1233 2184 1505 2185 1233 2185 1247 2185 1237 2186 1235 2186 1504 2186 1504 2187 1235 2187 872 2187 1504 2188 872 2188 698 2188 698 2189 872 2189 870 2189 698 2190 870 2190 868 2190 1505 2191 1269 2191 1267 2191 699 2192 882 2192 700 2192 700 2193 882 2193 880 2193 700 2194 880 2194 878 2194 1277 2195 1275 2195 1506 2195 1506 2196 1275 2196 1273 2196 1506 2197 1273 2197 1505 2197 1505 2198 1273 2198 1271 2198 1505 2199 1271 2199 1269 2199 1267 2200 1265 2200 1505 2200 1505 2201 1265 2201 886 2201 1505 2202 886 2202 699 2202 699 2203 886 2203 884 2203 699 2204 884 2204 882 2204 878 2205 876 2205 700 2205 700 2206 876 2206 874 2206 700 2207 874 2207 1506 2207 1506 2208 874 2208 1263 2208 1506 2209 1263 2209 1277 2209 1506 2210 1299 2210 1297 2210 892 2211 701 2211 894 2211 894 2212 701 2212 700 2212 894 2213 700 2213 896 2213 1307 2214 1305 2214 1507 2214 1507 2215 1305 2215 1303 2215 1507 2216 1303 2216 1506 2216 1506 2217 1303 2217 1301 2217 1506 2218 1301 2218 1299 2218 1297 2219 1295 2219 1506 2219 1506 2220 1295 2220 900 2220 1506 2221 900 2221 700 2221 700 2222 900 2222 898 2222 700 2223 898 2223 896 2223 892 2224 890 2224 701 2224 701 2225 890 2225 888 2225 701 2226 888 2226 1507 2226 1507 2227 888 2227 1293 2227 1507 2228 1293 2228 1307 2228 1329 2229 1327 2229 1507 2229 906 2230 702 2230 908 2230 908 2231 702 2231 701 2231 908 2232 701 2232 910 2232 1337 2233 1335 2233 1508 2233 1508 2234 1335 2234 1333 2234 1508 2235 1333 2235 1507 2235 1507 2236 1333 2236 1331 2236 1507 2237 1331 2237 1329 2237 1327 2238 1325 2238 1507 2238 1507 2239 1325 2239 914 2239 1507 2240 914 2240 701 2240 701 2241 914 2241 912 2241 701 2242 912 2242 910 2242 906 2243 904 2243 702 2243 702 2244 904 2244 902 2244 702 2245 902 2245 1508 2245 1508 2246 902 2246 1323 2246 1508 2247 1323 2247 1337 2247 1367 2248 1365 2248 1487 2248 1487 2249 1365 2249 1363 2249 1487 2250 1363 2250 1508 2250 1363 2251 1361 2251 1508 2251 1508 2252 1361 2252 1359 2252 1508 2253 1359 2253 1357 2253 920 2254 703 2254 922 2254 922 2255 703 2255 702 2255 922 2256 702 2256 924 2256 1357 2257 1355 2257 1508 2257 1508 2258 1355 2258 928 2258 1508 2259 928 2259 702 2259 702 2260 928 2260 926 2260 702 2261 926 2261 924 2261 920 2262 918 2262 703 2262 703 2263 918 2263 916 2263 703 2264 916 2264 1487 2264 1487 2265 916 2265 1353 2265 1487 2266 1353 2266 1367 2266 1395 2267 1393 2267 1469 2267 1469 2268 1393 2268 1487 2268 1469 2269 1487 2269 422 2269 422 2270 1487 2270 1508 2270 422 2271 1508 2271 427 2271 427 2272 1508 2272 1507 2272 427 2273 1507 2273 428 2273 428 2274 1507 2274 1506 2274 428 2275 1506 2275 430 2275 430 2276 1506 2276 1505 2276 430 2277 1505 2277 431 2277 431 2278 1505 2278 1504 2278 431 2279 1504 2279 434 2279 434 2280 1504 2280 1488 2280 434 2281 1488 2281 435 2281 435 2282 1488 2282 436 2282 1482 2283 958 2283 957 2283 603 2284 602 2284 1485 2284 1483 2285 1509 2285 1485 2285 1485 2286 1509 2286 1510 2286 1485 2287 1510 2287 603 2287 1511 2288 1512 2288 1513 2288 1513 2289 1512 2289 1514 2289 1513 2290 1514 2290 1483 2290 1483 2291 1514 2291 1515 2291 1483 2292 1515 2292 1509 2292 960 2293 961 2293 1516 2293 1517 2294 959 2294 1518 2294 1518 2295 959 2295 960 2295 1518 2296 960 2296 1519 2296 1519 2297 960 2297 1516 2297 1483 2298 1482 2298 1513 2298 1513 2299 1482 2299 957 2299 1513 2300 957 2300 1511 2300 1511 2301 957 2301 959 2301 1511 2302 959 2302 1520 2302 1520 2303 959 2303 1517 2303 1448 2304 961 2304 664 2304 609 2305 631 2305 629 2305 593 2306 595 2306 1496 2306 1496 2307 595 2307 1521 2307 1521 2308 611 2308 1496 2308 1496 2309 611 2309 609 2309 1496 2310 609 2310 1498 2310 1498 2311 609 2311 629 2311 1498 2312 629 2312 1499 2312 1499 2313 629 2313 627 2313 1499 2314 627 2314 1497 2314 1497 2315 627 2315 625 2315 1497 2316 625 2316 1500 2316 1500 2317 625 2317 623 2317 615 2318 1493 2318 617 2318 617 2319 1493 2319 1494 2319 617 2320 1494 2320 619 2320 619 2321 1494 2321 1492 2321 619 2322 1492 2322 621 2322 621 2323 1492 2323 1491 2323 621 2324 1491 2324 623 2324 623 2325 1491 2325 1490 2325 623 2326 1490 2326 1500 2326 985 2327 1522 2327 986 2327 986 2328 1522 2328 1523 2328 986 2329 1523 2329 987 2329 987 2330 1523 2330 1524 2330 987 2331 1524 2331 988 2331 988 2332 1524 2332 1525 2332 988 2333 1525 2333 989 2333 989 2334 1525 2334 1526 2334 989 2335 1526 2335 990 2335 990 2336 1526 2336 1527 2336 990 2337 1527 2337 991 2337 991 2338 1527 2338 1528 2338 733 2339 984 2339 991 2339 1528 2340 1529 2340 991 2340 991 2341 1529 2341 962 2341 991 2342 962 2342 733 2342 962 2343 1529 2343 976 2343 976 2344 1529 2344 1530 2344 976 2345 1530 2345 974 2345 974 2346 1530 2346 1531 2346 974 2347 1531 2347 972 2347 972 2348 1531 2348 1532 2348 972 2349 1532 2349 970 2349 970 2350 1532 2350 1533 2350 970 2351 1533 2351 968 2351 968 2352 1533 2352 1534 2352 968 2353 1534 2353 966 2353 966 2354 1534 2354 1535 2354 966 2355 1535 2355 964 2355 964 2356 1535 2356 1536 2356 978 2357 745 2357 985 2357 985 2358 745 2358 964 2358 985 2359 964 2359 1522 2359 1522 2360 964 2360 1536 2360 1015 2361 1537 2361 1016 2361 1016 2362 1537 2362 1538 2362 1016 2363 1538 2363 1017 2363 1017 2364 1538 2364 1539 2364 1017 2365 1539 2365 1021 2365 1021 2366 1539 2366 1540 2366 1021 2367 1540 2367 1020 2367 1020 2368 1540 2368 1541 2368 1020 2369 1541 2369 1019 2369 1019 2370 1541 2370 1542 2370 1019 2371 1542 2371 1018 2371 1018 2372 1542 2372 1543 2372 747 2373 1014 2373 1018 2373 1543 2374 1544 2374 1018 2374 1018 2375 1544 2375 992 2375 1018 2376 992 2376 747 2376 992 2377 1544 2377 1006 2377 1006 2378 1544 2378 1545 2378 1006 2379 1545 2379 1004 2379 1004 2380 1545 2380 1546 2380 1004 2381 1546 2381 1002 2381 1002 2382 1546 2382 1547 2382 1002 2383 1547 2383 1000 2383 1000 2384 1547 2384 1548 2384 1000 2385 1548 2385 998 2385 998 2386 1548 2386 1549 2386 998 2387 1549 2387 996 2387 996 2388 1549 2388 1550 2388 996 2389 1550 2389 994 2389 994 2390 1550 2390 1551 2390 1008 2391 759 2391 1015 2391 1015 2392 759 2392 994 2392 1015 2393 994 2393 1537 2393 1537 2394 994 2394 1551 2394 1050 2395 1552 2395 1049 2395 1049 2396 1552 2396 1553 2396 1049 2397 1553 2397 1048 2397 1048 2398 1553 2398 1554 2398 1048 2399 1554 2399 1051 2399 1051 2400 1554 2400 1555 2400 1051 2401 1555 2401 1047 2401 1047 2402 1555 2402 1556 2402 1047 2403 1556 2403 1045 2403 1045 2404 1556 2404 1557 2404 1045 2405 1557 2405 1046 2405 1046 2406 1557 2406 1558 2406 761 2407 1044 2407 1046 2407 1558 2408 1559 2408 1046 2408 1046 2409 1559 2409 1022 2409 1046 2410 1022 2410 761 2410 1022 2411 1559 2411 1036 2411 1036 2412 1559 2412 1560 2412 1036 2413 1560 2413 1034 2413 1034 2414 1560 2414 1561 2414 1034 2415 1561 2415 1032 2415 1032 2416 1561 2416 1562 2416 1032 2417 1562 2417 1030 2417 1030 2418 1562 2418 1563 2418 1030 2419 1563 2419 1028 2419 1028 2420 1563 2420 1564 2420 1028 2421 1564 2421 1026 2421 1026 2422 1564 2422 1565 2422 1026 2423 1565 2423 1024 2423 1024 2424 1565 2424 1566 2424 1038 2425 773 2425 1050 2425 1050 2426 773 2426 1024 2426 1050 2427 1024 2427 1552 2427 1552 2428 1024 2428 1566 2428 1078 2429 1567 2429 1079 2429 1079 2430 1567 2430 1568 2430 1079 2431 1568 2431 1080 2431 1080 2432 1568 2432 1569 2432 1080 2433 1569 2433 1081 2433 1081 2434 1569 2434 1570 2434 1081 2435 1570 2435 1077 2435 1077 2436 1570 2436 1571 2436 1077 2437 1571 2437 1075 2437 1075 2438 1571 2438 1572 2438 1075 2439 1572 2439 1076 2439 1076 2440 1572 2440 1573 2440 775 2441 1074 2441 1076 2441 1573 2442 1574 2442 1076 2442 1076 2443 1574 2443 1052 2443 1076 2444 1052 2444 775 2444 1052 2445 1574 2445 1066 2445 1066 2446 1574 2446 1575 2446 1066 2447 1575 2447 1064 2447 1064 2448 1575 2448 1576 2448 1064 2449 1576 2449 1062 2449 1062 2450 1576 2450 1577 2450 1062 2451 1577 2451 1060 2451 1060 2452 1577 2452 1578 2452 1060 2453 1578 2453 1058 2453 1058 2454 1578 2454 1579 2454 1058 2455 1579 2455 1056 2455 1056 2456 1579 2456 1580 2456 1056 2457 1580 2457 1054 2457 1054 2458 1580 2458 1581 2458 1068 2459 787 2459 1078 2459 1078 2460 787 2460 1054 2460 1078 2461 1054 2461 1567 2461 1567 2462 1054 2462 1581 2462 1105 2463 1582 2463 1106 2463 1106 2464 1582 2464 1583 2464 1106 2465 1583 2465 1107 2465 1107 2466 1583 2466 1584 2466 1107 2467 1584 2467 1111 2467 1111 2468 1584 2468 1585 2468 1111 2469 1585 2469 1110 2469 1110 2470 1585 2470 1586 2470 1110 2471 1586 2471 1109 2471 1109 2472 1586 2472 1587 2472 1109 2473 1587 2473 1108 2473 1108 2474 1587 2474 1588 2474 789 2475 1104 2475 1108 2475 1588 2476 1589 2476 1108 2476 1108 2477 1589 2477 1082 2477 1108 2478 1082 2478 789 2478 1082 2479 1589 2479 1096 2479 1096 2480 1589 2480 1590 2480 1096 2481 1590 2481 1094 2481 1094 2482 1590 2482 1591 2482 1094 2483 1591 2483 1092 2483 1092 2484 1591 2484 1592 2484 1092 2485 1592 2485 1090 2485 1090 2486 1592 2486 1593 2486 1090 2487 1593 2487 1088 2487 1088 2488 1593 2488 1594 2488 1088 2489 1594 2489 1086 2489 1086 2490 1594 2490 1595 2490 1086 2491 1595 2491 1084 2491 1084 2492 1595 2492 1596 2492 1098 2493 801 2493 1105 2493 1105 2494 801 2494 1084 2494 1105 2495 1084 2495 1582 2495 1582 2496 1084 2496 1596 2496 1140 2497 1597 2497 1139 2497 1139 2498 1597 2498 1598 2498 1139 2499 1598 2499 1138 2499 1138 2500 1598 2500 1599 2500 1138 2501 1599 2501 1141 2501 1141 2502 1599 2502 1600 2502 1141 2503 1600 2503 1137 2503 1137 2504 1600 2504 1601 2504 1137 2505 1601 2505 1135 2505 1135 2506 1601 2506 1602 2506 1135 2507 1602 2507 1136 2507 1136 2508 1602 2508 1603 2508 803 2509 1134 2509 1136 2509 1603 2510 1604 2510 1136 2510 1136 2511 1604 2511 1112 2511 1136 2512 1112 2512 803 2512 1112 2513 1604 2513 1126 2513 1126 2514 1604 2514 1605 2514 1126 2515 1605 2515 1124 2515 1124 2516 1605 2516 1606 2516 1124 2517 1606 2517 1122 2517 1122 2518 1606 2518 1607 2518 1122 2519 1607 2519 1120 2519 1120 2520 1607 2520 1608 2520 1120 2521 1608 2521 1118 2521 1118 2522 1608 2522 1609 2522 1118 2523 1609 2523 1116 2523 1116 2524 1609 2524 1610 2524 1116 2525 1610 2525 1114 2525 1114 2526 1610 2526 1611 2526 1128 2527 815 2527 1140 2527 1140 2528 815 2528 1114 2528 1140 2529 1114 2529 1597 2529 1597 2530 1114 2530 1611 2530 1165 2531 1612 2531 1166 2531 1166 2532 1612 2532 1613 2532 1166 2533 1613 2533 1167 2533 1167 2534 1613 2534 1614 2534 1167 2535 1614 2535 1171 2535 1171 2536 1614 2536 1615 2536 1171 2537 1615 2537 1170 2537 1170 2538 1615 2538 1616 2538 1170 2539 1616 2539 1169 2539 1169 2540 1616 2540 1617 2540 1169 2541 1617 2541 1168 2541 1168 2542 1617 2542 1618 2542 817 2543 1164 2543 1168 2543 1618 2544 1619 2544 1168 2544 1168 2545 1619 2545 1142 2545 1168 2546 1142 2546 817 2546 1142 2547 1619 2547 1156 2547 1156 2548 1619 2548 1620 2548 1156 2549 1620 2549 1154 2549 1154 2550 1620 2550 1621 2550 1154 2551 1621 2551 1152 2551 1152 2552 1621 2552 1622 2552 1152 2553 1622 2553 1150 2553 1150 2554 1622 2554 1623 2554 1150 2555 1623 2555 1148 2555 1148 2556 1623 2556 1624 2556 1148 2557 1624 2557 1146 2557 1146 2558 1624 2558 1625 2558 1146 2559 1625 2559 1144 2559 1144 2560 1625 2560 1626 2560 1158 2561 829 2561 1165 2561 1165 2562 829 2562 1144 2562 1165 2563 1144 2563 1612 2563 1612 2564 1144 2564 1626 2564 1200 2565 1627 2565 1199 2565 1199 2566 1627 2566 1628 2566 1199 2567 1628 2567 1198 2567 1198 2568 1628 2568 1629 2568 1198 2569 1629 2569 1201 2569 1201 2570 1629 2570 1630 2570 1201 2571 1630 2571 1197 2571 1197 2572 1630 2572 1631 2572 1197 2573 1631 2573 1195 2573 1195 2574 1631 2574 1632 2574 1195 2575 1632 2575 1196 2575 1196 2576 1632 2576 1633 2576 831 2577 1194 2577 1196 2577 1633 2578 1634 2578 1196 2578 1196 2579 1634 2579 1172 2579 1196 2580 1172 2580 831 2580 1172 2581 1634 2581 1186 2581 1186 2582 1634 2582 1635 2582 1186 2583 1635 2583 1184 2583 1184 2584 1635 2584 1636 2584 1184 2585 1636 2585 1182 2585 1182 2586 1636 2586 1637 2586 1182 2587 1637 2587 1180 2587 1180 2588 1637 2588 1638 2588 1180 2589 1638 2589 1178 2589 1178 2590 1638 2590 1639 2590 1178 2591 1639 2591 1176 2591 1176 2592 1639 2592 1640 2592 1176 2593 1640 2593 1174 2593 1174 2594 1640 2594 1641 2594 1188 2595 843 2595 1200 2595 1200 2596 843 2596 1174 2596 1200 2597 1174 2597 1627 2597 1627 2598 1174 2598 1641 2598 1225 2599 1642 2599 1226 2599 1226 2600 1642 2600 1643 2600 1226 2601 1643 2601 1227 2601 1227 2602 1643 2602 1644 2602 1227 2603 1644 2603 1231 2603 1231 2604 1644 2604 1645 2604 1231 2605 1645 2605 1230 2605 1230 2606 1645 2606 1646 2606 1230 2607 1646 2607 1229 2607 1229 2608 1646 2608 1647 2608 1229 2609 1647 2609 1228 2609 1228 2610 1647 2610 1648 2610 845 2611 1224 2611 1228 2611 1648 2612 1649 2612 1228 2612 1228 2613 1649 2613 1202 2613 1228 2614 1202 2614 845 2614 1202 2615 1649 2615 1216 2615 1216 2616 1649 2616 1650 2616 1216 2617 1650 2617 1214 2617 1214 2618 1650 2618 1651 2618 1214 2619 1651 2619 1212 2619 1212 2620 1651 2620 1652 2620 1212 2621 1652 2621 1210 2621 1210 2622 1652 2622 1653 2622 1210 2623 1653 2623 1208 2623 1208 2624 1653 2624 1654 2624 1208 2625 1654 2625 1206 2625 1206 2626 1654 2626 1655 2626 1206 2627 1655 2627 1204 2627 1204 2628 1655 2628 1656 2628 1218 2629 857 2629 1225 2629 1225 2630 857 2630 1204 2630 1225 2631 1204 2631 1642 2631 1642 2632 1204 2632 1656 2632 1260 2633 1657 2633 1259 2633 1259 2634 1657 2634 1658 2634 1259 2635 1658 2635 1258 2635 1258 2636 1658 2636 1659 2636 1258 2637 1659 2637 1261 2637 1261 2638 1659 2638 1660 2638 1261 2639 1660 2639 1257 2639 1257 2640 1660 2640 1661 2640 1257 2641 1661 2641 1255 2641 1255 2642 1661 2642 1662 2642 1255 2643 1662 2643 1256 2643 1256 2644 1662 2644 1663 2644 859 2645 1254 2645 1256 2645 1663 2646 1664 2646 1256 2646 1256 2647 1664 2647 1232 2647 1256 2648 1232 2648 859 2648 1232 2649 1664 2649 1246 2649 1246 2650 1664 2650 1665 2650 1246 2651 1665 2651 1244 2651 1244 2652 1665 2652 1666 2652 1244 2653 1666 2653 1242 2653 1242 2654 1666 2654 1667 2654 1242 2655 1667 2655 1240 2655 1240 2656 1667 2656 1668 2656 1240 2657 1668 2657 1238 2657 1238 2658 1668 2658 1669 2658 1238 2659 1669 2659 1236 2659 1236 2660 1669 2660 1670 2660 1236 2661 1670 2661 1234 2661 1234 2662 1670 2662 1671 2662 1248 2663 871 2663 1260 2663 1260 2664 871 2664 1234 2664 1260 2665 1234 2665 1657 2665 1657 2666 1234 2666 1671 2666 1288 2667 1672 2667 1289 2667 1289 2668 1672 2668 1673 2668 1289 2669 1673 2669 1290 2669 1290 2670 1673 2670 1674 2670 1290 2671 1674 2671 1291 2671 1291 2672 1674 2672 1675 2672 1291 2673 1675 2673 1287 2673 1287 2674 1675 2674 1676 2674 1287 2675 1676 2675 1285 2675 1285 2676 1676 2676 1677 2676 1285 2677 1677 2677 1286 2677 1286 2678 1677 2678 1678 2678 873 2679 1284 2679 1286 2679 1678 2680 1679 2680 1286 2680 1286 2681 1679 2681 1262 2681 1286 2682 1262 2682 873 2682 1262 2683 1679 2683 1276 2683 1276 2684 1679 2684 1680 2684 1276 2685 1680 2685 1274 2685 1274 2686 1680 2686 1681 2686 1274 2687 1681 2687 1272 2687 1272 2688 1681 2688 1682 2688 1272 2689 1682 2689 1270 2689 1270 2690 1682 2690 1683 2690 1270 2691 1683 2691 1268 2691 1268 2692 1683 2692 1684 2692 1268 2693 1684 2693 1266 2693 1266 2694 1684 2694 1685 2694 1266 2695 1685 2695 1264 2695 1264 2696 1685 2696 1686 2696 1278 2697 885 2697 1288 2697 1288 2698 885 2698 1264 2698 1288 2699 1264 2699 1672 2699 1672 2700 1264 2700 1686 2700 1318 2701 1687 2701 1319 2701 1319 2702 1687 2702 1688 2702 1319 2703 1688 2703 1320 2703 1320 2704 1688 2704 1689 2704 1320 2705 1689 2705 1321 2705 1321 2706 1689 2706 1690 2706 1321 2707 1690 2707 1317 2707 1317 2708 1690 2708 1691 2708 1317 2709 1691 2709 1315 2709 1315 2710 1691 2710 1692 2710 1315 2711 1692 2711 1316 2711 1316 2712 1692 2712 1693 2712 887 2713 1314 2713 1316 2713 1693 2714 1694 2714 1316 2714 1316 2715 1694 2715 1292 2715 1316 2716 1292 2716 887 2716 1292 2717 1694 2717 1306 2717 1306 2718 1694 2718 1695 2718 1306 2719 1695 2719 1304 2719 1304 2720 1695 2720 1696 2720 1304 2721 1696 2721 1302 2721 1302 2722 1696 2722 1697 2722 1302 2723 1697 2723 1300 2723 1300 2724 1697 2724 1698 2724 1300 2725 1698 2725 1298 2725 1298 2726 1698 2726 1699 2726 1298 2727 1699 2727 1296 2727 1296 2728 1699 2728 1700 2728 1296 2729 1700 2729 1294 2729 1294 2730 1700 2730 1701 2730 1308 2731 899 2731 1318 2731 1318 2732 899 2732 1294 2732 1318 2733 1294 2733 1687 2733 1687 2734 1294 2734 1701 2734 1345 2735 1702 2735 1346 2735 1346 2736 1702 2736 1703 2736 1346 2737 1703 2737 1347 2737 1347 2738 1703 2738 1704 2738 1347 2739 1704 2739 1348 2739 1348 2740 1704 2740 1705 2740 1348 2741 1705 2741 1349 2741 1349 2742 1705 2742 1706 2742 1349 2743 1706 2743 1350 2743 1350 2744 1706 2744 1707 2744 1350 2745 1707 2745 1351 2745 1351 2746 1707 2746 1708 2746 901 2747 1344 2747 1351 2747 1708 2748 1709 2748 1351 2748 1351 2749 1709 2749 1322 2749 1351 2750 1322 2750 901 2750 1322 2751 1709 2751 1336 2751 1336 2752 1709 2752 1710 2752 1336 2753 1710 2753 1334 2753 1334 2754 1710 2754 1711 2754 1334 2755 1711 2755 1332 2755 1332 2756 1711 2756 1712 2756 1332 2757 1712 2757 1330 2757 1330 2758 1712 2758 1713 2758 1330 2759 1713 2759 1328 2759 1328 2760 1713 2760 1714 2760 1328 2761 1714 2761 1326 2761 1326 2762 1714 2762 1715 2762 1326 2763 1715 2763 1324 2763 1324 2764 1715 2764 1716 2764 1338 2765 913 2765 1345 2765 1345 2766 913 2766 1324 2766 1345 2767 1324 2767 1702 2767 1702 2768 1324 2768 1716 2768 1379 2769 1717 2769 1378 2769 1378 2770 1717 2770 1718 2770 1378 2771 1718 2771 1377 2771 1377 2772 1718 2772 1719 2772 1377 2773 1719 2773 1381 2773 1381 2774 1719 2774 1720 2774 1381 2775 1720 2775 1380 2775 1380 2776 1720 2776 1721 2776 1380 2777 1721 2777 1375 2777 1375 2778 1721 2778 1722 2778 1375 2779 1722 2779 1376 2779 1376 2780 1722 2780 1723 2780 915 2781 1374 2781 1376 2781 1723 2782 1724 2782 1376 2782 1376 2783 1724 2783 1352 2783 1376 2784 1352 2784 915 2784 1352 2785 1724 2785 1366 2785 1366 2786 1724 2786 1725 2786 1366 2787 1725 2787 1364 2787 1364 2788 1725 2788 1726 2788 1364 2789 1726 2789 1362 2789 1362 2790 1726 2790 1727 2790 1362 2791 1727 2791 1360 2791 1360 2792 1727 2792 1728 2792 1360 2793 1728 2793 1358 2793 1358 2794 1728 2794 1729 2794 1358 2795 1729 2795 1356 2795 1356 2796 1729 2796 1730 2796 1356 2797 1730 2797 1354 2797 1354 2798 1730 2798 1731 2798 1368 2799 927 2799 1379 2799 1379 2800 927 2800 1354 2800 1379 2801 1354 2801 1717 2801 1717 2802 1354 2802 1731 2802 1409 2803 1732 2803 1408 2803 1408 2804 1732 2804 1733 2804 1408 2805 1733 2805 1407 2805 1407 2806 1733 2806 1734 2806 1407 2807 1734 2807 1411 2807 1411 2808 1734 2808 1735 2808 1411 2809 1735 2809 1410 2809 1410 2810 1735 2810 1736 2810 1410 2811 1736 2811 1405 2811 1405 2812 1736 2812 1737 2812 1405 2813 1737 2813 1406 2813 1406 2814 1737 2814 1738 2814 929 2815 1404 2815 1406 2815 1738 2816 1739 2816 1406 2816 1406 2817 1739 2817 1382 2817 1406 2818 1382 2818 929 2818 1382 2819 1739 2819 1396 2819 1396 2820 1739 2820 1740 2820 1396 2821 1740 2821 1394 2821 1394 2822 1740 2822 1741 2822 1394 2823 1741 2823 1392 2823 1392 2824 1741 2824 1742 2824 1392 2825 1742 2825 1390 2825 1390 2826 1742 2826 1743 2826 1390 2827 1743 2827 1388 2827 1388 2828 1743 2828 1744 2828 1388 2829 1744 2829 1386 2829 1386 2830 1744 2830 1745 2830 1386 2831 1745 2831 1384 2831 1384 2832 1745 2832 1746 2832 1398 2833 941 2833 1409 2833 1409 2834 941 2834 1384 2834 1409 2835 1384 2835 1732 2835 1732 2836 1384 2836 1746 2836 1435 2837 1747 2837 1436 2837 1436 2838 1747 2838 1748 2838 1436 2839 1748 2839 1437 2839 1437 2840 1748 2840 1749 2840 1437 2841 1749 2841 1438 2841 1438 2842 1749 2842 1750 2842 1438 2843 1750 2843 1439 2843 1439 2844 1750 2844 1751 2844 1439 2845 1751 2845 1440 2845 1440 2846 1751 2846 1752 2846 1440 2847 1752 2847 1441 2847 1441 2848 1752 2848 1753 2848 943 2849 1434 2849 1441 2849 1753 2850 1754 2850 1441 2850 1441 2851 1754 2851 1412 2851 1441 2852 1412 2852 943 2852 1412 2853 1754 2853 1426 2853 1426 2854 1754 2854 1755 2854 1426 2855 1755 2855 1424 2855 1424 2856 1755 2856 1756 2856 1424 2857 1756 2857 1422 2857 1422 2858 1756 2858 1757 2858 1422 2859 1757 2859 1420 2859 1420 2860 1757 2860 1758 2860 1420 2861 1758 2861 1418 2861 1418 2862 1758 2862 1759 2862 1418 2863 1759 2863 1416 2863 1416 2864 1759 2864 1760 2864 1416 2865 1760 2865 1414 2865 1414 2866 1760 2866 1761 2866 1428 2867 955 2867 1435 2867 1435 2868 955 2868 1414 2868 1435 2869 1414 2869 1747 2869 1747 2870 1414 2870 1761 2870 1762 2871 1763 2871 1764 2871 1762 2872 1764 2872 1765 2872 1765 2873 1764 2873 1766 2873 1765 2874 1766 2874 1767 2874 1768 2875 1769 2875 1762 2875 1762 2876 1769 2876 1770 2876 1762 2877 1770 2877 1763 2877 1771 2878 1772 2878 1773 2878 1773 2879 1772 2879 1774 2879 1773 2880 1774 2880 1768 2880 1768 2881 1774 2881 1775 2881 1768 2882 1775 2882 1769 2882 1771 2883 1773 2883 1776 2883 1776 2884 1773 2884 1777 2884 1776 2885 1777 2885 1778 2885 1778 2886 1777 2886 1779 2886 1778 2887 1779 2887 1780 2887 1780 2888 1779 2888 1781 2888 1781 2889 1779 2889 1782 2889 1781 2890 1782 2890 1783 2890 1784 2891 1785 2891 1782 2891 1786 2892 1765 2892 1787 2892 1787 2893 1765 2893 1788 2893 1786 2894 1789 2894 1765 2894 1765 2895 1789 2895 1790 2895 1765 2896 1790 2896 1782 2896 1782 2897 1790 2897 1791 2897 1782 2898 1791 2898 1784 2898 1782 2899 1779 2899 1777 2899 1762 2900 1765 2900 1768 2900 1768 2901 1765 2901 1782 2901 1768 2902 1782 2902 1773 2902 1773 2903 1782 2903 1777 2903 1792 2904 1793 2904 1794 2904 1792 2905 1794 2905 1795 2905 1795 2906 1794 2906 1796 2906 1795 2907 1796 2907 1797 2907 1798 2908 1799 2908 1792 2908 1792 2909 1799 2909 1800 2909 1792 2910 1800 2910 1793 2910 1801 2911 1802 2911 1803 2911 1803 2912 1802 2912 1804 2912 1803 2913 1804 2913 1798 2913 1798 2914 1804 2914 1805 2914 1798 2915 1805 2915 1799 2915 1801 2916 1803 2916 1806 2916 1806 2917 1803 2917 1807 2917 1806 2918 1807 2918 1808 2918 1808 2919 1807 2919 1809 2919 1808 2920 1809 2920 1810 2920 1810 2921 1809 2921 1811 2921 1811 2922 1809 2922 1812 2922 1811 2923 1812 2923 1813 2923 1814 2924 1812 2924 1815 2924 1815 2925 1812 2925 1816 2925 1798 2926 1792 2926 1795 2926 1795 2927 1817 2927 1818 2927 1818 2928 1819 2928 1795 2928 1795 2929 1819 2929 1820 2929 1795 2930 1820 2930 1821 2930 1809 2931 1807 2931 1803 2931 1803 2932 1798 2932 1809 2932 1809 2933 1798 2933 1795 2933 1809 2934 1795 2934 1812 2934 1812 2935 1795 2935 1821 2935 1812 2936 1821 2936 1816 2936 604 2937 606 2937 1822 2937 615 2938 613 2938 1493 2938 1493 2939 613 2939 604 2939 1493 2940 604 2940 1489 2940 1489 2941 604 2941 1822 2941 1489 2942 1822 2942 436 2942 436 2943 1822 2943 429 2943 1823 2944 1824 2944 1825 2944 1823 2945 1825 2945 1826 2945 1826 2946 1825 2946 1827 2946 1826 2947 1827 2947 1828 2947 1829 2948 1830 2948 1823 2948 1823 2949 1830 2949 1831 2949 1823 2950 1831 2950 1824 2950 1832 2951 1833 2951 1834 2951 1834 2952 1833 2952 1835 2952 1834 2953 1835 2953 1829 2953 1829 2954 1835 2954 1836 2954 1829 2955 1836 2955 1830 2955 1832 2956 1834 2956 1837 2956 1837 2957 1834 2957 1838 2957 1837 2958 1838 2958 1839 2958 1839 2959 1838 2959 1840 2959 1839 2960 1840 2960 1841 2960 1841 2961 1840 2961 1842 2961 1842 2962 1840 2962 1843 2962 1842 2963 1843 2963 1844 2963 1845 2964 1846 2964 1843 2964 1843 2965 1846 2965 1847 2965 1843 2966 1847 2966 1848 2966 1826 2967 1849 2967 1850 2967 1850 2968 1851 2968 1826 2968 1826 2969 1851 2969 1852 2969 1826 2970 1852 2970 1845 2970 1845 2971 1843 2971 1826 2971 1826 2972 1843 2972 1840 2972 1826 2973 1840 2973 1838 2973 1838 2974 1834 2974 1826 2974 1826 2975 1834 2975 1829 2975 1826 2976 1829 2976 1823 2976 1853 2977 1854 2977 1855 2977 1856 2978 1857 2978 1858 2978 1858 2979 1857 2979 1859 2979 1856 2980 1860 2980 1857 2980 1857 2981 1860 2981 1861 2981 1857 2982 1861 2982 1855 2982 1855 2983 1861 2983 1862 2983 1855 2984 1862 2984 1853 2984 1863 2985 1864 2985 1865 2985 1855 2986 1866 2986 1857 2986 1857 2987 1866 2987 1863 2987 1857 2988 1863 2988 1867 2988 1867 2989 1863 2989 1865 2989 1867 2990 1868 2990 1869 2990 1867 2991 1869 2991 1857 2991 1857 2992 1869 2992 1870 2992 1857 2993 1870 2993 1871 2993 1865 2994 1872 2994 1867 2994 1867 2995 1872 2995 1873 2995 1867 2996 1873 2996 1868 2996 1874 2997 1875 2997 1864 2997 1864 2998 1875 2998 1876 2998 1864 2999 1876 2999 1865 2999 1865 3000 1876 3000 1877 3000 1865 3001 1877 3001 1872 3001 1874 3002 1864 3002 1878 3002 1878 3003 1864 3003 1863 3003 1878 3004 1863 3004 1879 3004 1879 3005 1863 3005 1866 3005 1879 3006 1866 3006 1880 3006 1880 3007 1866 3007 1881 3007 1881 3008 1866 3008 1855 3008 1881 3009 1855 3009 1882 3009 1883 3010 1884 3010 1885 3010 1886 3011 1887 3011 1888 3011 1888 3012 1887 3012 1889 3012 1886 3013 1890 3013 1887 3013 1887 3014 1890 3014 1891 3014 1887 3015 1891 3015 1885 3015 1885 3016 1891 3016 1892 3016 1885 3017 1892 3017 1883 3017 1893 3018 1894 3018 1895 3018 1885 3019 1896 3019 1887 3019 1887 3020 1896 3020 1893 3020 1887 3021 1893 3021 1897 3021 1897 3022 1893 3022 1895 3022 1897 3023 1898 3023 1899 3023 1897 3024 1899 3024 1887 3024 1887 3025 1899 3025 1900 3025 1887 3026 1900 3026 1901 3026 1895 3027 1902 3027 1897 3027 1897 3028 1902 3028 1903 3028 1897 3029 1903 3029 1898 3029 1904 3030 1905 3030 1894 3030 1894 3031 1905 3031 1906 3031 1894 3032 1906 3032 1895 3032 1895 3033 1906 3033 1907 3033 1895 3034 1907 3034 1902 3034 1904 3035 1894 3035 1908 3035 1908 3036 1894 3036 1893 3036 1908 3037 1893 3037 1909 3037 1909 3038 1893 3038 1896 3038 1909 3039 1896 3039 1910 3039 1910 3040 1896 3040 1911 3040 1911 3041 1896 3041 1885 3041 1911 3042 1885 3042 1912 3042 1913 3043 1914 3043 1915 3043 1916 3044 1917 3044 1918 3044 1918 3045 1917 3045 1919 3045 1920 3046 1921 3046 1913 3046 1915 3047 1922 3047 1913 3047 1913 3048 1922 3048 1923 3048 1913 3049 1923 3049 1924 3049 1925 3050 1926 3050 1927 3050 1927 3051 1920 3051 1925 3051 1925 3052 1920 3052 1913 3052 1925 3053 1913 3053 1917 3053 1917 3054 1913 3054 1924 3054 1917 3055 1924 3055 1919 3055 1921 3056 1928 3056 1929 3056 1921 3057 1929 3057 1913 3057 1913 3058 1929 3058 1930 3058 1913 3059 1930 3059 1931 3059 1920 3060 1932 3060 1921 3060 1921 3061 1932 3061 1933 3061 1921 3062 1933 3062 1928 3062 1934 3063 1935 3063 1927 3063 1927 3064 1935 3064 1936 3064 1927 3065 1936 3065 1920 3065 1920 3066 1936 3066 1937 3066 1920 3067 1937 3067 1932 3067 1934 3068 1927 3068 1938 3068 1938 3069 1927 3069 1926 3069 1938 3070 1926 3070 1939 3070 1939 3071 1926 3071 1925 3071 1939 3072 1925 3072 1940 3072 1940 3073 1925 3073 1941 3073 1941 3074 1925 3074 1917 3074 1941 3075 1917 3075 1942 3075 1943 3076 1944 3076 1945 3076 1946 3077 1947 3077 1948 3077 1948 3078 1947 3078 1949 3078 1945 3079 1950 3079 1943 3079 1943 3080 1950 3080 1951 3080 1943 3081 1951 3081 1952 3081 1953 3082 1954 3082 1955 3082 1955 3083 1954 3083 1956 3083 1955 3084 1956 3084 1957 3084 1957 3085 1956 3085 1943 3085 1957 3086 1943 3086 1947 3086 1947 3087 1943 3087 1952 3087 1947 3088 1952 3088 1949 3088 1956 3089 1958 3089 1959 3089 1956 3090 1959 3090 1943 3090 1943 3091 1959 3091 1960 3091 1943 3092 1960 3092 1961 3092 1954 3093 1962 3093 1956 3093 1956 3094 1962 3094 1963 3094 1956 3095 1963 3095 1958 3095 1964 3096 1965 3096 1953 3096 1953 3097 1965 3097 1966 3097 1953 3098 1966 3098 1954 3098 1954 3099 1966 3099 1967 3099 1954 3100 1967 3100 1962 3100 1964 3101 1953 3101 1968 3101 1968 3102 1953 3102 1955 3102 1968 3103 1955 3103 1969 3103 1969 3104 1955 3104 1957 3104 1969 3105 1957 3105 1970 3105 1970 3106 1957 3106 1971 3106 1971 3107 1957 3107 1947 3107 1971 3108 1947 3108 1972 3108 1973 3109 1974 3109 1975 3109 1975 3110 1974 3110 1976 3110 1975 3111 1976 3111 1977 3111 1978 3112 1979 3112 1980 3112 1980 3113 1979 3113 1981 3113 1980 3114 1981 3114 1982 3114 1977 3115 1978 3115 1975 3115 1975 3116 1978 3116 1980 3116 1975 3117 1980 3117 1983 3117 1983 3118 1980 3118 1984 3118 1984 3119 1985 3119 1983 3119 1983 3120 1985 3120 1986 3120 1983 3121 1986 3121 1987 3121 1983 3122 1988 3122 1989 3122 1983 3123 1989 3123 1975 3123 1975 3124 1989 3124 1990 3124 1975 3125 1990 3125 1991 3125 1987 3126 1992 3126 1983 3126 1983 3127 1992 3127 1993 3127 1983 3128 1993 3128 1988 3128 1994 3129 1995 3129 1986 3129 1986 3130 1995 3130 1996 3130 1986 3131 1996 3131 1987 3131 1987 3132 1996 3132 1997 3132 1987 3133 1997 3133 1992 3133 1994 3134 1986 3134 1998 3134 1998 3135 1986 3135 1985 3135 1998 3136 1985 3136 1999 3136 1999 3137 1985 3137 1984 3137 1999 3138 1984 3138 2000 3138 2000 3139 1984 3139 2001 3139 2001 3140 1984 3140 1980 3140 2001 3141 1980 3141 2002 3141 2003 3142 2004 3142 2005 3142 2006 3143 2007 3143 2008 3143 2008 3144 2007 3144 2009 3144 2008 3145 2009 3145 2010 3145 2005 3146 2011 3146 2003 3146 2003 3147 2011 3147 2012 3147 2003 3148 2012 3148 2006 3148 2013 3149 2014 3149 2015 3149 2006 3150 2008 3150 2003 3150 2003 3151 2008 3151 2016 3151 2003 3152 2016 3152 2015 3152 2015 3153 2016 3153 2017 3153 2015 3154 2017 3154 2013 3154 2015 3155 2018 3155 2019 3155 2015 3156 2019 3156 2003 3156 2003 3157 2019 3157 2020 3157 2003 3158 2020 3158 2021 3158 2014 3159 2022 3159 2015 3159 2015 3160 2022 3160 2023 3160 2015 3161 2023 3161 2018 3161 2024 3162 2025 3162 2013 3162 2013 3163 2025 3163 2026 3163 2013 3164 2026 3164 2014 3164 2014 3165 2026 3165 2027 3165 2014 3166 2027 3166 2022 3166 2024 3167 2013 3167 2028 3167 2028 3168 2013 3168 2017 3168 2028 3169 2017 3169 2029 3169 2029 3170 2017 3170 2016 3170 2029 3171 2016 3171 2030 3171 2030 3172 2016 3172 2031 3172 2031 3173 2016 3173 2008 3173 2031 3174 2008 3174 2032 3174 2033 3175 2034 3175 2035 3175 2035 3176 2034 3176 2036 3176 2035 3177 2036 3177 2037 3177 2038 3178 2039 3178 2040 3178 2040 3179 2041 3179 2038 3179 2038 3180 2041 3180 2042 3180 2038 3181 2042 3181 2033 3181 2033 3182 2035 3182 2038 3182 2038 3183 2035 3183 2043 3183 2038 3184 2043 3184 2044 3184 2044 3185 2045 3185 2038 3185 2038 3186 2045 3186 2046 3186 2038 3187 2046 3187 2047 3187 2047 3188 2048 3188 2049 3188 2047 3189 2049 3189 2038 3189 2038 3190 2049 3190 2050 3190 2038 3191 2050 3191 2051 3191 2046 3192 2052 3192 2047 3192 2047 3193 2052 3193 2053 3193 2047 3194 2053 3194 2048 3194 2054 3195 2055 3195 2045 3195 2045 3196 2055 3196 2056 3196 2045 3197 2056 3197 2046 3197 2046 3198 2056 3198 2057 3198 2046 3199 2057 3199 2052 3199 2054 3200 2045 3200 2058 3200 2058 3201 2045 3201 2044 3201 2058 3202 2044 3202 2059 3202 2059 3203 2044 3203 2043 3203 2059 3204 2043 3204 2060 3204 2060 3205 2043 3205 2061 3205 2061 3206 2043 3206 2035 3206 2061 3207 2035 3207 2062 3207 2063 3208 2064 3208 2065 3208 2065 3209 2064 3209 2066 3209 2065 3210 2066 3210 2067 3210 2068 3211 2069 3211 2070 3211 2070 3212 2069 3212 2071 3212 2070 3213 2071 3213 2072 3213 2067 3214 2068 3214 2065 3214 2065 3215 2068 3215 2070 3215 2065 3216 2070 3216 2073 3216 2073 3217 2070 3217 2074 3217 2074 3218 2075 3218 2073 3218 2073 3219 2075 3219 2076 3219 2073 3220 2076 3220 2077 3220 2073 3221 2078 3221 2079 3221 2073 3222 2079 3222 2065 3222 2065 3223 2079 3223 2080 3223 2065 3224 2080 3224 2081 3224 2077 3225 2082 3225 2073 3225 2073 3226 2082 3226 2083 3226 2073 3227 2083 3227 2078 3227 2084 3228 2085 3228 2076 3228 2076 3229 2085 3229 2086 3229 2076 3230 2086 3230 2077 3230 2077 3231 2086 3231 2087 3231 2077 3232 2087 3232 2082 3232 2084 3233 2076 3233 2088 3233 2088 3234 2076 3234 2075 3234 2088 3235 2075 3235 2089 3235 2089 3236 2075 3236 2074 3236 2089 3237 2074 3237 2090 3237 2090 3238 2074 3238 2091 3238 2091 3239 2074 3239 2070 3239 2091 3240 2070 3240 2092 3240 2093 3241 2094 3241 2095 3241 2096 3242 2097 3242 2093 3242 2098 3243 2099 3243 2100 3243 2100 3244 2099 3244 2101 3244 2095 3245 2102 3245 2093 3245 2093 3246 2102 3246 2103 3246 2093 3247 2103 3247 2104 3247 2105 3248 2106 3248 2107 3248 2107 3249 2096 3249 2105 3249 2105 3250 2096 3250 2093 3250 2105 3251 2093 3251 2099 3251 2099 3252 2093 3252 2104 3252 2099 3253 2104 3253 2101 3253 2097 3254 2108 3254 2109 3254 2097 3255 2109 3255 2093 3255 2093 3256 2109 3256 2110 3256 2093 3257 2110 3257 2111 3257 2096 3258 2112 3258 2097 3258 2097 3259 2112 3259 2113 3259 2097 3260 2113 3260 2108 3260 2114 3261 2115 3261 2107 3261 2107 3262 2115 3262 2116 3262 2107 3263 2116 3263 2096 3263 2096 3264 2116 3264 2117 3264 2096 3265 2117 3265 2112 3265 2114 3266 2107 3266 2118 3266 2118 3267 2107 3267 2106 3267 2118 3268 2106 3268 2119 3268 2119 3269 2106 3269 2105 3269 2119 3270 2105 3270 2120 3270 2120 3271 2105 3271 2121 3271 2121 3272 2105 3272 2099 3272 2121 3273 2099 3273 2122 3273 2123 3274 2124 3274 2125 3274 2125 3275 2124 3275 2126 3275 2125 3276 2126 3276 2127 3276 2128 3277 2129 3277 2130 3277 2130 3278 2131 3278 2128 3278 2128 3279 2131 3279 2132 3279 2128 3280 2132 3280 2123 3280 2123 3281 2125 3281 2128 3281 2128 3282 2125 3282 2133 3282 2128 3283 2133 3283 2134 3283 2134 3284 2135 3284 2128 3284 2128 3285 2135 3285 2136 3285 2128 3286 2136 3286 2137 3286 2137 3287 2138 3287 2139 3287 2137 3288 2139 3288 2128 3288 2128 3289 2139 3289 2140 3289 2128 3290 2140 3290 2141 3290 2136 3291 2142 3291 2137 3291 2137 3292 2142 3292 2143 3292 2137 3293 2143 3293 2138 3293 2144 3294 2145 3294 2135 3294 2135 3295 2145 3295 2146 3295 2135 3296 2146 3296 2136 3296 2136 3297 2146 3297 2147 3297 2136 3298 2147 3298 2142 3298 2144 3299 2135 3299 2148 3299 2148 3300 2135 3300 2134 3300 2148 3301 2134 3301 2149 3301 2149 3302 2134 3302 2133 3302 2149 3303 2133 3303 2150 3303 2150 3304 2133 3304 2151 3304 2151 3305 2133 3305 2125 3305 2151 3306 2125 3306 2152 3306 2153 3307 2154 3307 2155 3307 2155 3308 2154 3308 2156 3308 2155 3309 2156 3309 2157 3309 2158 3310 2159 3310 2160 3310 2160 3311 2159 3311 2161 3311 2160 3312 2161 3312 2162 3312 2157 3313 2158 3313 2155 3313 2155 3314 2158 3314 2160 3314 2155 3315 2160 3315 2163 3315 2163 3316 2160 3316 2164 3316 2164 3317 2165 3317 2163 3317 2163 3318 2165 3318 2166 3318 2163 3319 2166 3319 2167 3319 2163 3320 2168 3320 2169 3320 2163 3321 2169 3321 2155 3321 2155 3322 2169 3322 2170 3322 2155 3323 2170 3323 2171 3323 2167 3324 2172 3324 2163 3324 2163 3325 2172 3325 2173 3325 2163 3326 2173 3326 2168 3326 2174 3327 2175 3327 2166 3327 2166 3328 2175 3328 2176 3328 2166 3329 2176 3329 2167 3329 2167 3330 2176 3330 2177 3330 2167 3331 2177 3331 2172 3331 2174 3332 2166 3332 2178 3332 2178 3333 2166 3333 2165 3333 2178 3334 2165 3334 2179 3334 2179 3335 2165 3335 2164 3335 2179 3336 2164 3336 2180 3336 2180 3337 2164 3337 2181 3337 2181 3338 2164 3338 2160 3338 2181 3339 2160 3339 2182 3339 2183 3340 2184 3340 2185 3340 2186 3341 2187 3341 2188 3341 2188 3342 2187 3342 2189 3342 2186 3343 2190 3343 2187 3343 2187 3344 2190 3344 2191 3344 2187 3345 2191 3345 2185 3345 2185 3346 2191 3346 2192 3346 2185 3347 2192 3347 2183 3347 2185 3348 2193 3348 2194 3348 2195 3349 2187 3349 2196 3349 2196 3350 2187 3350 2185 3350 2196 3351 2185 3351 2197 3351 2197 3352 2185 3352 2194 3352 2195 3353 2198 3353 2199 3353 2195 3354 2199 3354 2187 3354 2187 3355 2199 3355 2200 3355 2187 3356 2200 3356 2201 3356 2196 3357 2202 3357 2195 3357 2195 3358 2202 3358 2203 3358 2195 3359 2203 3359 2198 3359 2204 3360 2205 3360 2197 3360 2197 3361 2205 3361 2206 3361 2197 3362 2206 3362 2196 3362 2196 3363 2206 3363 2207 3363 2196 3364 2207 3364 2202 3364 2204 3365 2197 3365 2208 3365 2208 3366 2197 3366 2194 3366 2208 3367 2194 3367 2209 3367 2209 3368 2194 3368 2193 3368 2209 3369 2193 3369 2210 3369 2210 3370 2193 3370 2211 3370 2211 3371 2193 3371 2185 3371 2211 3372 2185 3372 2212 3372 2213 3373 2214 3373 2215 3373 2216 3374 2217 3374 2218 3374 2218 3375 2217 3375 2219 3375 2220 3376 2221 3376 2213 3376 2215 3377 2222 3377 2213 3377 2213 3378 2222 3378 2223 3378 2213 3379 2223 3379 2224 3379 2225 3380 2226 3380 2227 3380 2227 3381 2220 3381 2225 3381 2225 3382 2220 3382 2213 3382 2225 3383 2213 3383 2217 3383 2217 3384 2213 3384 2224 3384 2217 3385 2224 3385 2219 3385 2221 3386 2228 3386 2229 3386 2221 3387 2229 3387 2213 3387 2213 3388 2229 3388 2230 3388 2213 3389 2230 3389 2231 3389 2220 3390 2232 3390 2221 3390 2221 3391 2232 3391 2233 3391 2221 3392 2233 3392 2228 3392 2234 3393 2235 3393 2227 3393 2227 3394 2235 3394 2236 3394 2227 3395 2236 3395 2220 3395 2220 3396 2236 3396 2237 3396 2220 3397 2237 3397 2232 3397 2234 3398 2227 3398 2238 3398 2238 3399 2227 3399 2226 3399 2238 3400 2226 3400 2239 3400 2239 3401 2226 3401 2225 3401 2239 3402 2225 3402 2240 3402 2240 3403 2225 3403 2241 3403 2241 3404 2225 3404 2217 3404 2241 3405 2217 3405 2242 3405 2243 3406 2244 3406 2245 3406 2246 3407 2247 3407 2248 3407 2248 3408 2247 3408 2249 3408 2250 3409 2251 3409 2243 3409 2245 3410 2252 3410 2243 3410 2243 3411 2252 3411 2253 3411 2243 3412 2253 3412 2254 3412 2255 3413 2256 3413 2257 3413 2257 3414 2250 3414 2255 3414 2255 3415 2250 3415 2243 3415 2255 3416 2243 3416 2247 3416 2247 3417 2243 3417 2254 3417 2247 3418 2254 3418 2249 3418 2251 3419 2258 3419 2259 3419 2251 3420 2259 3420 2243 3420 2243 3421 2259 3421 2260 3421 2243 3422 2260 3422 2261 3422 2250 3423 2262 3423 2251 3423 2251 3424 2262 3424 2263 3424 2251 3425 2263 3425 2258 3425 2264 3426 2265 3426 2257 3426 2257 3427 2265 3427 2266 3427 2257 3428 2266 3428 2250 3428 2250 3429 2266 3429 2267 3429 2250 3430 2267 3430 2262 3430 2264 3431 2257 3431 2268 3431 2268 3432 2257 3432 2256 3432 2268 3433 2256 3433 2269 3433 2269 3434 2256 3434 2255 3434 2269 3435 2255 3435 2270 3435 2270 3436 2255 3436 2271 3436 2271 3437 2255 3437 2247 3437 2271 3438 2247 3438 2272 3438 2273 3439 2274 3439 2275 3439 2276 3440 2277 3440 2278 3440 2278 3441 2277 3441 2279 3441 2280 3442 2281 3442 2273 3442 2275 3443 2282 3443 2273 3443 2273 3444 2282 3444 2283 3444 2273 3445 2283 3445 2284 3445 2285 3446 2286 3446 2287 3446 2287 3447 2280 3447 2285 3447 2285 3448 2280 3448 2273 3448 2285 3449 2273 3449 2277 3449 2277 3450 2273 3450 2284 3450 2277 3451 2284 3451 2279 3451 2281 3452 2288 3452 2289 3452 2281 3453 2289 3453 2273 3453 2273 3454 2289 3454 2290 3454 2273 3455 2290 3455 2291 3455 2280 3456 2292 3456 2281 3456 2281 3457 2292 3457 2293 3457 2281 3458 2293 3458 2288 3458 2294 3459 2295 3459 2287 3459 2287 3460 2295 3460 2296 3460 2287 3461 2296 3461 2280 3461 2280 3462 2296 3462 2297 3462 2280 3463 2297 3463 2292 3463 2294 3464 2287 3464 2298 3464 2298 3465 2287 3465 2286 3465 2298 3466 2286 3466 2299 3466 2299 3467 2286 3467 2285 3467 2299 3468 2285 3468 2300 3468 2300 3469 2285 3469 2301 3469 2301 3470 2285 3470 2277 3470 2301 3471 2277 3471 2302 3471 2303 3472 2304 3472 2305 3472 2306 3473 2307 3473 2308 3473 2308 3474 2307 3474 2309 3474 2310 3475 2311 3475 2303 3475 2305 3476 2312 3476 2303 3476 2303 3477 2312 3477 2313 3477 2303 3478 2313 3478 2314 3478 2315 3479 2316 3479 2317 3479 2317 3480 2310 3480 2315 3480 2315 3481 2310 3481 2303 3481 2315 3482 2303 3482 2307 3482 2307 3483 2303 3483 2314 3483 2307 3484 2314 3484 2309 3484 2311 3485 2318 3485 2319 3485 2311 3486 2319 3486 2303 3486 2303 3487 2319 3487 2320 3487 2303 3488 2320 3488 2321 3488 2310 3489 2322 3489 2311 3489 2311 3490 2322 3490 2323 3490 2311 3491 2323 3491 2318 3491 2324 3492 2325 3492 2317 3492 2317 3493 2325 3493 2326 3493 2317 3494 2326 3494 2310 3494 2310 3495 2326 3495 2327 3495 2310 3496 2327 3496 2322 3496 2324 3497 2317 3497 2328 3497 2328 3498 2317 3498 2316 3498 2328 3499 2316 3499 2329 3499 2329 3500 2316 3500 2315 3500 2329 3501 2315 3501 2330 3501 2330 3502 2315 3502 2331 3502 2331 3503 2315 3503 2307 3503 2331 3504 2307 3504 2332 3504 2333 3505 2334 3505 2335 3505 2336 3506 2337 3506 2338 3506 2338 3507 2337 3507 2339 3507 2340 3508 2337 3508 2335 3508 2336 3509 2341 3509 2337 3509 2337 3510 2341 3510 2342 3510 2337 3511 2342 3511 2335 3511 2335 3512 2342 3512 2343 3512 2335 3513 2343 3513 2333 3513 2344 3514 2345 3514 2346 3514 2346 3515 2345 3515 2340 3515 2346 3516 2340 3516 2347 3516 2347 3517 2340 3517 2335 3517 2340 3518 2348 3518 2349 3518 2340 3519 2349 3519 2337 3519 2337 3520 2349 3520 2350 3520 2337 3521 2350 3521 2351 3521 2345 3522 2352 3522 2340 3522 2340 3523 2352 3523 2353 3523 2340 3524 2353 3524 2348 3524 2354 3525 2355 3525 2344 3525 2344 3526 2355 3526 2356 3526 2344 3527 2356 3527 2345 3527 2345 3528 2356 3528 2357 3528 2345 3529 2357 3529 2352 3529 2354 3530 2344 3530 2358 3530 2358 3531 2344 3531 2346 3531 2358 3532 2346 3532 2359 3532 2359 3533 2346 3533 2347 3533 2359 3534 2347 3534 2360 3534 2360 3535 2347 3535 2361 3535 2361 3536 2347 3536 2335 3536 2361 3537 2335 3537 2362 3537 2363 3538 2364 3538 2365 3538 2366 3539 2367 3539 2368 3539 2368 3540 2367 3540 2369 3540 2366 3541 2370 3541 2367 3541 2367 3542 2370 3542 2371 3542 2367 3543 2371 3543 2365 3543 2365 3544 2371 3544 2372 3544 2365 3545 2372 3545 2363 3545 2373 3546 2374 3546 2375 3546 2365 3547 2376 3547 2367 3547 2367 3548 2376 3548 2373 3548 2367 3549 2373 3549 2377 3549 2377 3550 2373 3550 2375 3550 2377 3551 2378 3551 2379 3551 2377 3552 2379 3552 2367 3552 2367 3553 2379 3553 2380 3553 2367 3554 2380 3554 2381 3554 2375 3555 2382 3555 2377 3555 2377 3556 2382 3556 2383 3556 2377 3557 2383 3557 2378 3557 2384 3558 2385 3558 2374 3558 2374 3559 2385 3559 2386 3559 2374 3560 2386 3560 2375 3560 2375 3561 2386 3561 2387 3561 2375 3562 2387 3562 2382 3562 2384 3563 2374 3563 2388 3563 2388 3564 2374 3564 2373 3564 2388 3565 2373 3565 2389 3565 2389 3566 2373 3566 2376 3566 2389 3567 2376 3567 2390 3567 2390 3568 2376 3568 2391 3568 2391 3569 2376 3569 2365 3569 2391 3570 2365 3570 2392 3570 2393 3571 372 3571 371 3571 2394 3572 375 3572 373 3572 2395 3573 367 3573 376 3573 424 3574 365 3574 367 3574 367 3575 2395 3575 424 3575 424 3576 2395 3576 2396 3576 424 3577 2396 3577 425 3577 425 3578 2396 3578 2397 3578 425 3579 2397 3579 426 3579 426 3580 2397 3580 2398 3580 426 3581 2398 3581 433 3581 2399 3582 2400 3582 2401 3582 2400 3583 2399 3583 2402 3583 2403 3584 2404 3584 2405 3584 371 3585 2406 3585 2393 3585 2393 3586 2406 3586 2407 3586 2393 3587 2407 3587 2408 3587 2408 3588 2407 3588 2409 3588 2408 3589 2409 3589 2410 3589 2410 3590 2409 3590 2403 3590 2410 3591 2403 3591 2411 3591 2411 3592 2403 3592 2405 3592 2411 3593 2405 3593 2402 3593 2402 3594 2399 3594 2411 3594 2411 3595 2399 3595 2412 3595 2411 3596 2412 3596 2410 3596 2410 3597 2412 3597 2413 3597 2410 3598 2413 3598 2408 3598 2408 3599 2413 3599 2394 3599 2408 3600 2394 3600 2393 3600 2393 3601 2394 3601 373 3601 2393 3602 373 3602 372 3602 432 3603 433 3603 2401 3603 2401 3604 433 3604 2398 3604 2401 3605 2398 3605 2399 3605 2399 3606 2398 3606 2397 3606 2399 3607 2397 3607 2412 3607 2412 3608 2397 3608 2396 3608 2412 3609 2396 3609 2413 3609 2413 3610 2396 3610 2395 3610 2413 3611 2395 3611 2394 3611 2394 3612 2395 3612 376 3612 2394 3613 376 3613 375 3613 377 3614 2414 3614 371 3614 371 3615 2414 3615 2406 3615 2406 3616 2414 3616 2407 3616 2407 3617 2414 3617 2415 3617 2407 3618 2415 3618 2409 3618 2415 3619 2416 3619 2409 3619 2409 3620 2416 3620 2417 3620 2409 3621 2417 3621 2403 3621 2403 3622 2417 3622 2418 3622 2403 3623 2418 3623 2404 3623 2419 3624 2420 3624 2418 3624 2421 3625 2422 3625 2420 3625 2422 3626 2421 3626 2423 3626 2424 3627 2423 3627 2425 3627 356 3628 2424 3628 359 3628 359 3629 2424 3629 2425 3629 359 3630 2425 3630 2426 3630 357 3631 358 3631 2426 3631 2426 3632 358 3632 360 3632 2426 3633 360 3633 359 3633 2426 3634 2427 3634 357 3634 357 3635 2427 3635 2428 3635 357 3636 2428 3636 361 3636 361 3637 2428 3637 386 3637 361 3638 386 3638 362 3638 2429 3639 383 3639 384 3639 2414 3640 377 3640 379 3640 2423 3641 2421 3641 2425 3641 2425 3642 2421 3642 2430 3642 2425 3643 2430 3643 2426 3643 2426 3644 2430 3644 2431 3644 2426 3645 2431 3645 2427 3645 2427 3646 2431 3646 2429 3646 2427 3647 2429 3647 2428 3647 2428 3648 2429 3648 384 3648 2428 3649 384 3649 386 3649 2420 3650 2419 3650 2421 3650 2421 3651 2419 3651 2432 3651 2421 3652 2432 3652 2430 3652 2430 3653 2432 3653 2433 3653 2430 3654 2433 3654 2431 3654 2431 3655 2433 3655 2434 3655 2431 3656 2434 3656 2429 3656 2429 3657 2434 3657 381 3657 2429 3658 381 3658 383 3658 2418 3659 2417 3659 2419 3659 2419 3660 2417 3660 2416 3660 2419 3661 2416 3661 2432 3661 2432 3662 2416 3662 2415 3662 2432 3663 2415 3663 2433 3663 2433 3664 2415 3664 2414 3664 2433 3665 2414 3665 2434 3665 2434 3666 2414 3666 379 3666 2434 3667 379 3667 381 3667 2435 3668 2436 3668 2437 3668 2437 3669 2436 3669 2381 3669 2437 3670 2381 3670 2438 3670 2390 3671 2391 3671 2439 3671 2439 3672 2391 3672 2392 3672 2439 3673 2392 3673 2440 3673 2390 3674 2439 3674 2389 3674 2389 3675 2439 3675 2441 3675 2389 3676 2441 3676 2388 3676 2388 3677 2441 3677 2442 3677 2388 3678 2442 3678 2384 3678 2384 3679 2442 3679 2385 3679 2385 3680 2442 3680 2443 3680 2385 3681 2443 3681 2386 3681 2386 3682 2443 3682 2444 3682 2386 3683 2444 3683 2387 3683 2387 3684 2444 3684 2382 3684 2382 3685 2444 3685 2445 3685 2382 3686 2445 3686 2383 3686 2383 3687 2445 3687 2446 3687 2383 3688 2446 3688 2378 3688 2378 3689 2446 3689 2379 3689 2379 3690 2446 3690 2447 3690 2379 3691 2447 3691 2380 3691 2380 3692 2447 3692 2438 3692 2380 3693 2438 3693 2381 3693 2440 3694 2392 3694 2448 3694 2448 3695 2392 3695 2449 3695 2448 3696 2449 3696 2450 3696 2451 3697 2452 3697 2453 3697 2453 3698 2452 3698 2436 3698 2453 3699 2436 3699 2435 3699 2451 3700 2453 3700 2454 3700 2454 3701 2453 3701 2455 3701 2454 3702 2455 3702 2456 3702 2456 3703 2455 3703 2457 3703 2456 3704 2457 3704 2458 3704 2458 3705 2457 3705 2459 3705 2458 3706 2459 3706 2460 3706 2461 3707 2462 3707 2463 3707 2463 3708 2462 3708 2464 3708 2463 3709 2464 3709 2459 3709 2459 3710 2464 3710 2465 3710 2459 3711 2465 3711 2460 3711 2466 3712 2467 3712 2468 3712 2468 3713 2467 3713 2469 3713 2468 3714 2469 3714 2461 3714 2461 3715 2469 3715 2470 3715 2461 3716 2470 3716 2462 3716 2468 3717 2471 3717 2466 3717 2466 3718 2471 3718 2450 3718 2466 3719 2450 3719 2449 3719 2472 3720 2473 3720 2474 3720 2474 3721 2473 3721 1871 3721 2474 3722 1871 3722 2475 3722 1880 3723 1881 3723 2476 3723 2476 3724 1881 3724 1882 3724 2476 3725 1882 3725 2477 3725 1880 3726 2476 3726 1879 3726 1879 3727 2476 3727 2478 3727 1879 3728 2478 3728 1878 3728 1878 3729 2478 3729 2479 3729 1878 3730 2479 3730 1874 3730 1874 3731 2479 3731 1875 3731 1875 3732 2479 3732 2480 3732 1875 3733 2480 3733 1876 3733 1876 3734 2480 3734 2481 3734 1876 3735 2481 3735 1877 3735 1877 3736 2481 3736 1872 3736 1872 3737 2481 3737 2482 3737 1872 3738 2482 3738 1873 3738 1873 3739 2482 3739 2483 3739 1873 3740 2483 3740 1868 3740 1868 3741 2483 3741 1869 3741 1869 3742 2483 3742 2484 3742 1869 3743 2484 3743 1870 3743 1870 3744 2484 3744 2475 3744 1870 3745 2475 3745 1871 3745 2477 3746 1882 3746 2485 3746 2485 3747 1882 3747 2486 3747 2485 3748 2486 3748 2487 3748 2488 3749 2489 3749 2490 3749 2490 3750 2489 3750 2473 3750 2490 3751 2473 3751 2472 3751 2488 3752 2490 3752 2491 3752 2491 3753 2490 3753 2492 3753 2491 3754 2492 3754 2493 3754 2493 3755 2492 3755 2494 3755 2493 3756 2494 3756 2495 3756 2495 3757 2494 3757 2496 3757 2495 3758 2496 3758 2497 3758 2498 3759 2499 3759 2500 3759 2500 3760 2499 3760 2501 3760 2500 3761 2501 3761 2496 3761 2496 3762 2501 3762 2502 3762 2496 3763 2502 3763 2497 3763 2503 3764 2504 3764 2505 3764 2505 3765 2504 3765 2506 3765 2505 3766 2506 3766 2498 3766 2498 3767 2506 3767 2507 3767 2498 3768 2507 3768 2499 3768 2505 3769 2508 3769 2503 3769 2503 3770 2508 3770 2487 3770 2503 3771 2487 3771 2486 3771 2509 3772 2510 3772 2511 3772 2511 3773 2510 3773 1901 3773 2511 3774 1901 3774 2512 3774 1910 3775 1911 3775 2513 3775 2513 3776 1911 3776 1912 3776 2513 3777 1912 3777 2514 3777 1910 3778 2513 3778 1909 3778 1909 3779 2513 3779 2515 3779 1909 3780 2515 3780 1908 3780 1908 3781 2515 3781 2516 3781 1908 3782 2516 3782 1904 3782 1904 3783 2516 3783 1905 3783 1905 3784 2516 3784 2517 3784 1905 3785 2517 3785 1906 3785 1906 3786 2517 3786 2518 3786 1906 3787 2518 3787 1907 3787 1907 3788 2518 3788 1902 3788 1902 3789 2518 3789 2519 3789 1902 3790 2519 3790 1903 3790 1903 3791 2519 3791 2520 3791 1903 3792 2520 3792 1898 3792 1898 3793 2520 3793 1899 3793 1899 3794 2520 3794 2521 3794 1899 3795 2521 3795 1900 3795 1900 3796 2521 3796 2512 3796 1900 3797 2512 3797 1901 3797 2514 3798 1912 3798 2522 3798 2522 3799 1912 3799 2523 3799 2522 3800 2523 3800 2524 3800 2525 3801 2526 3801 2527 3801 2527 3802 2526 3802 2510 3802 2527 3803 2510 3803 2509 3803 2525 3804 2527 3804 2528 3804 2528 3805 2527 3805 2529 3805 2528 3806 2529 3806 2530 3806 2530 3807 2529 3807 2531 3807 2530 3808 2531 3808 2532 3808 2532 3809 2531 3809 2533 3809 2532 3810 2533 3810 2534 3810 2535 3811 2536 3811 2537 3811 2537 3812 2536 3812 2538 3812 2537 3813 2538 3813 2533 3813 2533 3814 2538 3814 2539 3814 2533 3815 2539 3815 2534 3815 2540 3816 2541 3816 2542 3816 2542 3817 2541 3817 2543 3817 2542 3818 2543 3818 2535 3818 2535 3819 2543 3819 2544 3819 2535 3820 2544 3820 2536 3820 2542 3821 2545 3821 2540 3821 2540 3822 2545 3822 2524 3822 2540 3823 2524 3823 2523 3823 2546 3824 2547 3824 2548 3824 2548 3825 2547 3825 1931 3825 2548 3826 1931 3826 2549 3826 1940 3827 1941 3827 2550 3827 2550 3828 1941 3828 1942 3828 2550 3829 1942 3829 2551 3829 1940 3830 2550 3830 1939 3830 1939 3831 2550 3831 2552 3831 1939 3832 2552 3832 1938 3832 1938 3833 2552 3833 2553 3833 1938 3834 2553 3834 1934 3834 1934 3835 2553 3835 1935 3835 1935 3836 2553 3836 2554 3836 1935 3837 2554 3837 1936 3837 1936 3838 2554 3838 2555 3838 1936 3839 2555 3839 1937 3839 1937 3840 2555 3840 1932 3840 1932 3841 2555 3841 2556 3841 1932 3842 2556 3842 1933 3842 1933 3843 2556 3843 2557 3843 1933 3844 2557 3844 1928 3844 1928 3845 2557 3845 1929 3845 1929 3846 2557 3846 2558 3846 1929 3847 2558 3847 1930 3847 1930 3848 2558 3848 2549 3848 1930 3849 2549 3849 1931 3849 2551 3850 1942 3850 2559 3850 2559 3851 1942 3851 2560 3851 2559 3852 2560 3852 2561 3852 2562 3853 2563 3853 2564 3853 2564 3854 2563 3854 2547 3854 2564 3855 2547 3855 2546 3855 2562 3856 2564 3856 2565 3856 2565 3857 2564 3857 2566 3857 2565 3858 2566 3858 2567 3858 2567 3859 2566 3859 2568 3859 2567 3860 2568 3860 2569 3860 2569 3861 2568 3861 2570 3861 2569 3862 2570 3862 2571 3862 2572 3863 2573 3863 2574 3863 2574 3864 2573 3864 2575 3864 2574 3865 2575 3865 2570 3865 2570 3866 2575 3866 2576 3866 2570 3867 2576 3867 2571 3867 2577 3868 2578 3868 2579 3868 2579 3869 2578 3869 2580 3869 2579 3870 2580 3870 2572 3870 2572 3871 2580 3871 2581 3871 2572 3872 2581 3872 2573 3872 2579 3873 2582 3873 2577 3873 2577 3874 2582 3874 2561 3874 2577 3875 2561 3875 2560 3875 2583 3876 2584 3876 2585 3876 2585 3877 2584 3877 1961 3877 2585 3878 1961 3878 2586 3878 1970 3879 1971 3879 2587 3879 2587 3880 1971 3880 1972 3880 2587 3881 1972 3881 2588 3881 1970 3882 2587 3882 1969 3882 1969 3883 2587 3883 2589 3883 1969 3884 2589 3884 1968 3884 1968 3885 2589 3885 2590 3885 1968 3886 2590 3886 1964 3886 1964 3887 2590 3887 1965 3887 1965 3888 2590 3888 2591 3888 1965 3889 2591 3889 1966 3889 1966 3890 2591 3890 2592 3890 1966 3891 2592 3891 1967 3891 1967 3892 2592 3892 1962 3892 1962 3893 2592 3893 2593 3893 1962 3894 2593 3894 1963 3894 1963 3895 2593 3895 2594 3895 1963 3896 2594 3896 1958 3896 1958 3897 2594 3897 1959 3897 1959 3898 2594 3898 2595 3898 1959 3899 2595 3899 1960 3899 1960 3900 2595 3900 2586 3900 1960 3901 2586 3901 1961 3901 2588 3902 1972 3902 2596 3902 2596 3903 1972 3903 2597 3903 2596 3904 2597 3904 2598 3904 2599 3905 2600 3905 2601 3905 2601 3906 2600 3906 2584 3906 2601 3907 2584 3907 2583 3907 2599 3908 2601 3908 2602 3908 2602 3909 2601 3909 2603 3909 2602 3910 2603 3910 2604 3910 2604 3911 2603 3911 2605 3911 2604 3912 2605 3912 2606 3912 2606 3913 2605 3913 2607 3913 2606 3914 2607 3914 2608 3914 2609 3915 2610 3915 2611 3915 2611 3916 2610 3916 2612 3916 2611 3917 2612 3917 2607 3917 2607 3918 2612 3918 2613 3918 2607 3919 2613 3919 2608 3919 2614 3920 2615 3920 2616 3920 2616 3921 2615 3921 2617 3921 2616 3922 2617 3922 2609 3922 2609 3923 2617 3923 2618 3923 2609 3924 2618 3924 2610 3924 2616 3925 2619 3925 2614 3925 2614 3926 2619 3926 2598 3926 2614 3927 2598 3927 2597 3927 2620 3928 2621 3928 2622 3928 2622 3929 2621 3929 1991 3929 2622 3930 1991 3930 2623 3930 2000 3931 2001 3931 2624 3931 2624 3932 2001 3932 2002 3932 2624 3933 2002 3933 2625 3933 2000 3934 2624 3934 1999 3934 1999 3935 2624 3935 2626 3935 1999 3936 2626 3936 1998 3936 1998 3937 2626 3937 2627 3937 1998 3938 2627 3938 1994 3938 1994 3939 2627 3939 1995 3939 1995 3940 2627 3940 2628 3940 1995 3941 2628 3941 1996 3941 1996 3942 2628 3942 2629 3942 1996 3943 2629 3943 1997 3943 1997 3944 2629 3944 1992 3944 1992 3945 2629 3945 2630 3945 1992 3946 2630 3946 1993 3946 1993 3947 2630 3947 2631 3947 1993 3948 2631 3948 1988 3948 1988 3949 2631 3949 1989 3949 1989 3950 2631 3950 2632 3950 1989 3951 2632 3951 1990 3951 1990 3952 2632 3952 2623 3952 1990 3953 2623 3953 1991 3953 2625 3954 2002 3954 2633 3954 2633 3955 2002 3955 2634 3955 2633 3956 2634 3956 2635 3956 2636 3957 2637 3957 2638 3957 2638 3958 2637 3958 2621 3958 2638 3959 2621 3959 2620 3959 2636 3960 2638 3960 2639 3960 2639 3961 2638 3961 2640 3961 2639 3962 2640 3962 2641 3962 2641 3963 2640 3963 2642 3963 2641 3964 2642 3964 2643 3964 2643 3965 2642 3965 2644 3965 2643 3966 2644 3966 2645 3966 2646 3967 2647 3967 2648 3967 2648 3968 2647 3968 2649 3968 2648 3969 2649 3969 2644 3969 2644 3970 2649 3970 2650 3970 2644 3971 2650 3971 2645 3971 2651 3972 2652 3972 2653 3972 2653 3973 2652 3973 2654 3973 2653 3974 2654 3974 2646 3974 2646 3975 2654 3975 2655 3975 2646 3976 2655 3976 2647 3976 2653 3977 2656 3977 2651 3977 2651 3978 2656 3978 2635 3978 2651 3979 2635 3979 2634 3979 2657 3980 2658 3980 2659 3980 2659 3981 2658 3981 2021 3981 2659 3982 2021 3982 2660 3982 2030 3983 2031 3983 2661 3983 2661 3984 2031 3984 2032 3984 2661 3985 2032 3985 2662 3985 2030 3986 2661 3986 2029 3986 2029 3987 2661 3987 2663 3987 2029 3988 2663 3988 2028 3988 2028 3989 2663 3989 2664 3989 2028 3990 2664 3990 2024 3990 2024 3991 2664 3991 2025 3991 2025 3992 2664 3992 2665 3992 2025 3993 2665 3993 2026 3993 2026 3994 2665 3994 2666 3994 2026 3995 2666 3995 2027 3995 2027 3996 2666 3996 2022 3996 2022 3997 2666 3997 2667 3997 2022 3998 2667 3998 2023 3998 2023 3999 2667 3999 2668 3999 2023 4000 2668 4000 2018 4000 2018 4001 2668 4001 2019 4001 2019 4002 2668 4002 2669 4002 2019 4003 2669 4003 2020 4003 2020 4004 2669 4004 2660 4004 2020 4005 2660 4005 2021 4005 2662 4006 2032 4006 2670 4006 2670 4007 2032 4007 2671 4007 2670 4008 2671 4008 2672 4008 2673 4009 2674 4009 2675 4009 2675 4010 2674 4010 2658 4010 2675 4011 2658 4011 2657 4011 2673 4012 2675 4012 2676 4012 2676 4013 2675 4013 2677 4013 2676 4014 2677 4014 2678 4014 2678 4015 2677 4015 2679 4015 2678 4016 2679 4016 2680 4016 2680 4017 2679 4017 2681 4017 2680 4018 2681 4018 2682 4018 2683 4019 2684 4019 2685 4019 2685 4020 2684 4020 2686 4020 2685 4021 2686 4021 2681 4021 2681 4022 2686 4022 2687 4022 2681 4023 2687 4023 2682 4023 2688 4024 2689 4024 2690 4024 2690 4025 2689 4025 2691 4025 2690 4026 2691 4026 2683 4026 2683 4027 2691 4027 2692 4027 2683 4028 2692 4028 2684 4028 2690 4029 2693 4029 2688 4029 2688 4030 2693 4030 2672 4030 2688 4031 2672 4031 2671 4031 2694 4032 2695 4032 2696 4032 2696 4033 2695 4033 2051 4033 2696 4034 2051 4034 2697 4034 2060 4035 2061 4035 2698 4035 2698 4036 2061 4036 2062 4036 2698 4037 2062 4037 2699 4037 2060 4038 2698 4038 2059 4038 2059 4039 2698 4039 2700 4039 2059 4040 2700 4040 2058 4040 2058 4041 2700 4041 2701 4041 2058 4042 2701 4042 2054 4042 2054 4043 2701 4043 2055 4043 2055 4044 2701 4044 2702 4044 2055 4045 2702 4045 2056 4045 2056 4046 2702 4046 2703 4046 2056 4047 2703 4047 2057 4047 2057 4048 2703 4048 2052 4048 2052 4049 2703 4049 2704 4049 2052 4050 2704 4050 2053 4050 2053 4051 2704 4051 2705 4051 2053 4052 2705 4052 2048 4052 2048 4053 2705 4053 2049 4053 2049 4054 2705 4054 2706 4054 2049 4055 2706 4055 2050 4055 2050 4056 2706 4056 2697 4056 2050 4057 2697 4057 2051 4057 2699 4058 2062 4058 2707 4058 2707 4059 2062 4059 2708 4059 2707 4060 2708 4060 2709 4060 2710 4061 2711 4061 2712 4061 2712 4062 2711 4062 2695 4062 2712 4063 2695 4063 2694 4063 2710 4064 2712 4064 2713 4064 2713 4065 2712 4065 2714 4065 2713 4066 2714 4066 2715 4066 2715 4067 2714 4067 2716 4067 2715 4068 2716 4068 2717 4068 2717 4069 2716 4069 2718 4069 2717 4070 2718 4070 2719 4070 2720 4071 2721 4071 2722 4071 2722 4072 2721 4072 2723 4072 2722 4073 2723 4073 2718 4073 2718 4074 2723 4074 2724 4074 2718 4075 2724 4075 2719 4075 2725 4076 2726 4076 2727 4076 2727 4077 2726 4077 2728 4077 2727 4078 2728 4078 2720 4078 2720 4079 2728 4079 2729 4079 2720 4080 2729 4080 2721 4080 2727 4081 2730 4081 2725 4081 2725 4082 2730 4082 2709 4082 2725 4083 2709 4083 2708 4083 2731 4084 2732 4084 2733 4084 2733 4085 2732 4085 2081 4085 2733 4086 2081 4086 2734 4086 2090 4087 2091 4087 2735 4087 2735 4088 2091 4088 2092 4088 2735 4089 2092 4089 2736 4089 2090 4090 2735 4090 2089 4090 2089 4091 2735 4091 2737 4091 2089 4092 2737 4092 2088 4092 2088 4093 2737 4093 2738 4093 2088 4094 2738 4094 2084 4094 2084 4095 2738 4095 2085 4095 2085 4096 2738 4096 2739 4096 2085 4097 2739 4097 2086 4097 2086 4098 2739 4098 2740 4098 2086 4099 2740 4099 2087 4099 2087 4100 2740 4100 2082 4100 2082 4101 2740 4101 2741 4101 2082 4102 2741 4102 2083 4102 2083 4103 2741 4103 2742 4103 2083 4104 2742 4104 2078 4104 2078 4105 2742 4105 2079 4105 2079 4106 2742 4106 2743 4106 2079 4107 2743 4107 2080 4107 2080 4108 2743 4108 2734 4108 2080 4109 2734 4109 2081 4109 2736 4110 2092 4110 2744 4110 2744 4111 2092 4111 2745 4111 2744 4112 2745 4112 2746 4112 2747 4113 2748 4113 2749 4113 2749 4114 2748 4114 2732 4114 2749 4115 2732 4115 2731 4115 2747 4116 2749 4116 2750 4116 2750 4117 2749 4117 2751 4117 2750 4118 2751 4118 2752 4118 2752 4119 2751 4119 2753 4119 2752 4120 2753 4120 2754 4120 2754 4121 2753 4121 2755 4121 2754 4122 2755 4122 2756 4122 2757 4123 2758 4123 2759 4123 2759 4124 2758 4124 2760 4124 2759 4125 2760 4125 2755 4125 2755 4126 2760 4126 2761 4126 2755 4127 2761 4127 2756 4127 2762 4128 2763 4128 2764 4128 2764 4129 2763 4129 2765 4129 2764 4130 2765 4130 2757 4130 2757 4131 2765 4131 2766 4131 2757 4132 2766 4132 2758 4132 2764 4133 2767 4133 2762 4133 2762 4134 2767 4134 2746 4134 2762 4135 2746 4135 2745 4135 2768 4136 2769 4136 2770 4136 2770 4137 2769 4137 2111 4137 2770 4138 2111 4138 2771 4138 2120 4139 2121 4139 2772 4139 2772 4140 2121 4140 2122 4140 2772 4141 2122 4141 2773 4141 2120 4142 2772 4142 2119 4142 2119 4143 2772 4143 2774 4143 2119 4144 2774 4144 2118 4144 2118 4145 2774 4145 2775 4145 2118 4146 2775 4146 2114 4146 2114 4147 2775 4147 2115 4147 2115 4148 2775 4148 2776 4148 2115 4149 2776 4149 2116 4149 2116 4150 2776 4150 2777 4150 2116 4151 2777 4151 2117 4151 2117 4152 2777 4152 2112 4152 2112 4153 2777 4153 2778 4153 2112 4154 2778 4154 2113 4154 2113 4155 2778 4155 2779 4155 2113 4156 2779 4156 2108 4156 2108 4157 2779 4157 2109 4157 2109 4158 2779 4158 2780 4158 2109 4159 2780 4159 2110 4159 2110 4160 2780 4160 2771 4160 2110 4161 2771 4161 2111 4161 2773 4162 2122 4162 2781 4162 2781 4163 2122 4163 2782 4163 2781 4164 2782 4164 2783 4164 2784 4165 2785 4165 2786 4165 2786 4166 2785 4166 2769 4166 2786 4167 2769 4167 2768 4167 2784 4168 2786 4168 2787 4168 2787 4169 2786 4169 2788 4169 2787 4170 2788 4170 2789 4170 2789 4171 2788 4171 2790 4171 2789 4172 2790 4172 2791 4172 2791 4173 2790 4173 2792 4173 2791 4174 2792 4174 2793 4174 2794 4175 2795 4175 2796 4175 2796 4176 2795 4176 2797 4176 2796 4177 2797 4177 2792 4177 2792 4178 2797 4178 2798 4178 2792 4179 2798 4179 2793 4179 2799 4180 2800 4180 2801 4180 2801 4181 2800 4181 2802 4181 2801 4182 2802 4182 2794 4182 2794 4183 2802 4183 2803 4183 2794 4184 2803 4184 2795 4184 2801 4185 2804 4185 2799 4185 2799 4186 2804 4186 2783 4186 2799 4187 2783 4187 2782 4187 2805 4188 2806 4188 2807 4188 2807 4189 2806 4189 2141 4189 2807 4190 2141 4190 2808 4190 2150 4191 2151 4191 2809 4191 2809 4192 2151 4192 2152 4192 2809 4193 2152 4193 2810 4193 2150 4194 2809 4194 2149 4194 2149 4195 2809 4195 2811 4195 2149 4196 2811 4196 2148 4196 2148 4197 2811 4197 2812 4197 2148 4198 2812 4198 2144 4198 2144 4199 2812 4199 2145 4199 2145 4200 2812 4200 2813 4200 2145 4201 2813 4201 2146 4201 2146 4202 2813 4202 2814 4202 2146 4203 2814 4203 2147 4203 2147 4204 2814 4204 2142 4204 2142 4205 2814 4205 2815 4205 2142 4206 2815 4206 2143 4206 2143 4207 2815 4207 2816 4207 2143 4208 2816 4208 2138 4208 2138 4209 2816 4209 2139 4209 2139 4210 2816 4210 2817 4210 2139 4211 2817 4211 2140 4211 2140 4212 2817 4212 2808 4212 2140 4213 2808 4213 2141 4213 2810 4214 2152 4214 2818 4214 2818 4215 2152 4215 2819 4215 2818 4216 2819 4216 2820 4216 2821 4217 2822 4217 2823 4217 2823 4218 2822 4218 2806 4218 2823 4219 2806 4219 2805 4219 2821 4220 2823 4220 2824 4220 2824 4221 2823 4221 2825 4221 2824 4222 2825 4222 2826 4222 2826 4223 2825 4223 2827 4223 2826 4224 2827 4224 2828 4224 2828 4225 2827 4225 2829 4225 2828 4226 2829 4226 2830 4226 2831 4227 2832 4227 2833 4227 2833 4228 2832 4228 2834 4228 2833 4229 2834 4229 2829 4229 2829 4230 2834 4230 2835 4230 2829 4231 2835 4231 2830 4231 2836 4232 2837 4232 2838 4232 2838 4233 2837 4233 2839 4233 2838 4234 2839 4234 2831 4234 2831 4235 2839 4235 2840 4235 2831 4236 2840 4236 2832 4236 2838 4237 2841 4237 2836 4237 2836 4238 2841 4238 2820 4238 2836 4239 2820 4239 2819 4239 2842 4240 2843 4240 2844 4240 2844 4241 2843 4241 2171 4241 2844 4242 2171 4242 2845 4242 2180 4243 2181 4243 2846 4243 2846 4244 2181 4244 2182 4244 2846 4245 2182 4245 2847 4245 2180 4246 2846 4246 2179 4246 2179 4247 2846 4247 2848 4247 2179 4248 2848 4248 2178 4248 2178 4249 2848 4249 2849 4249 2178 4250 2849 4250 2174 4250 2174 4251 2849 4251 2175 4251 2175 4252 2849 4252 2850 4252 2175 4253 2850 4253 2176 4253 2176 4254 2850 4254 2851 4254 2176 4255 2851 4255 2177 4255 2177 4256 2851 4256 2172 4256 2172 4257 2851 4257 2852 4257 2172 4258 2852 4258 2173 4258 2173 4259 2852 4259 2853 4259 2173 4260 2853 4260 2168 4260 2168 4261 2853 4261 2169 4261 2169 4262 2853 4262 2854 4262 2169 4263 2854 4263 2170 4263 2170 4264 2854 4264 2845 4264 2170 4265 2845 4265 2171 4265 2847 4266 2182 4266 2855 4266 2855 4267 2182 4267 2856 4267 2855 4268 2856 4268 2857 4268 2858 4269 2859 4269 2860 4269 2860 4270 2859 4270 2843 4270 2860 4271 2843 4271 2842 4271 2858 4272 2860 4272 2861 4272 2861 4273 2860 4273 2862 4273 2861 4274 2862 4274 2863 4274 2863 4275 2862 4275 2864 4275 2863 4276 2864 4276 2865 4276 2865 4277 2864 4277 2866 4277 2865 4278 2866 4278 2867 4278 2868 4279 2869 4279 2870 4279 2870 4280 2869 4280 2871 4280 2870 4281 2871 4281 2866 4281 2866 4282 2871 4282 2872 4282 2866 4283 2872 4283 2867 4283 2873 4284 2874 4284 2875 4284 2875 4285 2874 4285 2876 4285 2875 4286 2876 4286 2868 4286 2868 4287 2876 4287 2877 4287 2868 4288 2877 4288 2869 4288 2875 4289 2878 4289 2873 4289 2873 4290 2878 4290 2857 4290 2873 4291 2857 4291 2856 4291 2879 4292 2880 4292 2881 4292 2881 4293 2880 4293 2201 4293 2881 4294 2201 4294 2882 4294 2210 4295 2211 4295 2883 4295 2883 4296 2211 4296 2212 4296 2883 4297 2212 4297 2884 4297 2210 4298 2883 4298 2209 4298 2209 4299 2883 4299 2885 4299 2209 4300 2885 4300 2208 4300 2208 4301 2885 4301 2886 4301 2208 4302 2886 4302 2204 4302 2204 4303 2886 4303 2205 4303 2205 4304 2886 4304 2887 4304 2205 4305 2887 4305 2206 4305 2206 4306 2887 4306 2888 4306 2206 4307 2888 4307 2207 4307 2207 4308 2888 4308 2202 4308 2202 4309 2888 4309 2889 4309 2202 4310 2889 4310 2203 4310 2203 4311 2889 4311 2890 4311 2203 4312 2890 4312 2198 4312 2198 4313 2890 4313 2199 4313 2199 4314 2890 4314 2891 4314 2199 4315 2891 4315 2200 4315 2200 4316 2891 4316 2882 4316 2200 4317 2882 4317 2201 4317 2884 4318 2212 4318 2892 4318 2892 4319 2212 4319 2893 4319 2892 4320 2893 4320 2894 4320 2895 4321 2896 4321 2897 4321 2897 4322 2896 4322 2880 4322 2897 4323 2880 4323 2879 4323 2895 4324 2897 4324 2898 4324 2898 4325 2897 4325 2899 4325 2898 4326 2899 4326 2900 4326 2900 4327 2899 4327 2901 4327 2900 4328 2901 4328 2902 4328 2902 4329 2901 4329 2903 4329 2902 4330 2903 4330 2904 4330 2905 4331 2906 4331 2907 4331 2907 4332 2906 4332 2908 4332 2907 4333 2908 4333 2903 4333 2903 4334 2908 4334 2909 4334 2903 4335 2909 4335 2904 4335 2910 4336 2911 4336 2912 4336 2912 4337 2911 4337 2913 4337 2912 4338 2913 4338 2905 4338 2905 4339 2913 4339 2914 4339 2905 4340 2914 4340 2906 4340 2912 4341 2915 4341 2910 4341 2910 4342 2915 4342 2894 4342 2910 4343 2894 4343 2893 4343 2916 4344 2917 4344 2918 4344 2918 4345 2917 4345 2231 4345 2918 4346 2231 4346 2919 4346 2240 4347 2241 4347 2920 4347 2920 4348 2241 4348 2242 4348 2920 4349 2242 4349 2921 4349 2240 4350 2920 4350 2239 4350 2239 4351 2920 4351 2922 4351 2239 4352 2922 4352 2238 4352 2238 4353 2922 4353 2923 4353 2238 4354 2923 4354 2234 4354 2234 4355 2923 4355 2235 4355 2235 4356 2923 4356 2924 4356 2235 4357 2924 4357 2236 4357 2236 4358 2924 4358 2925 4358 2236 4359 2925 4359 2237 4359 2237 4360 2925 4360 2232 4360 2232 4361 2925 4361 2926 4361 2232 4362 2926 4362 2233 4362 2233 4363 2926 4363 2927 4363 2233 4364 2927 4364 2228 4364 2228 4365 2927 4365 2229 4365 2229 4366 2927 4366 2928 4366 2229 4367 2928 4367 2230 4367 2230 4368 2928 4368 2919 4368 2230 4369 2919 4369 2231 4369 2921 4370 2242 4370 2929 4370 2929 4371 2242 4371 2930 4371 2929 4372 2930 4372 2931 4372 2932 4373 2933 4373 2934 4373 2934 4374 2933 4374 2917 4374 2934 4375 2917 4375 2916 4375 2932 4376 2934 4376 2935 4376 2935 4377 2934 4377 2936 4377 2935 4378 2936 4378 2937 4378 2937 4379 2936 4379 2938 4379 2937 4380 2938 4380 2939 4380 2939 4381 2938 4381 2940 4381 2939 4382 2940 4382 2941 4382 2942 4383 2943 4383 2944 4383 2944 4384 2943 4384 2945 4384 2944 4385 2945 4385 2940 4385 2940 4386 2945 4386 2946 4386 2940 4387 2946 4387 2941 4387 2947 4388 2948 4388 2949 4388 2949 4389 2948 4389 2950 4389 2949 4390 2950 4390 2942 4390 2942 4391 2950 4391 2951 4391 2942 4392 2951 4392 2943 4392 2949 4393 2952 4393 2947 4393 2947 4394 2952 4394 2931 4394 2947 4395 2931 4395 2930 4395 2953 4396 2954 4396 2955 4396 2955 4397 2954 4397 2261 4397 2955 4398 2261 4398 2956 4398 2270 4399 2271 4399 2957 4399 2957 4400 2271 4400 2272 4400 2957 4401 2272 4401 2958 4401 2270 4402 2957 4402 2269 4402 2269 4403 2957 4403 2959 4403 2269 4404 2959 4404 2268 4404 2268 4405 2959 4405 2960 4405 2268 4406 2960 4406 2264 4406 2264 4407 2960 4407 2265 4407 2265 4408 2960 4408 2961 4408 2265 4409 2961 4409 2266 4409 2266 4410 2961 4410 2962 4410 2266 4411 2962 4411 2267 4411 2267 4412 2962 4412 2262 4412 2262 4413 2962 4413 2963 4413 2262 4414 2963 4414 2263 4414 2263 4415 2963 4415 2964 4415 2263 4416 2964 4416 2258 4416 2258 4417 2964 4417 2259 4417 2259 4418 2964 4418 2965 4418 2259 4419 2965 4419 2260 4419 2260 4420 2965 4420 2956 4420 2260 4421 2956 4421 2261 4421 2958 4422 2272 4422 2966 4422 2966 4423 2272 4423 2967 4423 2966 4424 2967 4424 2968 4424 2969 4425 2970 4425 2971 4425 2971 4426 2970 4426 2954 4426 2971 4427 2954 4427 2953 4427 2969 4428 2971 4428 2972 4428 2972 4429 2971 4429 2973 4429 2972 4430 2973 4430 2974 4430 2974 4431 2973 4431 2975 4431 2974 4432 2975 4432 2976 4432 2976 4433 2975 4433 2977 4433 2976 4434 2977 4434 2978 4434 2979 4435 2980 4435 2981 4435 2981 4436 2980 4436 2982 4436 2981 4437 2982 4437 2977 4437 2977 4438 2982 4438 2983 4438 2977 4439 2983 4439 2978 4439 2984 4440 2985 4440 2986 4440 2986 4441 2985 4441 2987 4441 2986 4442 2987 4442 2979 4442 2979 4443 2987 4443 2988 4443 2979 4444 2988 4444 2980 4444 2986 4445 2989 4445 2984 4445 2984 4446 2989 4446 2968 4446 2984 4447 2968 4447 2967 4447 2990 4448 2991 4448 2992 4448 2992 4449 2991 4449 2291 4449 2992 4450 2291 4450 2993 4450 2300 4451 2301 4451 2994 4451 2994 4452 2301 4452 2302 4452 2994 4453 2302 4453 2995 4453 2300 4454 2994 4454 2299 4454 2299 4455 2994 4455 2996 4455 2299 4456 2996 4456 2298 4456 2298 4457 2996 4457 2997 4457 2298 4458 2997 4458 2294 4458 2294 4459 2997 4459 2295 4459 2295 4460 2997 4460 2998 4460 2295 4461 2998 4461 2296 4461 2296 4462 2998 4462 2999 4462 2296 4463 2999 4463 2297 4463 2297 4464 2999 4464 2292 4464 2292 4465 2999 4465 3000 4465 2292 4466 3000 4466 2293 4466 2293 4467 3000 4467 3001 4467 2293 4468 3001 4468 2288 4468 2288 4469 3001 4469 2289 4469 2289 4470 3001 4470 3002 4470 2289 4471 3002 4471 2290 4471 2290 4472 3002 4472 2993 4472 2290 4473 2993 4473 2291 4473 2995 4474 2302 4474 3003 4474 3003 4475 2302 4475 3004 4475 3003 4476 3004 4476 3005 4476 3006 4477 3007 4477 3008 4477 3008 4478 3007 4478 2991 4478 3008 4479 2991 4479 2990 4479 3006 4480 3008 4480 3009 4480 3009 4481 3008 4481 3010 4481 3009 4482 3010 4482 3011 4482 3011 4483 3010 4483 3012 4483 3011 4484 3012 4484 3013 4484 3013 4485 3012 4485 3014 4485 3013 4486 3014 4486 3015 4486 3016 4487 3017 4487 3018 4487 3018 4488 3017 4488 3019 4488 3018 4489 3019 4489 3014 4489 3014 4490 3019 4490 3020 4490 3014 4491 3020 4491 3015 4491 3021 4492 3022 4492 3023 4492 3023 4493 3022 4493 3024 4493 3023 4494 3024 4494 3016 4494 3016 4495 3024 4495 3025 4495 3016 4496 3025 4496 3017 4496 3023 4497 3026 4497 3021 4497 3021 4498 3026 4498 3005 4498 3021 4499 3005 4499 3004 4499 3027 4500 3028 4500 3029 4500 3029 4501 3028 4501 2321 4501 3029 4502 2321 4502 3030 4502 2330 4503 2331 4503 3031 4503 3031 4504 2331 4504 2332 4504 3031 4505 2332 4505 3032 4505 2330 4506 3031 4506 2329 4506 2329 4507 3031 4507 3033 4507 2329 4508 3033 4508 2328 4508 2328 4509 3033 4509 3034 4509 2328 4510 3034 4510 2324 4510 2324 4511 3034 4511 2325 4511 2325 4512 3034 4512 3035 4512 2325 4513 3035 4513 2326 4513 2326 4514 3035 4514 3036 4514 2326 4515 3036 4515 2327 4515 2327 4516 3036 4516 2322 4516 2322 4517 3036 4517 3037 4517 2322 4518 3037 4518 2323 4518 2323 4519 3037 4519 3038 4519 2323 4520 3038 4520 2318 4520 2318 4521 3038 4521 2319 4521 2319 4522 3038 4522 3039 4522 2319 4523 3039 4523 2320 4523 2320 4524 3039 4524 3030 4524 2320 4525 3030 4525 2321 4525 3032 4526 2332 4526 3040 4526 3040 4527 2332 4527 3041 4527 3040 4528 3041 4528 3042 4528 3043 4529 3044 4529 3045 4529 3045 4530 3044 4530 3028 4530 3045 4531 3028 4531 3027 4531 3043 4532 3045 4532 3046 4532 3046 4533 3045 4533 3047 4533 3046 4534 3047 4534 3048 4534 3048 4535 3047 4535 3049 4535 3048 4536 3049 4536 3050 4536 3050 4537 3049 4537 3051 4537 3050 4538 3051 4538 3052 4538 3053 4539 3054 4539 3055 4539 3055 4540 3054 4540 3056 4540 3055 4541 3056 4541 3051 4541 3051 4542 3056 4542 3057 4542 3051 4543 3057 4543 3052 4543 3058 4544 3059 4544 3060 4544 3060 4545 3059 4545 3061 4545 3060 4546 3061 4546 3053 4546 3053 4547 3061 4547 3062 4547 3053 4548 3062 4548 3054 4548 3060 4549 3063 4549 3058 4549 3058 4550 3063 4550 3042 4550 3058 4551 3042 4551 3041 4551 3064 4552 3065 4552 3066 4552 3066 4553 3065 4553 1767 4553 3066 4554 1767 4554 3067 4554 1780 4555 1781 4555 3068 4555 3068 4556 1781 4556 1783 4556 3068 4557 1783 4557 3069 4557 1780 4558 3068 4558 1778 4558 1778 4559 3068 4559 3070 4559 1778 4560 3070 4560 1776 4560 1776 4561 3070 4561 3071 4561 1776 4562 3071 4562 1771 4562 1771 4563 3071 4563 1772 4563 1772 4564 3071 4564 3072 4564 1772 4565 3072 4565 1774 4565 1774 4566 3072 4566 3073 4566 1774 4567 3073 4567 1775 4567 1775 4568 3073 4568 1769 4568 1769 4569 3073 4569 3074 4569 1769 4570 3074 4570 1770 4570 1770 4571 3074 4571 3075 4571 1770 4572 3075 4572 1763 4572 1763 4573 3075 4573 1764 4573 1764 4574 3075 4574 3076 4574 1764 4575 3076 4575 1766 4575 1766 4576 3076 4576 3067 4576 1766 4577 3067 4577 1767 4577 3069 4578 1783 4578 3077 4578 3077 4579 1783 4579 3078 4579 3077 4580 3078 4580 3079 4580 3080 4581 3081 4581 3082 4581 3065 4582 3064 4582 3083 4582 3082 4583 3081 4583 3083 4583 3083 4584 3081 4584 3084 4584 3083 4585 3084 4585 3065 4585 3080 4586 3082 4586 3085 4586 3085 4587 3082 4587 3086 4587 3085 4588 3086 4588 3087 4588 3087 4589 3086 4589 3088 4589 3087 4590 3088 4590 3089 4590 3089 4591 3088 4591 3090 4591 3089 4592 3090 4592 3091 4592 3091 4593 3090 4593 3092 4593 3092 4594 3090 4594 3093 4594 3092 4595 3093 4595 3094 4595 3094 4596 3093 4596 3095 4596 3095 4597 3093 4597 3096 4597 3095 4598 3096 4598 3097 4598 3097 4599 3096 4599 3098 4599 3097 4600 3098 4600 3099 4600 3099 4601 3098 4601 3079 4601 3099 4602 3079 4602 3078 4602 3100 4603 3101 4603 3102 4603 3102 4604 3101 4604 1797 4604 3102 4605 1797 4605 3103 4605 1810 4606 1811 4606 3104 4606 3104 4607 1811 4607 1813 4607 3104 4608 1813 4608 3105 4608 1810 4609 3104 4609 1808 4609 1808 4610 3104 4610 3106 4610 1808 4611 3106 4611 1806 4611 1806 4612 3106 4612 3107 4612 1806 4613 3107 4613 1801 4613 1801 4614 3107 4614 1802 4614 1802 4615 3107 4615 3108 4615 1802 4616 3108 4616 1804 4616 1804 4617 3108 4617 3109 4617 1804 4618 3109 4618 1805 4618 1805 4619 3109 4619 1799 4619 1799 4620 3109 4620 3110 4620 1799 4621 3110 4621 1800 4621 1800 4622 3110 4622 3111 4622 1800 4623 3111 4623 1793 4623 1793 4624 3111 4624 1794 4624 1794 4625 3111 4625 3112 4625 1794 4626 3112 4626 1796 4626 1796 4627 3112 4627 3103 4627 1796 4628 3103 4628 1797 4628 3105 4629 1813 4629 3113 4629 3113 4630 1813 4630 3114 4630 3113 4631 3114 4631 3115 4631 3116 4632 3117 4632 3118 4632 3101 4633 3100 4633 3119 4633 3118 4634 3117 4634 3119 4634 3119 4635 3117 4635 3120 4635 3119 4636 3120 4636 3101 4636 3116 4637 3118 4637 3121 4637 3121 4638 3118 4638 3122 4638 3121 4639 3122 4639 3123 4639 3123 4640 3122 4640 3124 4640 3123 4641 3124 4641 3125 4641 3125 4642 3124 4642 3126 4642 3125 4643 3126 4643 3127 4643 3127 4644 3126 4644 3128 4644 3128 4645 3126 4645 3129 4645 3128 4646 3129 4646 3130 4646 3130 4647 3129 4647 3131 4647 3131 4648 3129 4648 3132 4648 3131 4649 3132 4649 3133 4649 3133 4650 3132 4650 3134 4650 3133 4651 3134 4651 3135 4651 3135 4652 3134 4652 3115 4652 3135 4653 3115 4653 3114 4653 3136 4654 3137 4654 3138 4654 3138 4655 3137 4655 2351 4655 3138 4656 2351 4656 3139 4656 2360 4657 2361 4657 3140 4657 3140 4658 2361 4658 2362 4658 3140 4659 2362 4659 3141 4659 2360 4660 3140 4660 2359 4660 2359 4661 3140 4661 3142 4661 2359 4662 3142 4662 2358 4662 2358 4663 3142 4663 3143 4663 2358 4664 3143 4664 2354 4664 2354 4665 3143 4665 2355 4665 2355 4666 3143 4666 3144 4666 2355 4667 3144 4667 2356 4667 2356 4668 3144 4668 3145 4668 2356 4669 3145 4669 2357 4669 2357 4670 3145 4670 2352 4670 2352 4671 3145 4671 3146 4671 2352 4672 3146 4672 2353 4672 2353 4673 3146 4673 3147 4673 2353 4674 3147 4674 2348 4674 2348 4675 3147 4675 2349 4675 2349 4676 3147 4676 3148 4676 2349 4677 3148 4677 2350 4677 2350 4678 3148 4678 3139 4678 2350 4679 3139 4679 2351 4679 3141 4680 2362 4680 3149 4680 3149 4681 2362 4681 3150 4681 3149 4682 3150 4682 3151 4682 3152 4683 3153 4683 3154 4683 3154 4684 3153 4684 3137 4684 3154 4685 3137 4685 3136 4685 3152 4686 3154 4686 3155 4686 3155 4687 3154 4687 3156 4687 3155 4688 3156 4688 3157 4688 3157 4689 3156 4689 3158 4689 3157 4690 3158 4690 3159 4690 3159 4691 3158 4691 3160 4691 3159 4692 3160 4692 3161 4692 3162 4693 3163 4693 3164 4693 3164 4694 3163 4694 3165 4694 3164 4695 3165 4695 3160 4695 3160 4696 3165 4696 3166 4696 3160 4697 3166 4697 3161 4697 3167 4698 3168 4698 3169 4698 3169 4699 3168 4699 3170 4699 3169 4700 3170 4700 3162 4700 3162 4701 3170 4701 3171 4701 3162 4702 3171 4702 3163 4702 3169 4703 3172 4703 3167 4703 3167 4704 3172 4704 3151 4704 3167 4705 3151 4705 3150 4705 3173 4706 3174 4706 3175 4706 3175 4707 3174 4707 1828 4707 3175 4708 1828 4708 3176 4708 1841 4709 1842 4709 3177 4709 3177 4710 1842 4710 1844 4710 3177 4711 1844 4711 3178 4711 1841 4712 3177 4712 1839 4712 1839 4713 3177 4713 3179 4713 1839 4714 3179 4714 1837 4714 1837 4715 3179 4715 3180 4715 1837 4716 3180 4716 1832 4716 1832 4717 3180 4717 1833 4717 1833 4718 3180 4718 3181 4718 1833 4719 3181 4719 1835 4719 1835 4720 3181 4720 3182 4720 1835 4721 3182 4721 1836 4721 1836 4722 3182 4722 1830 4722 1830 4723 3182 4723 3183 4723 1830 4724 3183 4724 1831 4724 1831 4725 3183 4725 3184 4725 1831 4726 3184 4726 1824 4726 1824 4727 3184 4727 1825 4727 1825 4728 3184 4728 3185 4728 1825 4729 3185 4729 1827 4729 1827 4730 3185 4730 3176 4730 1827 4731 3176 4731 1828 4731 3178 4732 1844 4732 3186 4732 3186 4733 1844 4733 3187 4733 3186 4734 3187 4734 3188 4734 3189 4735 3190 4735 3191 4735 3174 4736 3173 4736 3192 4736 3191 4737 3190 4737 3192 4737 3192 4738 3190 4738 3193 4738 3192 4739 3193 4739 3174 4739 3189 4740 3191 4740 3194 4740 3194 4741 3191 4741 3195 4741 3194 4742 3195 4742 3196 4742 3196 4743 3195 4743 3197 4743 3196 4744 3197 4744 3198 4744 3198 4745 3197 4745 3199 4745 3198 4746 3199 4746 3200 4746 3200 4747 3199 4747 3201 4747 3201 4748 3199 4748 3202 4748 3201 4749 3202 4749 3203 4749 3203 4750 3202 4750 3204 4750 3204 4751 3202 4751 3205 4751 3204 4752 3205 4752 3206 4752 3206 4753 3205 4753 3207 4753 3206 4754 3207 4754 3208 4754 3208 4755 3207 4755 3188 4755 3208 4756 3188 4756 3187 4756 3209 4757 3210 4757 3211 4757 3209 4758 3211 4758 3212 4758 3212 4759 3211 4759 3213 4759 3212 4760 3213 4760 3214 4760 3214 4761 3213 4761 3215 4761 3214 4762 3215 4762 3216 4762 3215 4763 3217 4763 3216 4763 3216 4764 3217 4764 3218 4764 3216 4765 3218 4765 3219 4765 3219 4766 3218 4766 3220 4766 3219 4767 3220 4767 3221 4767 3221 4768 3220 4768 3222 4768 3221 4769 3222 4769 3223 4769 3223 4770 3222 4770 3224 4770 3223 4771 3224 4771 578 4771 578 4772 3224 4772 3225 4772 578 4773 3225 4773 579 4773 3210 4774 3209 4774 3226 4774 3226 4775 3209 4775 3227 4775 3226 4776 3227 4776 3228 4776 3228 4777 3227 4777 3229 4777 3228 4778 3229 4778 3230 4778 3230 4779 3229 4779 3231 4779 3230 4780 3231 4780 3232 4780 3232 4781 3231 4781 3233 4781 3232 4782 3233 4782 3234 4782 3234 4783 3233 4783 3235 4783 3234 4784 3235 4784 3236 4784 3236 4785 3235 4785 3237 4785 3236 4786 3237 4786 3238 4786 3238 4787 3237 4787 3239 4787 3238 4788 3239 4788 3240 4788 583 4789 582 4789 3239 4789 3239 4790 582 4790 3240 4790 351 4791 350 4791 3241 4791 351 4792 3241 4792 3242 4792 3242 4793 3241 4793 3243 4793 3242 4794 3243 4794 3244 4794 3244 4795 3243 4795 3245 4795 3244 4796 3245 4796 3246 4796 3246 4797 3245 4797 580 4797 3246 4798 580 4798 581 4798 553 4799 552 4799 3247 4799 3247 4800 552 4800 550 4800 556 4801 555 4801 3248 4801 3248 4802 555 4802 554 4802 3248 4803 554 4803 553 4803 556 4804 3249 4804 561 4804 561 4805 3249 4805 3250 4805 561 4806 3250 4806 557 4806 3247 4807 3251 4807 3252 4807 556 4808 3248 4808 3249 4808 3249 4809 3248 4809 3253 4809 3249 4810 3253 4810 3250 4810 3254 4811 3252 4811 3255 4811 3255 4812 3252 4812 3251 4812 3255 4813 3251 4813 3256 4813 3257 4814 3258 4814 3253 4814 3253 4815 3258 4815 3259 4815 3253 4816 3259 4816 3250 4816 550 4817 3260 4817 3247 4817 3247 4818 3260 4818 3261 4818 3247 4819 3261 4819 3251 4819 3251 4820 3261 4820 3262 4820 3251 4821 3262 4821 3256 4821 3256 4822 3262 4822 1448 4822 1448 4823 1447 4823 3256 4823 3256 4824 1447 4824 1446 4824 3256 4825 1446 4825 3255 4825 3255 4826 1446 4826 1445 4826 3255 4827 1445 4827 3254 4827 3254 4828 1445 4828 1444 4828 3254 4829 1444 4829 1443 4829 553 4830 3247 4830 3248 4830 3248 4831 3247 4831 3252 4831 3248 4832 3252 4832 3253 4832 3253 4833 3252 4833 3254 4833 3253 4834 3254 4834 3257 4834 3257 4835 3254 4835 1443 4835 3257 4836 1443 4836 1442 4836 3263 4837 3264 4837 3258 4837 3258 4838 3264 4838 3265 4838 3258 4839 3265 4839 3259 4839 3259 4840 3265 4840 3250 4840 3266 4841 3267 4841 3268 4841 3268 4842 3269 4842 3266 4842 3266 4843 3269 4843 3270 4843 3266 4844 3270 4844 3271 4844 3271 4845 3270 4845 3272 4845 3271 4846 3272 4846 3273 4846 3273 4847 3272 4847 3274 4847 3273 4848 3274 4848 3275 4848 3275 4849 3263 4849 3273 4849 3273 4850 3263 4850 3258 4850 3273 4851 3258 4851 3276 4851 3276 4852 3258 4852 3257 4852 3276 4853 3257 4853 1449 4853 1449 4854 3257 4854 1442 4854 558 4855 557 4855 3277 4855 3277 4856 557 4856 3250 4856 3277 4857 3250 4857 3278 4857 3278 4858 3250 4858 3265 4858 3273 4859 3276 4859 3279 4859 1454 4860 1453 4860 3280 4860 3267 4861 3266 4861 3281 4861 3281 4862 3266 4862 3282 4862 3283 4863 3284 4863 3285 4863 3285 4864 3284 4864 3286 4864 3285 4865 3286 4865 3282 4865 3282 4866 3286 4866 3287 4866 3282 4867 3287 4867 3281 4867 3283 4868 3285 4868 3288 4868 3288 4869 3285 4869 3289 4869 3288 4870 3289 4870 3290 4870 3290 4871 3289 4871 3291 4871 3290 4872 3291 4872 3292 4872 3276 4873 1449 4873 3279 4873 3279 4874 1449 4874 1450 4874 3279 4875 1450 4875 3293 4875 3271 4876 3273 4876 3294 4876 3294 4877 3273 4877 3279 4877 3294 4878 3279 4878 3295 4878 3295 4879 3279 4879 3293 4879 3295 4880 3293 4880 3296 4880 3266 4881 3271 4881 3282 4881 3282 4882 3271 4882 3294 4882 3282 4883 3294 4883 3285 4883 3285 4884 3294 4884 3295 4884 3285 4885 3295 4885 3289 4885 3289 4886 3295 4886 3296 4886 1454 4887 3297 4887 1452 4887 1452 4888 3297 4888 3298 4888 1452 4889 3298 4889 1451 4889 1454 4890 3280 4890 3297 4890 3297 4891 3280 4891 3299 4891 3297 4892 3299 4892 3298 4892 1450 4893 1451 4893 3293 4893 3293 4894 1451 4894 3298 4894 3293 4895 3298 4895 3296 4895 3296 4896 3298 4896 3299 4896 3296 4897 3299 4897 3289 4897 3289 4898 3299 4898 3300 4898 3289 4899 3300 4899 3291 4899 1457 4900 1459 4900 3301 4900 421 4901 420 4901 1470 4901 1470 4902 420 4902 3302 4902 1459 4903 1458 4903 3301 4903 3301 4904 1458 4904 1473 4904 3301 4905 1473 4905 3303 4905 3303 4906 1473 4906 1477 4906 3303 4907 1477 4907 3302 4907 3302 4908 1477 4908 1468 4908 3302 4909 1468 4909 1470 4909 3301 4910 3304 4910 3305 4910 1457 4911 3301 4911 1463 4911 1463 4912 3301 4912 3305 4912 1463 4913 3305 4913 1464 4913 3306 4914 1461 4914 3305 4914 3305 4915 1461 4915 1465 4915 3305 4916 1465 4916 1464 4916 732 4917 1456 4917 3306 4917 3306 4918 1456 4918 1462 4918 3306 4919 1462 4919 1461 4919 3303 4920 3307 4920 3301 4920 3301 4921 3307 4921 3308 4921 3301 4922 3308 4922 3304 4922 3304 4923 3308 4923 3292 4923 1453 4924 732 4924 3280 4924 3280 4925 732 4925 3306 4925 3280 4926 3306 4926 3299 4926 3299 4927 3306 4927 3305 4927 3299 4928 3305 4928 3300 4928 3300 4929 3305 4929 3304 4929 3300 4930 3304 4930 3291 4930 3291 4931 3304 4931 3292 4931 1520 4932 1517 4932 3309 4932 3261 4933 3310 4933 3262 4933 3262 4934 3310 4934 961 4934 3262 4935 961 4935 1448 4935 1516 4936 961 4936 3311 4936 3311 4937 961 4937 3312 4937 3309 4938 1517 4938 3313 4938 1515 4939 1514 4939 3314 4939 3314 4940 1514 4940 1512 4940 3314 4941 1512 4941 1511 4941 3314 4942 566 4942 565 4942 1515 4943 3314 4943 1509 4943 1509 4944 3314 4944 565 4944 1509 4945 565 4945 1510 4945 1510 4946 565 4946 564 4946 1510 4947 564 4947 603 4947 566 4948 3314 4948 568 4948 568 4949 3314 4949 3315 4949 568 4950 3315 4950 569 4950 550 4951 569 4951 3260 4951 3260 4952 569 4952 3315 4952 3260 4953 3315 4953 3313 4953 3313 4954 3315 4954 3314 4954 3313 4955 3314 4955 3309 4955 3309 4956 3314 4956 1511 4956 3309 4957 1511 4957 1520 4957 3313 4958 1516 4958 3316 4958 3313 4959 3317 4959 3318 4959 1517 4960 1518 4960 3313 4960 3313 4961 1518 4961 1519 4961 3313 4962 1519 4962 1516 4962 3316 4963 1516 4963 3311 4963 3316 4964 3311 4964 3313 4964 3313 4965 3311 4965 3312 4965 3313 4966 3312 4966 3317 4966 3317 4967 3312 4967 961 4967 3317 4968 961 4968 3318 4968 3318 4969 961 4969 3310 4969 3318 4970 3310 4970 3313 4970 3313 4971 3310 4971 3261 4971 3313 4972 3261 4972 3260 4972 3319 4973 3320 4973 1790 4973 1790 4974 3320 4974 3321 4974 1790 4975 3321 4975 1791 4975 1791 4976 3321 4976 3322 4976 1791 4977 3322 4977 1784 4977 1784 4978 3322 4978 3323 4978 1784 4979 3323 4979 1785 4979 1790 4980 1789 4980 3319 4980 3319 4981 1789 4981 1786 4981 3319 4982 1786 4982 3324 4982 3324 4983 1786 4983 3325 4983 3325 4984 1786 4984 1787 4984 3325 4985 1787 4985 3326 4985 3326 4986 1787 4986 1788 4986 3326 4987 1788 4987 3327 4987 1783 4988 1782 4988 1785 4988 3323 4989 3328 4989 1785 4989 1785 4990 3328 4990 3078 4990 1785 4991 3078 4991 1783 4991 3078 4992 3328 4992 3099 4992 3099 4993 3328 4993 3329 4993 3099 4994 3329 4994 3097 4994 3097 4995 3329 4995 3095 4995 3095 4996 3329 4996 3330 4996 3095 4997 3330 4997 3094 4997 3094 4998 3330 4998 3092 4998 3092 4999 3330 4999 3331 4999 3092 5000 3331 5000 3091 5000 3091 5001 3331 5001 3089 5001 3089 5002 3331 5002 3332 5002 3089 5003 3332 5003 3087 5003 3087 5004 3332 5004 3085 5004 3085 5005 3332 5005 3333 5005 3085 5006 3333 5006 3080 5006 3080 5007 3333 5007 3081 5007 3081 5008 3333 5008 3334 5008 3081 5009 3334 5009 3084 5009 3084 5010 3334 5010 3335 5010 3084 5011 3335 5011 3065 5011 3336 5012 3327 5012 1788 5012 1765 5013 1767 5013 1788 5013 1788 5014 1767 5014 3065 5014 1788 5015 3065 5015 3336 5015 3336 5016 3065 5016 3335 5016 1813 5017 1812 5017 1814 5017 1814 5018 3337 5018 3338 5018 1813 5019 1814 5019 3114 5019 3114 5020 1814 5020 3338 5020 3114 5021 3338 5021 3339 5021 3114 5022 3339 5022 3135 5022 3135 5023 3339 5023 3340 5023 3135 5024 3340 5024 3133 5024 3133 5025 3340 5025 3131 5025 3131 5026 3340 5026 3341 5026 3131 5027 3341 5027 3130 5027 3130 5028 3341 5028 3128 5028 3128 5029 3341 5029 3342 5029 3128 5030 3342 5030 3127 5030 3127 5031 3342 5031 3125 5031 3125 5032 3342 5032 3343 5032 3125 5033 3343 5033 3123 5033 3123 5034 3343 5034 3121 5034 3121 5035 3343 5035 3344 5035 3121 5036 3344 5036 3116 5036 3116 5037 3344 5037 3117 5037 3117 5038 3344 5038 3345 5038 3117 5039 3345 5039 3120 5039 3120 5040 3345 5040 3346 5040 3120 5041 3346 5041 3101 5041 1795 5042 1797 5042 1817 5042 1817 5043 1797 5043 3101 5043 1817 5044 3101 5044 3347 5044 3347 5045 3101 5045 3346 5045 3337 5046 1814 5046 1815 5046 3348 5047 3349 5047 1821 5047 1821 5048 3349 5048 3350 5048 1821 5049 3350 5049 1816 5049 1816 5050 3350 5050 3351 5050 1816 5051 3351 5051 1815 5051 1815 5052 3351 5052 3352 5052 1815 5053 3352 5053 3337 5053 1821 5054 1820 5054 3348 5054 3348 5055 1820 5055 1819 5055 3348 5056 1819 5056 3353 5056 3353 5057 1819 5057 1818 5057 3353 5058 1818 5058 3354 5058 3354 5059 1818 5059 1817 5059 3354 5060 1817 5060 3347 5060 3355 5061 3338 5061 3337 5061 3351 5062 655 5062 3352 5062 3352 5063 655 5063 653 5063 3352 5064 653 5064 3337 5064 3356 5065 3355 5065 3357 5065 3358 5066 3359 5066 3360 5066 3355 5067 3361 5067 3357 5067 3357 5068 3361 5068 3362 5068 3357 5069 3362 5069 3360 5069 3360 5070 3362 5070 3363 5070 3360 5071 3363 5071 3358 5071 3356 5072 3357 5072 3364 5072 3364 5073 3357 5073 3360 5073 3364 5074 3360 5074 3365 5074 3365 5075 3360 5075 3359 5075 3365 5076 3359 5076 3366 5076 654 5077 3325 5077 652 5077 652 5078 3325 5078 3326 5078 652 5079 3326 5079 3327 5079 3337 5080 653 5080 3355 5080 3355 5081 653 5081 652 5081 3355 5082 652 5082 3361 5082 3361 5083 652 5083 3327 5083 3361 5084 3327 5084 3336 5084 1844 5085 1843 5085 1848 5085 1848 5086 634 5086 633 5086 1844 5087 1848 5087 3187 5087 3187 5088 1848 5088 633 5088 3187 5089 633 5089 3367 5089 3187 5090 3367 5090 3208 5090 3208 5091 3367 5091 3368 5091 3208 5092 3368 5092 3206 5092 3206 5093 3368 5093 3204 5093 3204 5094 3368 5094 3369 5094 3204 5095 3369 5095 3203 5095 3203 5096 3369 5096 3201 5096 3201 5097 3369 5097 3370 5097 3201 5098 3370 5098 3200 5098 3200 5099 3370 5099 3198 5099 3198 5100 3370 5100 3371 5100 3198 5101 3371 5101 3196 5101 3196 5102 3371 5102 3194 5102 3194 5103 3371 5103 3372 5103 3194 5104 3372 5104 3189 5104 3189 5105 3372 5105 3190 5105 3190 5106 3372 5106 3373 5106 3190 5107 3373 5107 3193 5107 3193 5108 3373 5108 3374 5108 3193 5109 3374 5109 3174 5109 1826 5110 1828 5110 1849 5110 1849 5111 1828 5111 3174 5111 1849 5112 3174 5112 3375 5112 3375 5113 3174 5113 3374 5113 634 5114 1848 5114 1847 5114 3376 5115 3377 5115 1845 5115 1845 5116 3377 5116 3378 5116 1845 5117 3378 5117 1846 5117 1846 5118 3378 5118 635 5118 1846 5119 635 5119 1847 5119 1847 5120 635 5120 637 5120 1847 5121 637 5121 634 5121 1845 5122 1852 5122 3376 5122 3376 5123 1852 5123 1851 5123 3376 5124 1851 5124 3379 5124 3379 5125 1851 5125 1850 5125 3379 5126 1850 5126 3380 5126 3380 5127 1850 5127 1849 5127 3380 5128 1849 5128 3375 5128 2486 5129 3381 5129 2503 5129 2503 5130 3381 5130 3382 5130 2503 5131 3382 5131 2504 5131 2504 5132 3382 5132 2506 5132 2506 5133 3382 5133 3383 5133 2506 5134 3383 5134 2507 5134 2507 5135 3383 5135 3384 5135 2507 5136 3384 5136 2499 5136 2499 5137 3384 5137 2501 5137 2501 5138 3384 5138 3385 5138 2501 5139 3385 5139 2502 5139 2502 5140 3385 5140 3386 5140 2502 5141 3386 5141 2497 5141 2497 5142 3386 5142 3387 5142 2497 5143 3387 5143 2495 5143 2495 5144 3387 5144 3388 5144 2495 5145 3388 5145 2493 5145 2493 5146 3388 5146 2491 5146 2491 5147 3388 5147 3389 5147 2491 5148 3389 5148 2488 5148 2488 5149 3389 5149 3390 5149 2488 5150 3390 5150 2489 5150 2489 5151 3390 5151 3391 5151 2489 5152 3391 5152 2473 5152 1857 5153 1871 5153 1859 5153 1859 5154 1871 5154 2473 5154 1859 5155 2473 5155 3392 5155 3392 5156 2473 5156 3391 5156 3393 5157 3394 5157 1861 5157 1861 5158 3394 5158 3395 5158 1861 5159 3395 5159 1862 5159 1862 5160 3395 5160 3396 5160 1862 5161 3396 5161 1853 5161 1853 5162 3396 5162 3397 5162 1853 5163 3397 5163 1854 5163 1861 5164 1860 5164 3393 5164 3393 5165 1860 5165 1856 5165 3393 5166 1856 5166 3398 5166 3398 5167 1856 5167 1858 5167 3398 5168 1858 5168 3399 5168 3399 5169 1858 5169 1859 5169 3399 5170 1859 5170 3392 5170 1882 5171 1855 5171 1854 5171 3397 5172 3381 5172 1854 5172 1854 5173 3381 5173 2486 5173 1854 5174 2486 5174 1882 5174 2523 5175 3400 5175 2540 5175 2540 5176 3400 5176 3401 5176 2540 5177 3401 5177 2541 5177 2541 5178 3401 5178 2543 5178 2543 5179 3401 5179 3402 5179 2543 5180 3402 5180 2544 5180 2544 5181 3402 5181 3403 5181 2544 5182 3403 5182 2536 5182 2536 5183 3403 5183 2538 5183 2538 5184 3403 5184 3404 5184 2538 5185 3404 5185 2539 5185 2539 5186 3404 5186 3405 5186 2539 5187 3405 5187 2534 5187 2534 5188 3405 5188 3406 5188 2534 5189 3406 5189 2532 5189 2532 5190 3406 5190 3407 5190 2532 5191 3407 5191 2530 5191 2530 5192 3407 5192 2528 5192 2528 5193 3407 5193 3408 5193 2528 5194 3408 5194 2525 5194 2525 5195 3408 5195 3409 5195 2525 5196 3409 5196 2526 5196 2526 5197 3409 5197 3410 5197 2526 5198 3410 5198 2510 5198 1887 5199 1901 5199 1889 5199 1889 5200 1901 5200 2510 5200 1889 5201 2510 5201 3411 5201 3411 5202 2510 5202 3410 5202 3412 5203 3413 5203 1891 5203 1891 5204 3413 5204 3414 5204 1891 5205 3414 5205 1892 5205 1892 5206 3414 5206 3415 5206 1892 5207 3415 5207 1883 5207 1883 5208 3415 5208 3416 5208 1883 5209 3416 5209 1884 5209 1891 5210 1890 5210 3412 5210 3412 5211 1890 5211 1886 5211 3412 5212 1886 5212 3417 5212 3417 5213 1886 5213 1888 5213 3417 5214 1888 5214 3418 5214 3418 5215 1888 5215 1889 5215 3418 5216 1889 5216 3411 5216 1912 5217 1885 5217 1884 5217 3416 5218 3400 5218 1884 5218 1884 5219 3400 5219 2523 5219 1884 5220 2523 5220 1912 5220 2560 5221 3419 5221 2577 5221 2577 5222 3419 5222 3420 5222 2577 5223 3420 5223 2578 5223 2578 5224 3420 5224 2580 5224 2580 5225 3420 5225 3421 5225 2580 5226 3421 5226 2581 5226 2581 5227 3421 5227 3422 5227 2581 5228 3422 5228 2573 5228 2573 5229 3422 5229 2575 5229 2575 5230 3422 5230 3423 5230 2575 5231 3423 5231 2576 5231 2576 5232 3423 5232 3424 5232 2576 5233 3424 5233 2571 5233 2571 5234 3424 5234 3425 5234 2571 5235 3425 5235 2569 5235 2569 5236 3425 5236 3426 5236 2569 5237 3426 5237 2567 5237 2567 5238 3426 5238 2565 5238 2565 5239 3426 5239 3427 5239 2565 5240 3427 5240 2562 5240 2562 5241 3427 5241 3428 5241 2562 5242 3428 5242 2563 5242 2563 5243 3428 5243 3429 5243 2563 5244 3429 5244 2547 5244 1913 5245 1931 5245 1914 5245 1914 5246 1931 5246 2547 5246 1914 5247 2547 5247 3430 5247 3430 5248 2547 5248 3429 5248 3431 5249 3432 5249 1924 5249 1924 5250 3432 5250 3433 5250 1924 5251 3433 5251 1919 5251 1919 5252 3433 5252 3434 5252 1919 5253 3434 5253 1918 5253 1918 5254 3434 5254 3435 5254 1918 5255 3435 5255 1916 5255 1924 5256 1923 5256 3431 5256 3431 5257 1923 5257 1922 5257 3431 5258 1922 5258 3436 5258 3436 5259 1922 5259 1915 5259 3436 5260 1915 5260 3437 5260 3437 5261 1915 5261 1914 5261 3437 5262 1914 5262 3430 5262 1942 5263 1917 5263 1916 5263 3435 5264 3419 5264 1916 5264 1916 5265 3419 5265 2560 5265 1916 5266 2560 5266 1942 5266 2597 5267 3438 5267 2614 5267 2614 5268 3438 5268 3439 5268 2614 5269 3439 5269 2615 5269 2615 5270 3439 5270 2617 5270 2617 5271 3439 5271 3440 5271 2617 5272 3440 5272 2618 5272 2618 5273 3440 5273 3441 5273 2618 5274 3441 5274 2610 5274 2610 5275 3441 5275 2612 5275 2612 5276 3441 5276 3442 5276 2612 5277 3442 5277 2613 5277 2613 5278 3442 5278 3443 5278 2613 5279 3443 5279 2608 5279 2608 5280 3443 5280 3444 5280 2608 5281 3444 5281 2606 5281 2606 5282 3444 5282 3445 5282 2606 5283 3445 5283 2604 5283 2604 5284 3445 5284 2602 5284 2602 5285 3445 5285 3446 5285 2602 5286 3446 5286 2599 5286 2599 5287 3446 5287 3447 5287 2599 5288 3447 5288 2600 5288 2600 5289 3447 5289 3448 5289 2600 5290 3448 5290 2584 5290 1943 5291 1961 5291 1944 5291 1944 5292 1961 5292 2584 5292 1944 5293 2584 5293 3449 5293 3449 5294 2584 5294 3448 5294 3450 5295 3451 5295 1952 5295 1952 5296 3451 5296 3452 5296 1952 5297 3452 5297 1949 5297 1949 5298 3452 5298 3453 5298 1949 5299 3453 5299 1948 5299 1948 5300 3453 5300 3454 5300 1948 5301 3454 5301 1946 5301 1952 5302 1951 5302 3450 5302 3450 5303 1951 5303 1950 5303 3450 5304 1950 5304 3455 5304 3455 5305 1950 5305 1945 5305 3455 5306 1945 5306 3456 5306 3456 5307 1945 5307 1944 5307 3456 5308 1944 5308 3449 5308 1972 5309 1947 5309 1946 5309 3454 5310 3438 5310 1946 5310 1946 5311 3438 5311 2597 5311 1946 5312 2597 5312 1972 5312 2634 5313 3457 5313 2651 5313 2651 5314 3457 5314 3458 5314 2651 5315 3458 5315 2652 5315 2652 5316 3458 5316 2654 5316 2654 5317 3458 5317 3459 5317 2654 5318 3459 5318 2655 5318 2655 5319 3459 5319 3460 5319 2655 5320 3460 5320 2647 5320 2647 5321 3460 5321 2649 5321 2649 5322 3460 5322 3461 5322 2649 5323 3461 5323 2650 5323 2650 5324 3461 5324 3462 5324 2650 5325 3462 5325 2645 5325 2645 5326 3462 5326 3463 5326 2645 5327 3463 5327 2643 5327 2643 5328 3463 5328 3464 5328 2643 5329 3464 5329 2641 5329 2641 5330 3464 5330 2639 5330 2639 5331 3464 5331 3465 5331 2639 5332 3465 5332 2636 5332 2636 5333 3465 5333 3466 5333 2636 5334 3466 5334 2637 5334 2637 5335 3466 5335 3467 5335 2637 5336 3467 5336 2621 5336 1975 5337 1991 5337 1973 5337 1973 5338 1991 5338 2621 5338 1973 5339 2621 5339 3468 5339 3468 5340 2621 5340 3467 5340 3469 5341 3470 5341 1978 5341 1978 5342 3470 5342 3471 5342 1978 5343 3471 5343 1979 5343 1979 5344 3471 5344 3472 5344 1979 5345 3472 5345 1981 5345 1981 5346 3472 5346 3473 5346 1981 5347 3473 5347 1982 5347 1978 5348 1977 5348 3469 5348 3469 5349 1977 5349 1976 5349 3469 5350 1976 5350 3474 5350 3474 5351 1976 5351 1974 5351 3474 5352 1974 5352 3475 5352 3475 5353 1974 5353 1973 5353 3475 5354 1973 5354 3468 5354 2002 5355 1980 5355 1982 5355 3473 5356 3457 5356 1982 5356 1982 5357 3457 5357 2634 5357 1982 5358 2634 5358 2002 5358 2671 5359 3476 5359 2688 5359 2688 5360 3476 5360 3477 5360 2688 5361 3477 5361 2689 5361 2689 5362 3477 5362 2691 5362 2691 5363 3477 5363 3478 5363 2691 5364 3478 5364 2692 5364 2692 5365 3478 5365 3479 5365 2692 5366 3479 5366 2684 5366 2684 5367 3479 5367 2686 5367 2686 5368 3479 5368 3480 5368 2686 5369 3480 5369 2687 5369 2687 5370 3480 5370 3481 5370 2687 5371 3481 5371 2682 5371 2682 5372 3481 5372 3482 5372 2682 5373 3482 5373 2680 5373 2680 5374 3482 5374 3483 5374 2680 5375 3483 5375 2678 5375 2678 5376 3483 5376 2676 5376 2676 5377 3483 5377 3484 5377 2676 5378 3484 5378 2673 5378 2673 5379 3484 5379 3485 5379 2673 5380 3485 5380 2674 5380 2674 5381 3485 5381 3486 5381 2674 5382 3486 5382 2658 5382 2003 5383 2021 5383 2004 5383 2004 5384 2021 5384 2658 5384 2004 5385 2658 5385 3487 5385 3487 5386 2658 5386 3486 5386 3488 5387 3489 5387 2006 5387 2006 5388 3489 5388 3490 5388 2006 5389 3490 5389 2007 5389 2007 5390 3490 5390 3491 5390 2007 5391 3491 5391 2009 5391 2009 5392 3491 5392 3492 5392 2009 5393 3492 5393 2010 5393 2006 5394 2012 5394 3488 5394 3488 5395 2012 5395 2011 5395 3488 5396 2011 5396 3493 5396 3493 5397 2011 5397 2005 5397 3493 5398 2005 5398 3494 5398 3494 5399 2005 5399 2004 5399 3494 5400 2004 5400 3487 5400 2032 5401 2008 5401 2010 5401 3492 5402 3476 5402 2010 5402 2010 5403 3476 5403 2671 5403 2010 5404 2671 5404 2032 5404 2708 5405 3495 5405 2725 5405 2725 5406 3495 5406 3496 5406 2725 5407 3496 5407 2726 5407 2726 5408 3496 5408 2728 5408 2728 5409 3496 5409 3497 5409 2728 5410 3497 5410 2729 5410 2729 5411 3497 5411 3498 5411 2729 5412 3498 5412 2721 5412 2721 5413 3498 5413 2723 5413 2723 5414 3498 5414 3499 5414 2723 5415 3499 5415 2724 5415 2724 5416 3499 5416 3500 5416 2724 5417 3500 5417 2719 5417 2719 5418 3500 5418 3501 5418 2719 5419 3501 5419 2717 5419 2717 5420 3501 5420 3502 5420 2717 5421 3502 5421 2715 5421 2715 5422 3502 5422 2713 5422 2713 5423 3502 5423 3503 5423 2713 5424 3503 5424 2710 5424 2710 5425 3503 5425 3504 5425 2710 5426 3504 5426 2711 5426 2711 5427 3504 5427 3505 5427 2711 5428 3505 5428 2695 5428 2038 5429 2051 5429 2039 5429 2039 5430 2051 5430 2695 5430 2039 5431 2695 5431 3506 5431 3506 5432 2695 5432 3505 5432 3507 5433 3508 5433 2033 5433 2033 5434 3508 5434 3509 5434 2033 5435 3509 5435 2034 5435 2034 5436 3509 5436 3510 5436 2034 5437 3510 5437 2036 5437 2036 5438 3510 5438 3511 5438 2036 5439 3511 5439 2037 5439 2033 5440 2042 5440 3507 5440 3507 5441 2042 5441 2041 5441 3507 5442 2041 5442 3512 5442 3512 5443 2041 5443 2040 5443 3512 5444 2040 5444 3513 5444 3513 5445 2040 5445 2039 5445 3513 5446 2039 5446 3506 5446 2062 5447 2035 5447 2037 5447 3511 5448 3495 5448 2037 5448 2037 5449 3495 5449 2708 5449 2037 5450 2708 5450 2062 5450 2745 5451 3514 5451 2762 5451 2762 5452 3514 5452 3515 5452 2762 5453 3515 5453 2763 5453 2763 5454 3515 5454 2765 5454 2765 5455 3515 5455 3516 5455 2765 5456 3516 5456 2766 5456 2766 5457 3516 5457 3517 5457 2766 5458 3517 5458 2758 5458 2758 5459 3517 5459 2760 5459 2760 5460 3517 5460 3518 5460 2760 5461 3518 5461 2761 5461 2761 5462 3518 5462 3519 5462 2761 5463 3519 5463 2756 5463 2756 5464 3519 5464 3520 5464 2756 5465 3520 5465 2754 5465 2754 5466 3520 5466 3521 5466 2754 5467 3521 5467 2752 5467 2752 5468 3521 5468 2750 5468 2750 5469 3521 5469 3522 5469 2750 5470 3522 5470 2747 5470 2747 5471 3522 5471 3523 5471 2747 5472 3523 5472 2748 5472 2748 5473 3523 5473 3524 5473 2748 5474 3524 5474 2732 5474 2065 5475 2081 5475 2063 5475 2063 5476 2081 5476 2732 5476 2063 5477 2732 5477 3525 5477 3525 5478 2732 5478 3524 5478 3526 5479 3527 5479 2068 5479 2068 5480 3527 5480 3528 5480 2068 5481 3528 5481 2069 5481 2069 5482 3528 5482 3529 5482 2069 5483 3529 5483 2071 5483 2071 5484 3529 5484 3530 5484 2071 5485 3530 5485 2072 5485 2068 5486 2067 5486 3526 5486 3526 5487 2067 5487 2066 5487 3526 5488 2066 5488 3531 5488 3531 5489 2066 5489 2064 5489 3531 5490 2064 5490 3532 5490 3532 5491 2064 5491 2063 5491 3532 5492 2063 5492 3525 5492 2092 5493 2070 5493 2072 5493 3530 5494 3514 5494 2072 5494 2072 5495 3514 5495 2745 5495 2072 5496 2745 5496 2092 5496 2782 5497 3533 5497 2799 5497 2799 5498 3533 5498 3534 5498 2799 5499 3534 5499 2800 5499 2800 5500 3534 5500 2802 5500 2802 5501 3534 5501 3535 5501 2802 5502 3535 5502 2803 5502 2803 5503 3535 5503 3536 5503 2803 5504 3536 5504 2795 5504 2795 5505 3536 5505 2797 5505 2797 5506 3536 5506 3537 5506 2797 5507 3537 5507 2798 5507 2798 5508 3537 5508 3538 5508 2798 5509 3538 5509 2793 5509 2793 5510 3538 5510 3539 5510 2793 5511 3539 5511 2791 5511 2791 5512 3539 5512 3540 5512 2791 5513 3540 5513 2789 5513 2789 5514 3540 5514 2787 5514 2787 5515 3540 5515 3541 5515 2787 5516 3541 5516 2784 5516 2784 5517 3541 5517 3542 5517 2784 5518 3542 5518 2785 5518 2785 5519 3542 5519 3543 5519 2785 5520 3543 5520 2769 5520 2093 5521 2111 5521 2094 5521 2094 5522 2111 5522 2769 5522 2094 5523 2769 5523 3544 5523 3544 5524 2769 5524 3543 5524 3545 5525 3546 5525 3547 5525 2104 5526 3548 5526 2101 5526 2101 5527 3548 5527 3549 5527 2101 5528 3549 5528 2100 5528 2100 5529 3549 5529 3550 5529 2100 5530 3550 5530 2098 5530 3551 5531 3548 5531 3552 5531 3552 5532 3548 5532 2104 5532 3552 5533 2104 5533 3553 5533 3553 5534 2104 5534 2103 5534 3553 5535 2103 5535 3547 5535 3547 5536 2103 5536 2102 5536 3547 5537 2102 5537 3545 5537 3545 5538 2102 5538 2095 5538 3545 5539 2095 5539 3554 5539 3554 5540 2095 5540 2094 5540 3554 5541 2094 5541 3544 5541 2122 5542 2099 5542 2098 5542 3550 5543 3533 5543 2098 5543 2098 5544 3533 5544 2782 5544 2098 5545 2782 5545 2122 5545 2819 5546 3555 5546 2836 5546 2836 5547 3555 5547 3556 5547 2836 5548 3556 5548 2837 5548 2837 5549 3556 5549 2839 5549 2839 5550 3556 5550 3557 5550 2839 5551 3557 5551 2840 5551 2840 5552 3557 5552 3558 5552 2840 5553 3558 5553 2832 5553 2832 5554 3558 5554 2834 5554 2834 5555 3558 5555 3559 5555 2834 5556 3559 5556 2835 5556 2835 5557 3559 5557 3560 5557 2835 5558 3560 5558 2830 5558 2830 5559 3560 5559 3561 5559 2830 5560 3561 5560 2828 5560 2828 5561 3561 5561 3562 5561 2828 5562 3562 5562 2826 5562 2826 5563 3562 5563 2824 5563 2824 5564 3562 5564 3563 5564 2824 5565 3563 5565 2821 5565 2821 5566 3563 5566 3564 5566 2821 5567 3564 5567 2822 5567 2822 5568 3564 5568 3565 5568 2822 5569 3565 5569 2806 5569 2128 5570 2141 5570 2129 5570 2129 5571 2141 5571 2806 5571 2129 5572 2806 5572 3566 5572 3566 5573 2806 5573 3565 5573 3567 5574 3568 5574 2123 5574 2123 5575 3568 5575 3569 5575 2123 5576 3569 5576 2124 5576 2124 5577 3569 5577 3570 5577 2124 5578 3570 5578 2126 5578 2126 5579 3570 5579 3571 5579 2126 5580 3571 5580 2127 5580 2123 5581 2132 5581 3567 5581 3567 5582 2132 5582 2131 5582 3567 5583 2131 5583 3572 5583 3572 5584 2131 5584 2130 5584 3572 5585 2130 5585 3573 5585 3573 5586 2130 5586 2129 5586 3573 5587 2129 5587 3566 5587 2152 5588 2125 5588 2127 5588 3571 5589 3555 5589 2127 5589 2127 5590 3555 5590 2819 5590 2127 5591 2819 5591 2152 5591 2856 5592 3574 5592 2873 5592 2873 5593 3574 5593 3575 5593 2873 5594 3575 5594 2874 5594 2874 5595 3575 5595 2876 5595 2876 5596 3575 5596 3576 5596 2876 5597 3576 5597 2877 5597 2877 5598 3576 5598 3577 5598 2877 5599 3577 5599 2869 5599 2869 5600 3577 5600 2871 5600 2871 5601 3577 5601 3578 5601 2871 5602 3578 5602 2872 5602 2872 5603 3578 5603 3579 5603 2872 5604 3579 5604 2867 5604 2867 5605 3579 5605 3580 5605 2867 5606 3580 5606 2865 5606 2865 5607 3580 5607 3581 5607 2865 5608 3581 5608 2863 5608 2863 5609 3581 5609 2861 5609 2861 5610 3581 5610 3582 5610 2861 5611 3582 5611 2858 5611 2858 5612 3582 5612 3583 5612 2858 5613 3583 5613 2859 5613 2859 5614 3583 5614 3584 5614 2859 5615 3584 5615 2843 5615 2155 5616 2171 5616 2153 5616 2153 5617 2171 5617 2843 5617 2153 5618 2843 5618 3585 5618 3585 5619 2843 5619 3584 5619 3586 5620 3587 5620 2158 5620 2158 5621 3587 5621 3588 5621 2158 5622 3588 5622 2159 5622 2159 5623 3588 5623 3589 5623 2159 5624 3589 5624 2161 5624 2161 5625 3589 5625 3590 5625 2161 5626 3590 5626 2162 5626 2158 5627 2157 5627 3586 5627 3586 5628 2157 5628 2156 5628 3586 5629 2156 5629 3591 5629 3591 5630 2156 5630 2154 5630 3591 5631 2154 5631 3592 5631 3592 5632 2154 5632 2153 5632 3592 5633 2153 5633 3585 5633 2182 5634 2160 5634 2162 5634 3590 5635 3574 5635 2162 5635 2162 5636 3574 5636 2856 5636 2162 5637 2856 5637 2182 5637 2893 5638 3593 5638 2910 5638 2910 5639 3593 5639 3594 5639 2910 5640 3594 5640 2911 5640 2911 5641 3594 5641 2913 5641 2913 5642 3594 5642 3595 5642 2913 5643 3595 5643 2914 5643 2914 5644 3595 5644 3596 5644 2914 5645 3596 5645 2906 5645 2906 5646 3596 5646 2908 5646 2908 5647 3596 5647 3597 5647 2908 5648 3597 5648 2909 5648 2909 5649 3597 5649 3598 5649 2909 5650 3598 5650 2904 5650 2904 5651 3598 5651 3599 5651 2904 5652 3599 5652 2902 5652 2902 5653 3599 5653 3600 5653 2902 5654 3600 5654 2900 5654 2900 5655 3600 5655 2898 5655 2898 5656 3600 5656 3601 5656 2898 5657 3601 5657 2895 5657 2895 5658 3601 5658 3602 5658 2895 5659 3602 5659 2896 5659 2896 5660 3602 5660 3603 5660 2896 5661 3603 5661 2880 5661 2187 5662 2201 5662 2189 5662 2189 5663 2201 5663 2880 5663 2189 5664 2880 5664 3604 5664 3604 5665 2880 5665 3603 5665 3605 5666 3606 5666 2191 5666 2191 5667 3606 5667 3607 5667 2191 5668 3607 5668 2192 5668 2192 5669 3607 5669 3608 5669 2192 5670 3608 5670 2183 5670 2183 5671 3608 5671 3609 5671 2183 5672 3609 5672 2184 5672 2191 5673 2190 5673 3605 5673 3605 5674 2190 5674 2186 5674 3605 5675 2186 5675 3610 5675 3610 5676 2186 5676 2188 5676 3610 5677 2188 5677 3611 5677 3611 5678 2188 5678 2189 5678 3611 5679 2189 5679 3604 5679 2212 5680 2185 5680 2184 5680 3609 5681 3593 5681 2184 5681 2184 5682 3593 5682 2893 5682 2184 5683 2893 5683 2212 5683 2930 5684 3612 5684 2947 5684 2947 5685 3612 5685 3613 5685 2947 5686 3613 5686 2948 5686 2948 5687 3613 5687 2950 5687 2950 5688 3613 5688 3614 5688 2950 5689 3614 5689 2951 5689 2951 5690 3614 5690 3615 5690 2951 5691 3615 5691 2943 5691 2943 5692 3615 5692 2945 5692 2945 5693 3615 5693 3616 5693 2945 5694 3616 5694 2946 5694 2946 5695 3616 5695 3617 5695 2946 5696 3617 5696 2941 5696 2941 5697 3617 5697 3618 5697 2941 5698 3618 5698 2939 5698 2939 5699 3618 5699 3619 5699 2939 5700 3619 5700 2937 5700 2937 5701 3619 5701 2935 5701 2935 5702 3619 5702 3620 5702 2935 5703 3620 5703 2932 5703 2932 5704 3620 5704 3621 5704 2932 5705 3621 5705 2933 5705 2933 5706 3621 5706 3622 5706 2933 5707 3622 5707 2917 5707 2213 5708 2231 5708 2214 5708 2214 5709 2231 5709 2917 5709 2214 5710 2917 5710 3623 5710 3623 5711 2917 5711 3622 5711 3624 5712 3625 5712 2224 5712 2224 5713 3625 5713 3626 5713 2224 5714 3626 5714 2219 5714 2219 5715 3626 5715 3627 5715 2219 5716 3627 5716 2218 5716 2218 5717 3627 5717 3628 5717 2218 5718 3628 5718 2216 5718 2224 5719 2223 5719 3624 5719 3624 5720 2223 5720 2222 5720 3624 5721 2222 5721 3629 5721 3629 5722 2222 5722 2215 5722 3629 5723 2215 5723 3630 5723 3630 5724 2215 5724 2214 5724 3630 5725 2214 5725 3623 5725 2242 5726 2217 5726 2216 5726 3628 5727 3612 5727 2216 5727 2216 5728 3612 5728 2930 5728 2216 5729 2930 5729 2242 5729 2967 5730 3631 5730 2984 5730 2984 5731 3631 5731 3632 5731 2984 5732 3632 5732 2985 5732 2985 5733 3632 5733 2987 5733 2987 5734 3632 5734 3633 5734 2987 5735 3633 5735 2988 5735 2988 5736 3633 5736 3634 5736 2988 5737 3634 5737 2980 5737 2980 5738 3634 5738 2982 5738 2982 5739 3634 5739 3635 5739 2982 5740 3635 5740 2983 5740 2983 5741 3635 5741 3636 5741 2983 5742 3636 5742 2978 5742 2978 5743 3636 5743 3637 5743 2978 5744 3637 5744 2976 5744 2976 5745 3637 5745 3638 5745 2976 5746 3638 5746 2974 5746 2974 5747 3638 5747 2972 5747 2972 5748 3638 5748 3639 5748 2972 5749 3639 5749 2969 5749 2969 5750 3639 5750 3640 5750 2969 5751 3640 5751 2970 5751 2970 5752 3640 5752 3641 5752 2970 5753 3641 5753 2954 5753 2243 5754 2261 5754 2244 5754 2244 5755 2261 5755 2954 5755 2244 5756 2954 5756 3642 5756 3642 5757 2954 5757 3641 5757 3643 5758 3644 5758 2254 5758 2254 5759 3644 5759 3645 5759 2254 5760 3645 5760 2249 5760 2249 5761 3645 5761 3646 5761 2249 5762 3646 5762 2248 5762 2248 5763 3646 5763 3647 5763 2248 5764 3647 5764 2246 5764 2254 5765 2253 5765 3643 5765 3643 5766 2253 5766 2252 5766 3643 5767 2252 5767 3648 5767 3648 5768 2252 5768 2245 5768 3648 5769 2245 5769 3649 5769 3649 5770 2245 5770 2244 5770 3649 5771 2244 5771 3642 5771 2272 5772 2247 5772 2246 5772 3647 5773 3631 5773 2246 5773 2246 5774 3631 5774 2967 5774 2246 5775 2967 5775 2272 5775 3004 5776 3650 5776 3021 5776 3021 5777 3650 5777 3651 5777 3021 5778 3651 5778 3022 5778 3022 5779 3651 5779 3024 5779 3024 5780 3651 5780 3652 5780 3024 5781 3652 5781 3025 5781 3025 5782 3652 5782 3653 5782 3025 5783 3653 5783 3017 5783 3017 5784 3653 5784 3019 5784 3019 5785 3653 5785 3654 5785 3019 5786 3654 5786 3020 5786 3020 5787 3654 5787 3655 5787 3020 5788 3655 5788 3015 5788 3015 5789 3655 5789 3656 5789 3015 5790 3656 5790 3013 5790 3013 5791 3656 5791 3657 5791 3013 5792 3657 5792 3011 5792 3011 5793 3657 5793 3009 5793 3009 5794 3657 5794 3658 5794 3009 5795 3658 5795 3006 5795 3006 5796 3658 5796 3659 5796 3006 5797 3659 5797 3007 5797 3007 5798 3659 5798 3660 5798 3007 5799 3660 5799 2991 5799 2273 5800 2291 5800 2274 5800 2274 5801 2291 5801 2991 5801 2274 5802 2991 5802 3661 5802 3661 5803 2991 5803 3660 5803 3662 5804 3663 5804 2284 5804 2284 5805 3663 5805 3664 5805 2284 5806 3664 5806 2279 5806 2279 5807 3664 5807 3665 5807 2279 5808 3665 5808 2278 5808 2278 5809 3665 5809 3666 5809 2278 5810 3666 5810 2276 5810 2284 5811 2283 5811 3662 5811 3662 5812 2283 5812 2282 5812 3662 5813 2282 5813 3667 5813 3667 5814 2282 5814 2275 5814 3667 5815 2275 5815 3668 5815 3668 5816 2275 5816 2274 5816 3668 5817 2274 5817 3661 5817 2302 5818 2277 5818 2276 5818 3666 5819 3650 5819 2276 5819 2276 5820 3650 5820 3004 5820 2276 5821 3004 5821 2302 5821 3041 5822 3669 5822 3058 5822 3058 5823 3669 5823 3670 5823 3058 5824 3670 5824 3059 5824 3059 5825 3670 5825 3061 5825 3061 5826 3670 5826 3671 5826 3061 5827 3671 5827 3062 5827 3062 5828 3671 5828 3672 5828 3062 5829 3672 5829 3054 5829 3054 5830 3672 5830 3056 5830 3056 5831 3672 5831 3673 5831 3056 5832 3673 5832 3057 5832 3057 5833 3673 5833 3674 5833 3057 5834 3674 5834 3052 5834 3052 5835 3674 5835 3675 5835 3052 5836 3675 5836 3050 5836 3050 5837 3675 5837 3676 5837 3050 5838 3676 5838 3048 5838 3048 5839 3676 5839 3046 5839 3046 5840 3676 5840 3677 5840 3046 5841 3677 5841 3043 5841 3043 5842 3677 5842 3678 5842 3043 5843 3678 5843 3044 5843 3044 5844 3678 5844 3679 5844 3044 5845 3679 5845 3028 5845 2303 5846 2321 5846 2304 5846 2304 5847 2321 5847 3028 5847 2304 5848 3028 5848 3680 5848 3680 5849 3028 5849 3679 5849 3681 5850 3682 5850 2314 5850 2314 5851 3682 5851 3683 5851 2314 5852 3683 5852 2309 5852 2309 5853 3683 5853 3684 5853 2309 5854 3684 5854 2308 5854 2308 5855 3684 5855 3685 5855 2308 5856 3685 5856 2306 5856 2314 5857 2313 5857 3681 5857 3681 5858 2313 5858 2312 5858 3681 5859 2312 5859 3686 5859 3686 5860 2312 5860 2305 5860 3686 5861 2305 5861 3687 5861 3687 5862 2305 5862 2304 5862 3687 5863 2304 5863 3680 5863 2332 5864 2307 5864 2306 5864 3685 5865 3669 5865 2306 5865 2306 5866 3669 5866 3041 5866 2306 5867 3041 5867 2332 5867 3150 5868 3688 5868 3167 5868 3167 5869 3688 5869 3689 5869 3167 5870 3689 5870 3168 5870 3168 5871 3689 5871 3170 5871 3170 5872 3689 5872 3690 5872 3170 5873 3690 5873 3171 5873 3171 5874 3690 5874 3691 5874 3171 5875 3691 5875 3163 5875 3163 5876 3691 5876 3165 5876 3165 5877 3691 5877 3692 5877 3165 5878 3692 5878 3166 5878 3166 5879 3692 5879 3693 5879 3166 5880 3693 5880 3161 5880 3161 5881 3693 5881 3694 5881 3161 5882 3694 5882 3159 5882 3159 5883 3694 5883 3695 5883 3159 5884 3695 5884 3157 5884 3157 5885 3695 5885 3155 5885 3155 5886 3695 5886 3696 5886 3155 5887 3696 5887 3152 5887 3152 5888 3696 5888 3697 5888 3152 5889 3697 5889 3153 5889 3153 5890 3697 5890 3698 5890 3153 5891 3698 5891 3137 5891 2337 5892 2351 5892 2339 5892 2339 5893 2351 5893 3137 5893 2339 5894 3137 5894 3699 5894 3699 5895 3137 5895 3698 5895 3700 5896 3701 5896 2342 5896 2342 5897 3701 5897 3702 5897 2342 5898 3702 5898 2343 5898 2343 5899 3702 5899 3703 5899 2343 5900 3703 5900 2333 5900 2333 5901 3703 5901 3704 5901 2333 5902 3704 5902 2334 5902 2342 5903 2341 5903 3700 5903 3700 5904 2341 5904 2336 5904 3700 5905 2336 5905 3705 5905 3705 5906 2336 5906 2338 5906 3705 5907 2338 5907 3706 5907 3706 5908 2338 5908 2339 5908 3706 5909 2339 5909 3699 5909 2362 5910 2335 5910 2334 5910 3704 5911 3688 5911 2334 5911 2334 5912 3688 5912 3150 5912 2334 5913 3150 5913 2362 5913 2449 5914 3707 5914 2466 5914 2466 5915 3707 5915 3708 5915 2466 5916 3708 5916 2467 5916 2467 5917 3708 5917 2469 5917 2469 5918 3708 5918 3709 5918 2469 5919 3709 5919 2470 5919 2470 5920 3709 5920 3710 5920 2470 5921 3710 5921 2462 5921 2462 5922 3710 5922 2464 5922 2464 5923 3710 5923 3711 5923 2464 5924 3711 5924 2465 5924 2465 5925 3711 5925 3712 5925 2465 5926 3712 5926 2460 5926 2460 5927 3712 5927 3713 5927 2460 5928 3713 5928 2458 5928 2458 5929 3713 5929 3714 5929 2458 5930 3714 5930 2456 5930 2456 5931 3714 5931 2454 5931 2454 5932 3714 5932 3715 5932 2454 5933 3715 5933 2451 5933 2451 5934 3715 5934 3716 5934 2451 5935 3716 5935 2452 5935 2452 5936 3716 5936 3717 5936 2452 5937 3717 5937 2436 5937 2367 5938 2381 5938 2369 5938 2369 5939 2381 5939 2436 5939 2369 5940 2436 5940 3718 5940 3718 5941 2436 5941 3717 5941 3719 5942 2364 5942 2363 5942 3720 5943 3721 5943 3722 5943 2371 5944 2370 5944 3722 5944 3722 5945 2370 5945 2366 5945 3722 5946 2366 5946 3720 5946 3720 5947 2366 5947 2368 5947 3720 5948 2368 5948 3723 5948 3723 5949 2368 5949 2369 5949 3723 5950 2369 5950 3718 5950 3722 5951 3724 5951 2371 5951 2371 5952 3724 5952 3725 5952 2371 5953 3725 5953 3726 5953 3719 5954 2363 5954 3727 5954 3727 5955 2363 5955 2372 5955 3727 5956 2372 5956 3728 5956 3728 5957 2372 5957 2371 5957 3728 5958 2371 5958 3729 5958 3729 5959 2371 5959 3726 5959 3729 5960 3726 5960 3730 5960 2392 5961 2365 5961 2364 5961 3719 5962 3707 5962 2364 5962 2364 5963 3707 5963 2449 5963 2364 5964 2449 5964 2392 5964 3731 5965 3732 5965 3733 5965 3734 5966 3735 5966 3736 5966 3735 5967 3737 5967 3738 5967 3735 5968 3738 5968 3736 5968 3736 5969 3738 5969 3739 5969 3736 5970 3739 5970 3740 5970 3740 5971 3739 5971 3741 5971 3740 5972 3741 5972 3742 5972 3742 5973 3741 5973 3743 5973 3742 5974 3743 5974 3744 5974 3744 5975 3743 5975 3745 5975 3744 5976 3745 5976 3746 5976 3746 5977 3745 5977 3747 5977 3746 5978 3747 5978 3748 5978 3748 5979 3747 5979 3749 5979 3748 5980 3749 5980 3750 5980 3750 5981 3749 5981 3751 5981 3750 5982 3751 5982 3752 5982 3752 5983 3751 5983 3753 5983 3752 5984 3753 5984 3754 5984 3754 5985 3753 5985 3755 5985 3754 5986 3755 5986 3756 5986 3756 5987 3755 5987 3757 5987 3756 5988 3757 5988 3758 5988 3758 5989 3757 5989 3759 5989 3758 5990 3759 5990 3760 5990 3760 5991 3759 5991 3761 5991 3760 5992 3761 5992 3762 5992 3762 5993 3761 5993 3763 5993 3762 5994 3763 5994 3764 5994 3764 5995 3763 5995 3765 5995 3764 5996 3765 5996 3766 5996 3766 5997 3765 5997 3767 5997 3766 5998 3767 5998 3768 5998 388 5999 3769 5999 3770 5999 3770 6000 3769 6000 3734 6000 3734 6001 3736 6001 3770 6001 3770 6002 3736 6002 3740 6002 3770 6003 3740 6003 3771 6003 3771 6004 3740 6004 3742 6004 3771 6005 3742 6005 3772 6005 3772 6006 3742 6006 3744 6006 3772 6007 3744 6007 3773 6007 3773 6008 3744 6008 3746 6008 3773 6009 3746 6009 3774 6009 3774 6010 3746 6010 3748 6010 3774 6011 3748 6011 3775 6011 3775 6012 3748 6012 3750 6012 3775 6013 3750 6013 3776 6013 3776 6014 3750 6014 3752 6014 3776 6015 3752 6015 3777 6015 3777 6016 3752 6016 3754 6016 3777 6017 3754 6017 3778 6017 3778 6018 3754 6018 3756 6018 3778 6019 3756 6019 3779 6019 3779 6020 3756 6020 3758 6020 3779 6021 3758 6021 3780 6021 3780 6022 3758 6022 3760 6022 3780 6023 3760 6023 3781 6023 3781 6024 3760 6024 3762 6024 3781 6025 3762 6025 3782 6025 3782 6026 3762 6026 3764 6026 3782 6027 3764 6027 3783 6027 3783 6028 3764 6028 3766 6028 3783 6029 3766 6029 3733 6029 3733 6030 3766 6030 3768 6030 3733 6031 3768 6031 3731 6031 388 6032 3770 6032 413 6032 413 6033 3770 6033 3771 6033 413 6034 3771 6034 414 6034 414 6035 3771 6035 3772 6035 414 6036 3772 6036 416 6036 416 6037 3772 6037 3773 6037 416 6038 3773 6038 418 6038 418 6039 3773 6039 3774 6039 418 6040 3774 6040 419 6040 419 6041 3774 6041 3775 6041 419 6042 3775 6042 405 6042 405 6043 3775 6043 3776 6043 405 6044 3776 6044 407 6044 407 6045 3776 6045 3777 6045 407 6046 3777 6046 409 6046 409 6047 3777 6047 3778 6047 409 6048 3778 6048 411 6048 411 6049 3778 6049 3779 6049 411 6050 3779 6050 412 6050 412 6051 3779 6051 3780 6051 412 6052 3780 6052 398 6052 398 6053 3780 6053 3781 6053 398 6054 3781 6054 400 6054 400 6055 3781 6055 3782 6055 400 6056 3782 6056 402 6056 402 6057 3782 6057 3783 6057 402 6058 3783 6058 403 6058 403 6059 3783 6059 3733 6059 403 6060 3733 6060 393 6060 393 6061 3733 6061 3732 6061 393 6062 3732 6062 395 6062 2424 6063 356 6063 355 6063 2716 6064 2404 6064 2718 6064 2718 6065 2404 6065 2418 6065 2753 6066 2404 6066 2755 6066 2755 6067 2404 6067 2716 6067 2755 6068 2716 6068 2759 6068 2792 6069 2833 6069 2829 6069 2827 6070 2405 6070 2829 6070 2829 6071 2405 6071 2404 6071 2829 6072 2404 6072 2792 6072 2792 6073 2404 6073 2753 6073 2792 6074 2753 6074 2796 6074 2796 6075 2753 6075 2751 6075 2796 6076 2751 6076 2749 6076 2827 6077 2825 6077 2405 6077 2405 6078 2825 6078 2823 6078 2405 6079 2823 6079 2402 6079 2422 6080 2681 6080 2679 6080 2422 6081 2679 6081 2420 6081 2679 6082 2677 6082 2420 6082 2420 6083 2677 6083 2675 6083 2420 6084 2675 6084 2418 6084 2418 6085 2675 6085 2722 6085 2418 6086 2722 6086 2718 6086 2423 6087 2683 6087 2422 6087 2422 6088 2683 6088 2685 6088 2422 6089 2685 6089 2681 6089 2424 6090 355 6090 2423 6090 2730 6091 2727 6091 2675 6091 2675 6092 2727 6092 2720 6092 2675 6093 2720 6093 2722 6093 2878 6094 2875 6094 2823 6094 2875 6095 2868 6095 2823 6095 2823 6096 2868 6096 2870 6096 2823 6097 2870 6097 2402 6097 2402 6098 2870 6098 2866 6098 2402 6099 2866 6099 2864 6099 2864 6100 2862 6100 2402 6100 2402 6101 2862 6101 2860 6101 2402 6102 2860 6102 2400 6102 2400 6103 2860 6103 387 6103 2400 6104 387 6104 2401 6104 2401 6105 387 6105 432 6105 2716 6106 2714 6106 2759 6106 2759 6107 2714 6107 2712 6107 2759 6108 2712 6108 2757 6108 2757 6109 2712 6109 2764 6109 2804 6110 2801 6110 2749 6110 2749 6111 2801 6111 2794 6111 2749 6112 2794 6112 2796 6112 2915 6113 2912 6113 2860 6113 2860 6114 2912 6114 2905 6114 2860 6115 2905 6115 387 6115 387 6116 2905 6116 2907 6116 387 6117 2907 6117 2903 6117 2903 6118 2901 6118 387 6118 387 6119 2901 6119 2899 6119 387 6120 2899 6120 2897 6120 2792 6121 2790 6121 2833 6121 2833 6122 2790 6122 2788 6122 2833 6123 2788 6123 2831 6123 2831 6124 2788 6124 2786 6124 2831 6125 2786 6125 2838 6125 2838 6126 2786 6126 2841 6126 2931 6127 2952 6127 387 6127 2897 6128 2879 6128 387 6128 387 6129 2879 6129 3784 6129 387 6130 3784 6130 2931 6130 2952 6131 2949 6131 387 6131 387 6132 2949 6132 2942 6132 387 6133 2942 6133 2944 6133 2936 6134 2934 6134 2981 6134 2944 6135 2940 6135 387 6135 387 6136 2940 6136 2938 6136 387 6137 2938 6137 2936 6137 3018 6138 3014 6138 388 6138 2936 6139 2981 6139 387 6139 387 6140 2981 6140 2977 6140 387 6141 2977 6141 388 6141 3055 6142 3051 6142 388 6142 3008 6143 3055 6143 3010 6143 3010 6144 3055 6144 388 6144 3010 6145 388 6145 3012 6145 3012 6146 388 6146 3014 6146 3051 6147 3049 6147 388 6147 388 6148 3049 6148 3047 6148 388 6149 3047 6149 3045 6149 3098 6150 3096 6150 3045 6150 3088 6151 388 6151 3090 6151 3090 6152 388 6152 3045 6152 3090 6153 3045 6153 3093 6153 3093 6154 3045 6154 3096 6154 3088 6155 3086 6155 388 6155 388 6156 3086 6156 3082 6156 388 6157 3082 6157 3083 6157 3134 6158 3132 6158 3083 6158 3132 6159 3129 6159 3083 6159 3083 6160 3129 6160 3126 6160 3083 6161 3126 6161 388 6161 388 6162 3126 6162 3124 6162 388 6163 3124 6163 3122 6163 3172 6164 3169 6164 3119 6164 3169 6165 3162 6165 3119 6165 3119 6166 3162 6166 388 6166 3119 6167 388 6167 3118 6167 3118 6168 388 6168 3122 6168 3162 6169 3164 6169 388 6169 388 6170 3164 6170 3160 6170 388 6171 3160 6171 3158 6171 2989 6172 2986 6172 2934 6172 2934 6173 2986 6173 2979 6173 2934 6174 2979 6174 2981 6174 2977 6175 2975 6175 388 6175 388 6176 2975 6176 2973 6176 388 6177 2973 6177 3018 6177 3018 6178 2973 6178 2971 6178 3018 6179 2971 6179 3016 6179 3016 6180 2971 6180 3023 6180 3063 6181 3060 6181 3008 6181 3008 6182 3060 6182 3053 6182 3008 6183 3053 6183 3055 6183 3158 6184 3156 6184 388 6184 388 6185 3156 6185 3154 6185 388 6186 3154 6186 3769 6186 3769 6187 3154 6187 3136 6187 3769 6188 3136 6188 3734 6188 3734 6189 3136 6189 3138 6189 3734 6190 3138 6190 3735 6190 3147 6191 3737 6191 3148 6191 3148 6192 3737 6192 3735 6192 3148 6193 3735 6193 3139 6193 3139 6194 3735 6194 3138 6194 3147 6195 3146 6195 3737 6195 3737 6196 3146 6196 3145 6196 3737 6197 3145 6197 3144 6197 3109 6198 3108 6198 3143 6198 3073 6199 3072 6199 3785 6199 3144 6200 3143 6200 3737 6200 3737 6201 3143 6201 3108 6201 3737 6202 3108 6202 3785 6202 3072 6203 3071 6203 3785 6203 3785 6204 3071 6204 3070 6204 3785 6205 3070 6205 3068 6205 3143 6206 3142 6206 3109 6206 3109 6207 3142 6207 3140 6207 3109 6208 3140 6208 3110 6208 3110 6209 3140 6209 3111 6209 3172 6210 3119 6210 3151 6210 3151 6211 3119 6211 3100 6211 3151 6212 3100 6212 3149 6212 3149 6213 3100 6213 3102 6213 3149 6214 3102 6214 3141 6214 3141 6215 3102 6215 3103 6215 3141 6216 3103 6216 3140 6216 3140 6217 3103 6217 3112 6217 3140 6218 3112 6218 3111 6218 3108 6219 3107 6219 3785 6219 3785 6220 3107 6220 3106 6220 3785 6221 3106 6221 3073 6221 3073 6222 3106 6222 3104 6222 3073 6223 3104 6223 3074 6223 3074 6224 3104 6224 3075 6224 3134 6225 3083 6225 3115 6225 3115 6226 3083 6226 3064 6226 3115 6227 3064 6227 3113 6227 3113 6228 3064 6228 3066 6228 3113 6229 3066 6229 3105 6229 3105 6230 3066 6230 3067 6230 3105 6231 3067 6231 3104 6231 3104 6232 3067 6232 3076 6232 3104 6233 3076 6233 3075 6233 3098 6234 3045 6234 3079 6234 3079 6235 3045 6235 3027 6235 3079 6236 3027 6236 3077 6236 3077 6237 3027 6237 3029 6237 3077 6238 3029 6238 3069 6238 3069 6239 3029 6239 3030 6239 3069 6240 3030 6240 3068 6240 3068 6241 3030 6241 3039 6241 3068 6242 3039 6242 3038 6242 3038 6243 3037 6243 3068 6243 3068 6244 3037 6244 3036 6244 3068 6245 3036 6245 3785 6245 3785 6246 3036 6246 3035 6246 3035 6247 3034 6247 3785 6247 3785 6248 3034 6248 3033 6248 3785 6249 3033 6249 3031 6249 3063 6250 3008 6250 3042 6250 3042 6251 3008 6251 2990 6251 3042 6252 2990 6252 3040 6252 3040 6253 2990 6253 2992 6253 3040 6254 2992 6254 3032 6254 3032 6255 2992 6255 2993 6255 3032 6256 2993 6256 3031 6256 3031 6257 2993 6257 3002 6257 3031 6258 3002 6258 3001 6258 3001 6259 3000 6259 3031 6259 3031 6260 3000 6260 2999 6260 3031 6261 2999 6261 3785 6261 3785 6262 2999 6262 2998 6262 2998 6263 2997 6263 3785 6263 3785 6264 2997 6264 2996 6264 3785 6265 2996 6265 2994 6265 2965 6266 2994 6266 2956 6266 2956 6267 2994 6267 2995 6267 2956 6268 2995 6268 2955 6268 2955 6269 2995 6269 3003 6269 2955 6270 3003 6270 2953 6270 2953 6271 3003 6271 3005 6271 2953 6272 3005 6272 2971 6272 2971 6273 3005 6273 3026 6273 2971 6274 3026 6274 3023 6274 2965 6275 2964 6275 2994 6275 2994 6276 2964 6276 2963 6276 2994 6277 2963 6277 3785 6277 3785 6278 2963 6278 2962 6278 3785 6279 2962 6279 2961 6279 2961 6280 2960 6280 3785 6280 3785 6281 2960 6281 2959 6281 3785 6282 2959 6282 2957 6282 3785 6283 2923 6283 2922 6283 2922 6284 2920 6284 3785 6284 3785 6285 2920 6285 2921 6285 3785 6286 2921 6286 3784 6286 3784 6287 2921 6287 2929 6287 3784 6288 2929 6288 2931 6288 2927 6289 2926 6289 2957 6289 2957 6290 2926 6290 2925 6290 2957 6291 2925 6291 3785 6291 3785 6292 2925 6292 2924 6292 3785 6293 2924 6293 2923 6293 2989 6294 2934 6294 2968 6294 2968 6295 2934 6295 2916 6295 2968 6296 2916 6296 2966 6296 2966 6297 2916 6297 2918 6297 2966 6298 2918 6298 2958 6298 2958 6299 2918 6299 2919 6299 2958 6300 2919 6300 2957 6300 2957 6301 2919 6301 2928 6301 2957 6302 2928 6302 2927 6302 2662 6303 2670 6303 3786 6303 3786 6304 2670 6304 2672 6304 3786 6305 2672 6305 355 6305 355 6306 2672 6306 2693 6306 355 6307 2693 6307 2423 6307 2423 6308 2693 6308 2690 6308 2423 6309 2690 6309 2683 6309 2879 6310 2881 6310 3784 6310 3784 6311 2881 6311 2882 6311 3784 6312 2882 6312 3785 6312 3785 6313 2882 6313 2891 6313 3785 6314 2891 6314 2890 6314 2890 6315 2889 6315 3785 6315 3785 6316 2889 6316 2888 6316 3785 6317 2888 6317 2887 6317 2851 6318 2850 6318 3785 6318 2814 6319 2813 6319 3787 6319 3785 6320 2850 6320 3787 6320 2813 6321 2812 6321 3787 6321 3787 6322 2812 6322 2811 6322 3787 6323 2811 6323 2809 6323 2850 6324 2849 6324 3787 6324 3787 6325 2849 6325 2848 6325 3787 6326 2848 6326 2814 6326 2814 6327 2848 6327 2846 6327 2814 6328 2846 6328 2815 6328 2815 6329 2846 6329 2816 6329 2878 6330 2823 6330 2857 6330 2857 6331 2823 6331 2805 6331 2857 6332 2805 6332 2855 6332 2855 6333 2805 6333 2807 6333 2855 6334 2807 6334 2847 6334 2847 6335 2807 6335 2808 6335 2847 6336 2808 6336 2846 6336 2846 6337 2808 6337 2817 6337 2846 6338 2817 6338 2816 6338 2841 6339 2786 6339 2820 6339 2820 6340 2786 6340 2768 6340 2820 6341 2768 6341 2818 6341 2818 6342 2768 6342 2770 6342 2818 6343 2770 6343 2810 6343 2810 6344 2770 6344 2771 6344 2810 6345 2771 6345 2809 6345 2809 6346 2771 6346 2780 6346 2809 6347 2780 6347 2779 6347 2779 6348 2778 6348 2809 6348 2809 6349 2778 6349 2777 6349 2809 6350 2777 6350 3787 6350 3787 6351 2777 6351 2776 6351 2776 6352 2775 6352 3787 6352 3787 6353 2775 6353 2774 6353 3787 6354 2774 6354 2772 6354 2887 6355 2886 6355 3785 6355 3785 6356 2886 6356 2885 6356 3785 6357 2885 6357 2851 6357 2851 6358 2885 6358 2883 6358 2851 6359 2883 6359 2852 6359 2852 6360 2883 6360 2853 6360 2915 6361 2860 6361 2894 6361 2894 6362 2860 6362 2842 6362 2894 6363 2842 6363 2892 6363 2892 6364 2842 6364 2844 6364 2892 6365 2844 6365 2884 6365 2884 6366 2844 6366 2845 6366 2884 6367 2845 6367 2883 6367 2883 6368 2845 6368 2854 6368 2883 6369 2854 6369 2853 6369 2804 6370 2749 6370 2783 6370 2783 6371 2749 6371 2731 6371 2783 6372 2731 6372 2781 6372 2781 6373 2731 6373 2733 6373 2781 6374 2733 6374 2773 6374 2773 6375 2733 6375 2734 6375 2773 6376 2734 6376 2772 6376 2772 6377 2734 6377 2743 6377 2772 6378 2743 6378 2742 6378 2742 6379 2741 6379 2772 6379 2772 6380 2741 6380 2740 6380 2772 6381 2740 6381 3787 6381 3787 6382 2740 6382 2739 6382 2739 6383 2738 6383 3787 6383 3787 6384 2738 6384 2737 6384 3787 6385 2737 6385 2735 6385 2706 6386 2735 6386 2697 6386 2697 6387 2735 6387 2736 6387 2697 6388 2736 6388 2696 6388 2696 6389 2736 6389 2744 6389 2696 6390 2744 6390 2694 6390 2694 6391 2744 6391 2746 6391 2694 6392 2746 6392 2712 6392 2712 6393 2746 6393 2767 6393 2712 6394 2767 6394 2764 6394 2706 6395 2705 6395 2735 6395 2735 6396 2705 6396 2704 6396 2735 6397 2704 6397 3787 6397 3787 6398 2704 6398 2703 6398 3787 6399 2703 6399 2702 6399 2702 6400 2701 6400 3787 6400 3787 6401 2701 6401 2700 6401 3787 6402 2700 6402 2698 6402 2664 6403 2663 6403 3787 6403 3787 6404 2663 6404 2661 6404 3787 6405 2661 6405 2662 6405 2668 6406 2667 6406 2698 6406 2698 6407 2667 6407 2666 6407 2698 6408 2666 6408 3787 6408 3787 6409 2666 6409 2665 6409 3787 6410 2665 6410 2664 6410 2730 6411 2675 6411 2709 6411 2709 6412 2675 6412 2657 6412 2709 6413 2657 6413 2707 6413 2707 6414 2657 6414 2659 6414 2707 6415 2659 6415 2699 6415 2699 6416 2659 6416 2660 6416 2699 6417 2660 6417 2698 6417 2698 6418 2660 6418 2669 6418 2698 6419 2669 6419 2668 6419 2662 6420 3786 6420 3787 6420 3787 6421 3786 6421 2623 6421 3787 6422 2623 6422 2632 6422 2632 6423 2631 6423 3787 6423 3787 6424 2631 6424 2630 6424 3787 6425 2630 6425 2629 6425 2626 6426 2624 6426 2592 6426 2629 6427 2628 6427 3787 6427 3787 6428 2628 6428 2627 6428 3787 6429 2627 6429 2626 6429 2555 6430 2554 6430 3788 6430 2626 6431 2592 6431 3787 6431 3787 6432 2592 6432 2591 6432 3787 6433 2591 6433 3788 6433 2591 6434 2590 6434 3788 6434 3788 6435 2590 6435 2589 6435 3788 6436 2589 6436 2555 6436 2555 6437 2589 6437 2587 6437 2554 6438 2553 6438 3788 6438 3788 6439 2553 6439 2552 6439 3788 6440 2552 6440 2550 6440 2595 6441 2594 6441 2624 6441 2624 6442 2594 6442 2593 6442 2624 6443 2593 6443 2592 6443 2521 6444 2520 6444 2550 6444 2517 6445 3788 6445 2518 6445 2518 6446 3788 6446 2550 6446 2518 6447 2550 6447 2519 6447 2519 6448 2550 6448 2520 6448 2517 6449 2516 6449 3788 6449 3788 6450 2516 6450 2515 6450 3788 6451 2515 6451 2513 6451 2484 6452 2483 6452 2513 6452 2483 6453 2482 6453 2513 6453 2513 6454 2482 6454 2481 6454 2513 6455 2481 6455 3788 6455 3788 6456 2481 6456 2480 6456 2480 6457 2479 6457 3788 6457 3788 6458 2479 6458 2478 6458 3788 6459 2478 6459 2476 6459 2447 6460 2446 6460 2476 6460 2446 6461 2445 6461 2476 6461 2476 6462 2445 6462 2444 6462 2476 6463 2444 6463 3788 6463 3788 6464 2444 6464 2443 6464 2443 6465 2442 6465 3788 6465 3788 6466 2442 6466 2441 6466 3788 6467 2441 6467 2439 6467 2439 6468 3182 6468 3788 6468 3788 6469 3182 6469 3181 6469 3788 6470 3181 6470 3180 6470 3185 6471 3184 6471 2439 6471 2439 6472 3184 6472 3183 6472 2439 6473 3183 6473 3182 6473 2558 6474 2557 6474 2587 6474 2587 6475 2557 6475 2556 6475 2587 6476 2556 6476 2555 6476 3180 6477 3179 6477 3788 6477 3788 6478 3179 6478 3177 6478 3788 6479 3177 6479 3789 6479 3789 6480 3177 6480 3178 6480 3789 6481 3178 6481 3790 6481 3790 6482 3178 6482 3186 6482 3790 6483 3186 6483 3791 6483 3791 6484 3186 6484 3188 6484 3791 6485 3188 6485 353 6485 353 6486 3188 6486 3207 6486 353 6487 3207 6487 3205 6487 3205 6488 3202 6488 353 6488 353 6489 3202 6489 3199 6489 353 6490 3199 6490 3197 6490 2463 6491 2459 6491 3195 6491 2500 6492 2496 6492 355 6492 3197 6493 3195 6493 353 6493 353 6494 3195 6494 2459 6494 353 6495 2459 6495 355 6495 2537 6496 2533 6496 355 6496 2533 6497 2531 6497 355 6497 355 6498 2531 6498 2529 6498 355 6499 2529 6499 2527 6499 2496 6500 2494 6500 355 6500 355 6501 2494 6501 2492 6501 355 6502 2492 6502 2537 6502 2537 6503 2492 6503 2490 6503 2537 6504 2490 6504 2535 6504 2535 6505 2490 6505 2542 6505 2484 6506 2513 6506 2475 6506 2475 6507 2513 6507 2514 6507 2475 6508 2514 6508 2474 6508 2474 6509 2514 6509 2522 6509 2474 6510 2522 6510 2472 6510 2472 6511 2522 6511 2524 6511 2472 6512 2524 6512 2490 6512 2490 6513 2524 6513 2545 6513 2490 6514 2545 6514 2542 6514 2459 6515 2457 6515 355 6515 355 6516 2457 6516 2455 6516 355 6517 2455 6517 2500 6517 2500 6518 2455 6518 2453 6518 2500 6519 2453 6519 2498 6519 2498 6520 2453 6520 2505 6520 2447 6521 2476 6521 2438 6521 2438 6522 2476 6522 2477 6522 2438 6523 2477 6523 2437 6523 2437 6524 2477 6524 2485 6524 2437 6525 2485 6525 2435 6525 2435 6526 2485 6526 2487 6526 2435 6527 2487 6527 2453 6527 2453 6528 2487 6528 2508 6528 2453 6529 2508 6529 2505 6529 3195 6530 3191 6530 2463 6530 2463 6531 3191 6531 3192 6531 2463 6532 3192 6532 2461 6532 2461 6533 3192 6533 2468 6533 3185 6534 2439 6534 3176 6534 3176 6535 2439 6535 2440 6535 3176 6536 2440 6536 3175 6536 3175 6537 2440 6537 2448 6537 3175 6538 2448 6538 3173 6538 3173 6539 2448 6539 2450 6539 3173 6540 2450 6540 3192 6540 3192 6541 2450 6541 2471 6541 3192 6542 2471 6542 2468 6542 2521 6543 2550 6543 2512 6543 2512 6544 2550 6544 2551 6544 2512 6545 2551 6545 2511 6545 2511 6546 2551 6546 2559 6546 2511 6547 2559 6547 2509 6547 2509 6548 2559 6548 2561 6548 2509 6549 2561 6549 2527 6549 2527 6550 2561 6550 2582 6550 2527 6551 2582 6551 2579 6551 2579 6552 2572 6552 2527 6552 2527 6553 2572 6553 2574 6553 2527 6554 2574 6554 355 6554 355 6555 2574 6555 2570 6555 2570 6556 2568 6556 355 6556 355 6557 2568 6557 2566 6557 355 6558 2566 6558 2564 6558 2558 6559 2587 6559 2549 6559 2549 6560 2587 6560 2588 6560 2549 6561 2588 6561 2548 6561 2548 6562 2588 6562 2596 6562 2548 6563 2596 6563 2546 6563 2546 6564 2596 6564 2598 6564 2546 6565 2598 6565 2564 6565 2564 6566 2598 6566 2619 6566 2564 6567 2619 6567 2616 6567 2616 6568 2609 6568 2564 6568 2564 6569 2609 6569 2611 6569 2564 6570 2611 6570 355 6570 355 6571 2611 6571 2607 6571 2607 6572 2605 6572 355 6572 355 6573 2605 6573 2603 6573 355 6574 2603 6574 2601 6574 355 6575 2642 6575 2640 6575 2653 6576 2646 6576 2601 6576 2601 6577 2646 6577 2648 6577 2601 6578 2648 6578 355 6578 355 6579 2648 6579 2644 6579 355 6580 2644 6580 2642 6580 2595 6581 2624 6581 2586 6581 2586 6582 2624 6582 2625 6582 2586 6583 2625 6583 2585 6583 2585 6584 2625 6584 2633 6584 2585 6585 2633 6585 2583 6585 2583 6586 2633 6586 2635 6586 2583 6587 2635 6587 2601 6587 2601 6588 2635 6588 2656 6588 2601 6589 2656 6589 2653 6589 2640 6590 2638 6590 355 6590 355 6591 2638 6591 2620 6591 355 6592 2620 6592 3786 6592 3786 6593 2620 6593 2622 6593 3786 6594 2622 6594 2623 6594 3790 6595 3791 6595 3792 6595 3793 6596 3794 6596 3795 6596 577 6597 3792 6597 575 6597 591 6598 563 6598 562 6598 562 6599 3796 6599 591 6599 591 6600 3796 6600 587 6600 591 6601 587 6601 589 6601 3238 6602 3240 6602 562 6602 562 6603 3240 6603 582 6603 562 6604 582 6604 3796 6604 3796 6605 582 6605 585 6605 3796 6606 585 6606 587 6606 579 6607 3225 6607 3797 6607 3797 6608 3225 6608 3224 6608 3797 6609 3224 6609 3798 6609 3798 6610 3224 6610 3222 6610 3798 6611 3222 6611 3799 6611 3799 6612 3222 6612 3220 6612 3799 6613 3220 6613 3800 6613 3800 6614 3220 6614 3218 6614 3800 6615 3218 6615 3801 6615 3801 6616 3218 6616 3217 6616 3801 6617 3217 6617 3802 6617 3802 6618 3217 6618 3215 6618 3802 6619 3215 6619 3803 6619 3803 6620 3215 6620 3213 6620 3803 6621 3213 6621 3804 6621 3804 6622 3213 6622 3211 6622 3804 6623 3211 6623 3805 6623 3805 6624 3211 6624 3210 6624 3805 6625 3210 6625 3806 6625 3806 6626 3210 6626 3226 6626 3806 6627 3226 6627 3807 6627 3807 6628 3226 6628 3228 6628 3807 6629 3228 6629 3808 6629 3808 6630 3228 6630 3230 6630 3808 6631 3230 6631 3809 6631 3809 6632 3230 6632 3232 6632 3809 6633 3232 6633 3793 6633 3793 6634 3232 6634 3234 6634 3793 6635 3234 6635 3810 6635 3810 6636 3234 6636 3236 6636 3242 6637 3244 6637 3811 6637 3242 6638 3811 6638 351 6638 351 6639 3811 6639 3791 6639 351 6640 3791 6640 353 6640 575 6641 3792 6641 573 6641 573 6642 3792 6642 3791 6642 573 6643 3791 6643 570 6643 570 6644 3791 6644 3811 6644 570 6645 3811 6645 581 6645 581 6646 3811 6646 3244 6646 581 6647 3244 6647 3246 6647 3793 6648 3795 6648 3809 6648 3809 6649 3795 6649 3812 6649 3809 6650 3812 6650 3808 6650 3808 6651 3812 6651 3813 6651 3808 6652 3813 6652 3807 6652 3807 6653 3813 6653 3814 6653 3807 6654 3814 6654 3806 6654 3806 6655 3814 6655 3815 6655 3806 6656 3815 6656 3805 6656 3805 6657 3815 6657 3816 6657 3805 6658 3816 6658 3804 6658 3804 6659 3816 6659 3817 6659 3804 6660 3817 6660 3803 6660 3803 6661 3817 6661 3818 6661 3803 6662 3818 6662 3802 6662 3802 6663 3818 6663 3819 6663 3802 6664 3819 6664 3801 6664 3801 6665 3819 6665 3820 6665 3801 6666 3820 6666 3800 6666 3800 6667 3820 6667 3821 6667 3800 6668 3821 6668 3799 6668 3799 6669 3821 6669 3822 6669 3799 6670 3822 6670 3798 6670 3798 6671 3822 6671 3823 6671 3798 6672 3823 6672 3797 6672 3797 6673 3823 6673 3824 6673 3797 6674 3824 6674 3825 6674 3825 6675 3824 6675 3788 6675 3825 6676 3788 6676 3789 6676 551 6677 3794 6677 549 6677 549 6678 3794 6678 3793 6678 549 6679 3793 6679 567 6679 567 6680 3793 6680 3810 6680 567 6681 3810 6681 562 6681 562 6682 3810 6682 3236 6682 562 6683 3236 6683 3238 6683 579 6684 3797 6684 577 6684 577 6685 3797 6685 3825 6685 577 6686 3825 6686 3792 6686 3792 6687 3825 6687 3789 6687 3792 6688 3789 6688 3790 6688 3767 6689 3826 6689 3827 6689 3827 6690 3268 6690 3267 6690 3827 6691 3267 6691 3767 6691 3767 6692 3267 6692 3281 6692 3767 6693 3281 6693 3287 6693 3287 6694 3286 6694 3767 6694 3767 6695 3286 6695 3284 6695 3767 6696 3284 6696 3283 6696 3283 6697 3288 6697 3767 6697 3767 6698 3288 6698 3290 6698 3767 6699 3290 6699 3768 6699 3768 6700 3290 6700 3292 6700 3768 6701 3292 6701 3731 6701 3731 6702 3292 6702 3308 6702 3731 6703 3308 6703 3732 6703 3308 6704 3307 6704 3732 6704 3732 6705 3307 6705 3303 6705 3732 6706 3303 6706 395 6706 395 6707 3303 6707 3302 6707 395 6708 3302 6708 420 6708 3737 6709 3828 6709 3829 6709 3828 6710 3830 6710 3831 6710 3828 6711 3831 6711 3829 6711 3829 6712 3831 6712 3832 6712 3829 6713 3832 6713 3833 6713 3832 6714 3834 6714 3833 6714 3833 6715 3834 6715 3835 6715 3833 6716 3835 6716 3836 6716 3836 6717 3835 6717 3837 6717 3836 6718 3837 6718 3838 6718 3838 6719 3837 6719 3839 6719 3838 6720 3839 6720 3840 6720 3840 6721 3839 6721 3841 6721 3840 6722 3841 6722 3842 6722 3842 6723 3841 6723 3843 6723 3842 6724 3843 6724 3844 6724 3844 6725 3843 6725 3845 6725 3844 6726 3845 6726 3846 6726 3846 6727 3845 6727 3847 6727 3846 6728 3847 6728 3848 6728 3848 6729 3847 6729 3849 6729 3848 6730 3849 6730 3850 6730 3850 6731 3849 6731 3851 6731 3850 6732 3851 6732 3852 6732 3852 6733 3851 6733 3853 6733 3852 6734 3853 6734 3854 6734 3854 6735 3853 6735 3855 6735 3854 6736 3855 6736 3856 6736 3855 6737 3857 6737 3856 6737 3856 6738 3857 6738 3858 6738 3856 6739 3858 6739 3859 6739 3859 6740 3858 6740 3860 6740 3859 6741 3860 6741 3861 6741 3861 6742 3860 6742 3862 6742 3861 6743 3862 6743 3863 6743 3863 6744 3862 6744 3864 6744 3863 6745 3864 6745 3865 6745 3737 6746 3829 6746 3738 6746 3738 6747 3829 6747 3833 6747 3738 6748 3833 6748 3739 6748 3739 6749 3833 6749 3836 6749 3739 6750 3836 6750 3741 6750 3741 6751 3836 6751 3838 6751 3741 6752 3838 6752 3743 6752 3743 6753 3838 6753 3840 6753 3743 6754 3840 6754 3745 6754 3745 6755 3840 6755 3842 6755 3745 6756 3842 6756 3747 6756 3747 6757 3842 6757 3844 6757 3747 6758 3844 6758 3749 6758 3749 6759 3844 6759 3846 6759 3749 6760 3846 6760 3751 6760 3751 6761 3846 6761 3848 6761 3751 6762 3848 6762 3753 6762 3753 6763 3848 6763 3850 6763 3753 6764 3850 6764 3755 6764 3755 6765 3850 6765 3852 6765 3755 6766 3852 6766 3757 6766 3757 6767 3852 6767 3854 6767 3757 6768 3854 6768 3759 6768 3759 6769 3854 6769 3856 6769 3759 6770 3856 6770 3761 6770 3761 6771 3856 6771 3859 6771 3761 6772 3859 6772 3763 6772 3763 6773 3859 6773 3861 6773 3763 6774 3861 6774 3765 6774 3765 6775 3861 6775 3863 6775 3765 6776 3863 6776 3767 6776 3866 6777 3867 6777 3830 6777 3788 6778 3866 6778 3787 6778 3787 6779 3866 6779 3830 6779 3787 6780 3830 6780 3785 6780 3785 6781 3830 6781 3828 6781 3785 6782 3828 6782 3737 6782 551 6783 3868 6783 3869 6783 3868 6784 3870 6784 3871 6784 3868 6785 3871 6785 3869 6785 3869 6786 3871 6786 3872 6786 3869 6787 3872 6787 3873 6787 3872 6788 3874 6788 3873 6788 3873 6789 3874 6789 3875 6789 3873 6790 3875 6790 3876 6790 3876 6791 3875 6791 3877 6791 3876 6792 3877 6792 3878 6792 3878 6793 3877 6793 3879 6793 3878 6794 3879 6794 3880 6794 3880 6795 3879 6795 3881 6795 3880 6796 3881 6796 3882 6796 3882 6797 3881 6797 3883 6797 3882 6798 3883 6798 3884 6798 3884 6799 3883 6799 3885 6799 3884 6800 3885 6800 3886 6800 3886 6801 3885 6801 3887 6801 3886 6802 3887 6802 3888 6802 3888 6803 3887 6803 3889 6803 3888 6804 3889 6804 3890 6804 3890 6805 3889 6805 3891 6805 3890 6806 3891 6806 3892 6806 3892 6807 3891 6807 3893 6807 3892 6808 3893 6808 3894 6808 3894 6809 3893 6809 3895 6809 3894 6810 3895 6810 3896 6810 3896 6811 3895 6811 3897 6811 3896 6812 3897 6812 3898 6812 3897 6813 3899 6813 3898 6813 3898 6814 3899 6814 3900 6814 3898 6815 3900 6815 3901 6815 3901 6816 3900 6816 3902 6816 3901 6817 3902 6817 3866 6817 3866 6818 3902 6818 3903 6818 3866 6819 3903 6819 3867 6819 551 6820 3869 6820 3794 6820 3794 6821 3869 6821 3873 6821 3794 6822 3873 6822 3795 6822 3795 6823 3873 6823 3876 6823 3795 6824 3876 6824 3812 6824 3812 6825 3876 6825 3878 6825 3812 6826 3878 6826 3813 6826 3813 6827 3878 6827 3880 6827 3813 6828 3880 6828 3814 6828 3814 6829 3880 6829 3882 6829 3814 6830 3882 6830 3815 6830 3815 6831 3882 6831 3884 6831 3815 6832 3884 6832 3816 6832 3816 6833 3884 6833 3886 6833 3816 6834 3886 6834 3817 6834 3817 6835 3886 6835 3888 6835 3817 6836 3888 6836 3818 6836 3818 6837 3888 6837 3890 6837 3818 6838 3890 6838 3819 6838 3819 6839 3890 6839 3892 6839 3819 6840 3892 6840 3820 6840 3820 6841 3892 6841 3894 6841 3820 6842 3894 6842 3821 6842 3821 6843 3894 6843 3896 6843 3821 6844 3896 6844 3822 6844 3822 6845 3896 6845 3898 6845 3822 6846 3898 6846 3823 6846 3823 6847 3898 6847 3901 6847 3823 6848 3901 6848 3824 6848 3824 6849 3901 6849 3866 6849 3824 6850 3866 6850 3788 6850 551 6851 560 6851 3868 6851 3868 6852 560 6852 3904 6852 3868 6853 3904 6853 3870 6853 3870 6854 3904 6854 3905 6854 3870 6855 3905 6855 3906 6855 3906 6856 3907 6856 3870 6856 3870 6857 3907 6857 3908 6857 3870 6858 3908 6858 3865 6858 3865 6859 3908 6859 3909 6859 3865 6860 3909 6860 3910 6860 3826 6861 3767 6861 3911 6861 3911 6862 3767 6862 3863 6862 3911 6863 3863 6863 3912 6863 3912 6864 3863 6864 3865 6864 3912 6865 3865 6865 3913 6865 3913 6866 3865 6866 3910 6866 3914 6867 3915 6867 3916 6867 3917 6868 3918 6868 3919 6868 3917 6869 3919 6869 3920 6869 3920 6870 3919 6870 3921 6870 3920 6871 3921 6871 3922 6871 3922 6872 3921 6872 3923 6872 3922 6873 3923 6873 3924 6873 3924 6874 3923 6874 3925 6874 3924 6875 3925 6875 3926 6875 3926 6876 3925 6876 3927 6876 3926 6877 3927 6877 3928 6877 3928 6878 3927 6878 3929 6878 3928 6879 3929 6879 3930 6879 3930 6880 3929 6880 3931 6880 3930 6881 3931 6881 3932 6881 3932 6882 3931 6882 3933 6882 3932 6883 3933 6883 3934 6883 3934 6884 3933 6884 3935 6884 3934 6885 3935 6885 3936 6885 3936 6886 3935 6886 3937 6886 3936 6887 3937 6887 3938 6887 3938 6888 3937 6888 3939 6888 3938 6889 3939 6889 3940 6889 3940 6890 3939 6890 3941 6890 3940 6891 3941 6891 3942 6891 3942 6892 3941 6892 3943 6892 3942 6893 3943 6893 3944 6893 3944 6894 3943 6894 3945 6894 3944 6895 3945 6895 3946 6895 3947 6896 3946 6896 3948 6896 3948 6897 3946 6897 3945 6897 3948 6898 3945 6898 3949 6898 3949 6899 3945 6899 3950 6899 3831 6900 3830 6900 3951 6900 3951 6901 3952 6901 3831 6901 3831 6902 3952 6902 3953 6902 3831 6903 3953 6903 3832 6903 3832 6904 3953 6904 3834 6904 3834 6905 3953 6905 3954 6905 3834 6906 3954 6906 3835 6906 3835 6907 3954 6907 3837 6907 3837 6908 3954 6908 3955 6908 3837 6909 3955 6909 3839 6909 3839 6910 3955 6910 3956 6910 3839 6911 3956 6911 3841 6911 3841 6912 3956 6912 3957 6912 3841 6913 3957 6913 3843 6913 3843 6914 3957 6914 3958 6914 3843 6915 3958 6915 3845 6915 3845 6916 3958 6916 3959 6916 3845 6917 3959 6917 3847 6917 3847 6918 3959 6918 3960 6918 3847 6919 3960 6919 3849 6919 3849 6920 3960 6920 3961 6920 3849 6921 3961 6921 3851 6921 3851 6922 3961 6922 3962 6922 3851 6923 3962 6923 3853 6923 3853 6924 3962 6924 3963 6924 3853 6925 3963 6925 3855 6925 3855 6926 3963 6926 3857 6926 3857 6927 3963 6927 3964 6927 3857 6928 3964 6928 3858 6928 3858 6929 3964 6929 3860 6929 3860 6930 3964 6930 3965 6930 3860 6931 3965 6931 3862 6931 3862 6932 3965 6932 3916 6932 3862 6933 3916 6933 3864 6933 3864 6934 3916 6934 3915 6934 3864 6935 3915 6935 3865 6935 3917 6936 3966 6936 3918 6936 3918 6937 3966 6937 3967 6937 3918 6938 3967 6938 3968 6938 3951 6939 3950 6939 3952 6939 3952 6940 3950 6940 3945 6940 3952 6941 3945 6941 3953 6941 3953 6942 3945 6942 3943 6942 3953 6943 3943 6943 3954 6943 3954 6944 3943 6944 3941 6944 3954 6945 3941 6945 3955 6945 3955 6946 3941 6946 3939 6946 3955 6947 3939 6947 3956 6947 3956 6948 3939 6948 3937 6948 3956 6949 3937 6949 3957 6949 3957 6950 3937 6950 3935 6950 3957 6951 3935 6951 3958 6951 3958 6952 3935 6952 3933 6952 3958 6953 3933 6953 3959 6953 3959 6954 3933 6954 3931 6954 3959 6955 3931 6955 3960 6955 3960 6956 3931 6956 3929 6956 3960 6957 3929 6957 3961 6957 3961 6958 3929 6958 3927 6958 3961 6959 3927 6959 3962 6959 3962 6960 3927 6960 3925 6960 3962 6961 3925 6961 3963 6961 3963 6962 3925 6962 3923 6962 3963 6963 3923 6963 3964 6963 3964 6964 3923 6964 3921 6964 3964 6965 3921 6965 3965 6965 3965 6966 3921 6966 3919 6966 3965 6967 3919 6967 3916 6967 3916 6968 3919 6968 3918 6968 3916 6969 3918 6969 3914 6969 3914 6970 3918 6970 3968 6970 3969 6971 3947 6971 3970 6971 3970 6972 3947 6972 3948 6972 3970 6973 3948 6973 3971 6973 3971 6974 3948 6974 3949 6974 3971 6975 3949 6975 3950 6975 3830 6976 3867 6976 3951 6976 3951 6977 3867 6977 3972 6977 3951 6978 3972 6978 3950 6978 3950 6979 3972 6979 3973 6979 3950 6980 3973 6980 3971 6980 3973 6981 3972 6981 3974 6981 3975 6982 3976 6982 3977 6982 3975 6983 3977 6983 3978 6983 3978 6984 3977 6984 3979 6984 3978 6985 3979 6985 3980 6985 3980 6986 3979 6986 3981 6986 3980 6987 3981 6987 3982 6987 3982 6988 3981 6988 3983 6988 3982 6989 3983 6989 3984 6989 3984 6990 3983 6990 3985 6990 3984 6991 3985 6991 3986 6991 3986 6992 3985 6992 3987 6992 3986 6993 3987 6993 3988 6993 3988 6994 3987 6994 3989 6994 3988 6995 3989 6995 3990 6995 3990 6996 3989 6996 3991 6996 3990 6997 3991 6997 3992 6997 3992 6998 3991 6998 3993 6998 3992 6999 3993 6999 3994 6999 3994 7000 3993 7000 3995 7000 3994 7001 3995 7001 3996 7001 3996 7002 3995 7002 3997 7002 3996 7003 3997 7003 3998 7003 3998 7004 3997 7004 3999 7004 3998 7005 3999 7005 4000 7005 4000 7006 3999 7006 4001 7006 4000 7007 4001 7007 4002 7007 4002 7008 4001 7008 4003 7008 4002 7009 4003 7009 4004 7009 4005 7010 4004 7010 4006 7010 4006 7011 4004 7011 4003 7011 4006 7012 4003 7012 4007 7012 4007 7013 4003 7013 4008 7013 3871 7014 3870 7014 4009 7014 4009 7015 4010 7015 3871 7015 3871 7016 4010 7016 4011 7016 3871 7017 4011 7017 3872 7017 3872 7018 4011 7018 3874 7018 3874 7019 4011 7019 4012 7019 3874 7020 4012 7020 3875 7020 3875 7021 4012 7021 3877 7021 3877 7022 4012 7022 4013 7022 3877 7023 4013 7023 3879 7023 3879 7024 4013 7024 4014 7024 3879 7025 4014 7025 3881 7025 3881 7026 4014 7026 4015 7026 3881 7027 4015 7027 3883 7027 3883 7028 4015 7028 4016 7028 3883 7029 4016 7029 3885 7029 3885 7030 4016 7030 4017 7030 3885 7031 4017 7031 3887 7031 3887 7032 4017 7032 4018 7032 3887 7033 4018 7033 3889 7033 3889 7034 4018 7034 4019 7034 3889 7035 4019 7035 3891 7035 3891 7036 4019 7036 4020 7036 3891 7037 4020 7037 3893 7037 3893 7038 4020 7038 4021 7038 3893 7039 4021 7039 3895 7039 3895 7040 4021 7040 3897 7040 3897 7041 4021 7041 4022 7041 3897 7042 4022 7042 3899 7042 3899 7043 4022 7043 3900 7043 3900 7044 4022 7044 4023 7044 3900 7045 4023 7045 3902 7045 3902 7046 4023 7046 3974 7046 3902 7047 3974 7047 3903 7047 3903 7048 3974 7048 3972 7048 3903 7049 3972 7049 3867 7049 3975 7050 3969 7050 3976 7050 3976 7051 3969 7051 3970 7051 3976 7052 3970 7052 3971 7052 4009 7053 4008 7053 4010 7053 4010 7054 4008 7054 4003 7054 4010 7055 4003 7055 4011 7055 4011 7056 4003 7056 4001 7056 4011 7057 4001 7057 4012 7057 4012 7058 4001 7058 3999 7058 4012 7059 3999 7059 4013 7059 4013 7060 3999 7060 3997 7060 4013 7061 3997 7061 4014 7061 4014 7062 3997 7062 3995 7062 4014 7063 3995 7063 4015 7063 4015 7064 3995 7064 3993 7064 4015 7065 3993 7065 4016 7065 4016 7066 3993 7066 3991 7066 4016 7067 3991 7067 4017 7067 4017 7068 3991 7068 3989 7068 4017 7069 3989 7069 4018 7069 4018 7070 3989 7070 3987 7070 4018 7071 3987 7071 4019 7071 4019 7072 3987 7072 3985 7072 4019 7073 3985 7073 4020 7073 4020 7074 3985 7074 3983 7074 4020 7075 3983 7075 4021 7075 4021 7076 3983 7076 3981 7076 4021 7077 3981 7077 4022 7077 4022 7078 3981 7078 3979 7078 4022 7079 3979 7079 4023 7079 4023 7080 3979 7080 3977 7080 4023 7081 3977 7081 3974 7081 3974 7082 3977 7082 3976 7082 3974 7083 3976 7083 3973 7083 3973 7084 3976 7084 3971 7084 3966 7085 4005 7085 3967 7085 3967 7086 4005 7086 4006 7086 3967 7087 4006 7087 3968 7087 3968 7088 4006 7088 4007 7088 3968 7089 4007 7089 4008 7089 3870 7090 3865 7090 4009 7090 4009 7091 3865 7091 3915 7091 4009 7092 3915 7092 4008 7092 4008 7093 3915 7093 3914 7093 4008 7094 3914 7094 3968 7094 4024 7095 3928 7095 4025 7095 4025 7096 3928 7096 3930 7096 4025 7097 3930 7097 4026 7097 4026 7098 3930 7098 3932 7098 4026 7099 3932 7099 4027 7099 4028 7100 3986 7100 4029 7100 4029 7101 3986 7101 3988 7101 4029 7102 3988 7102 4030 7102 4030 7103 3988 7103 3990 7103 4030 7104 3990 7104 4031 7104 4032 7105 3924 7105 4024 7105 4024 7106 3924 7106 3926 7106 4024 7107 3926 7107 3928 7107 3932 7108 3934 7108 4027 7108 4027 7109 3934 7109 3936 7109 4027 7110 3936 7110 4033 7110 4033 7111 3936 7111 3938 7111 4033 7112 3938 7112 4034 7112 4035 7113 4036 7113 4000 7113 3990 7114 3992 7114 4031 7114 4031 7115 3992 7115 3994 7115 4031 7116 3994 7116 4037 7116 4037 7117 3994 7117 3996 7117 4037 7118 3996 7118 4036 7118 4036 7119 3996 7119 3998 7119 4036 7120 3998 7120 4000 7120 4038 7121 3982 7121 4028 7121 4028 7122 3982 7122 3984 7122 4028 7123 3984 7123 3986 7123 3938 7124 3940 7124 4034 7124 4034 7125 3940 7125 3942 7125 4034 7126 3942 7126 4039 7126 4040 7127 3917 7127 4041 7127 4041 7128 3917 7128 3920 7128 4041 7129 3920 7129 4032 7129 4032 7130 3920 7130 3922 7130 4032 7131 3922 7131 3924 7131 4000 7132 4002 7132 4035 7132 4035 7133 4002 7133 4004 7133 4035 7134 4004 7134 4042 7134 4042 7135 4004 7135 4005 7135 4042 7136 4005 7136 4040 7136 4040 7137 4005 7137 3966 7137 4040 7138 3966 7138 3917 7138 4043 7139 3975 7139 4044 7139 4044 7140 3975 7140 3978 7140 4044 7141 3978 7141 4038 7141 4038 7142 3978 7142 3980 7142 4038 7143 3980 7143 3982 7143 3942 7144 3944 7144 4039 7144 4039 7145 3944 7145 3946 7145 4039 7146 3946 7146 4045 7146 4045 7147 3946 7147 3947 7147 4045 7148 3947 7148 4043 7148 4043 7149 3947 7149 3969 7149 4043 7150 3969 7150 3975 7150 4046 7151 4047 7151 4043 7151 4043 7152 4047 7152 4045 7152 4046 7153 4043 7153 4048 7153 4048 7154 4043 7154 4044 7154 4048 7155 4044 7155 4049 7155 4049 7156 4044 7156 4038 7156 4049 7157 4038 7157 4050 7157 4050 7158 4038 7158 4028 7158 4050 7159 4028 7159 4051 7159 4051 7160 4028 7160 4029 7160 4051 7161 4029 7161 4052 7161 4052 7162 4029 7162 4030 7162 4052 7163 4030 7163 4053 7163 4053 7164 4030 7164 4031 7164 4053 7165 4031 7165 4054 7165 4054 7166 4031 7166 4037 7166 4054 7167 4037 7167 4055 7167 4055 7168 4037 7168 4036 7168 4055 7169 4036 7169 4056 7169 4056 7170 4036 7170 4035 7170 4056 7171 4035 7171 4057 7171 4057 7172 4035 7172 4042 7172 4058 7173 4057 7173 4040 7173 4040 7174 4057 7174 4042 7174 4058 7175 4040 7175 4059 7175 4059 7176 4040 7176 4041 7176 4059 7177 4041 7177 4060 7177 4060 7178 4041 7178 4032 7178 4060 7179 4032 7179 4061 7179 4061 7180 4032 7180 4024 7180 4061 7181 4024 7181 4062 7181 4062 7182 4024 7182 4025 7182 4062 7183 4025 7183 4063 7183 4063 7184 4025 7184 4026 7184 4063 7185 4026 7185 4064 7185 4064 7186 4026 7186 4027 7186 4064 7187 4027 7187 4065 7187 4065 7188 4027 7188 4033 7188 4065 7189 4033 7189 4066 7189 4066 7190 4033 7190 4034 7190 4066 7191 4034 7191 4067 7191 4067 7192 4034 7192 4039 7192 4067 7193 4039 7193 4047 7193 4047 7194 4039 7194 4045 7194 340 7195 4046 7195 349 7195 349 7196 4046 7196 4048 7196 349 7197 4048 7197 348 7197 348 7198 4048 7198 4049 7198 348 7199 4049 7199 347 7199 347 7200 4049 7200 4050 7200 347 7201 4050 7201 346 7201 346 7202 4050 7202 4051 7202 346 7203 4051 7203 345 7203 345 7204 4051 7204 4052 7204 345 7205 4052 7205 344 7205 344 7206 4052 7206 4053 7206 344 7207 4053 7207 343 7207 343 7208 4053 7208 4054 7208 343 7209 4054 7209 342 7209 342 7210 4054 7210 4055 7210 342 7211 4055 7211 341 7211 341 7212 4055 7212 4056 7212 341 7213 4056 7213 329 7213 329 7214 4056 7214 4057 7214 329 7215 4057 7215 328 7215 328 7216 4057 7216 4058 7216 328 7217 4058 7217 339 7217 339 7218 4058 7218 4059 7218 339 7219 4059 7219 338 7219 338 7220 4059 7220 4060 7220 338 7221 4060 7221 337 7221 337 7222 4060 7222 4061 7222 337 7223 4061 7223 336 7223 336 7224 4061 7224 4062 7224 336 7225 4062 7225 335 7225 335 7226 4062 7226 4063 7226 335 7227 4063 7227 334 7227 334 7228 4063 7228 4064 7228 334 7229 4064 7229 333 7229 333 7230 4064 7230 4065 7230 333 7231 4065 7231 332 7231 332 7232 4065 7232 4066 7232 332 7233 4066 7233 331 7233 331 7234 4066 7234 4067 7234 331 7235 4067 7235 330 7235 330 7236 4067 7236 4047 7236 330 7237 4047 7237 340 7237 340 7238 4047 7238 4046 7238 3325 7239 654 7239 3336 7239 4068 7240 3339 7240 3338 7240 3342 7241 3341 7241 4068 7241 4068 7242 3341 7242 3340 7242 4068 7243 3340 7243 3339 7243 3343 7244 3342 7244 3344 7244 3344 7245 3342 7245 4068 7245 3344 7246 4068 7246 3345 7246 3345 7247 4068 7247 3346 7247 3346 7248 4068 7248 3347 7248 3347 7249 4068 7249 3338 7249 3347 7250 3338 7250 4069 7250 4069 7251 3338 7251 3350 7251 4069 7252 3350 7252 3349 7252 3354 7253 3347 7253 3353 7253 3353 7254 3347 7254 4069 7254 3353 7255 4069 7255 3348 7255 3348 7256 4069 7256 3349 7256 3365 7257 3366 7257 4070 7257 3361 7258 3336 7258 4070 7258 3361 7259 4070 7259 3362 7259 3363 7260 3362 7260 3358 7260 3358 7261 3362 7261 4070 7261 3358 7262 4070 7262 3359 7262 3359 7263 4070 7263 3366 7263 4070 7264 3338 7264 3355 7264 3355 7265 3356 7265 4070 7265 4070 7266 3356 7266 3364 7266 4070 7267 3364 7267 3365 7267 3336 7268 654 7268 4070 7268 4070 7269 654 7269 655 7269 4070 7270 655 7270 3338 7270 3338 7271 655 7271 3351 7271 3338 7272 3351 7272 3350 7272 4071 7273 3323 7273 3322 7273 3319 7274 3324 7274 3320 7274 3320 7275 3324 7275 4071 7275 3320 7276 4071 7276 3321 7276 3321 7277 4071 7277 3322 7277 3324 7278 3325 7278 4071 7278 4071 7279 3325 7279 3336 7279 4071 7280 3336 7280 3323 7280 3323 7281 3336 7281 4072 7281 3323 7282 4072 7282 3328 7282 3328 7283 4072 7283 3329 7283 3332 7284 3331 7284 4072 7284 4072 7285 3331 7285 3330 7285 4072 7286 3330 7286 3329 7286 3333 7287 3332 7287 3334 7287 3334 7288 3332 7288 4072 7288 3334 7289 4072 7289 3335 7289 3335 7290 4072 7290 3336 7290 3371 7291 3370 7291 4073 7291 4073 7292 3370 7292 3369 7292 4073 7293 3369 7293 3368 7293 3372 7294 3371 7294 3373 7294 3373 7295 3371 7295 4073 7295 3373 7296 4073 7296 3374 7296 3374 7297 4073 7297 3375 7297 3379 7298 3380 7298 3375 7298 3376 7299 3379 7299 4074 7299 4074 7300 3379 7300 3375 7300 4074 7301 3375 7301 633 7301 633 7302 3375 7302 4073 7302 633 7303 4073 7303 3367 7303 3367 7304 4073 7304 3368 7304 636 7305 635 7305 633 7305 633 7306 635 7306 3378 7306 633 7307 3378 7307 4074 7307 4074 7308 3378 7308 3377 7308 4074 7309 3377 7309 3376 7309 642 7310 641 7310 4075 7310 632 7311 4075 7311 633 7311 633 7312 4075 7312 4076 7312 633 7313 4076 7313 636 7313 651 7314 636 7314 650 7314 650 7315 636 7315 4076 7315 650 7316 4076 7316 643 7316 643 7317 4076 7317 4075 7317 643 7318 4075 7318 644 7318 641 7319 640 7319 4075 7319 4075 7320 640 7320 646 7320 4075 7321 646 7321 644 7321 647 7322 642 7322 648 7322 648 7323 642 7323 4075 7323 648 7324 4075 7324 649 7324 649 7325 4075 7325 632 7325 3729 7326 3730 7326 4077 7326 3727 7327 3728 7327 3719 7327 3719 7328 3728 7328 3729 7328 3720 7329 3723 7329 3718 7329 3729 7330 4077 7330 3719 7330 3719 7331 4077 7331 3721 7331 3719 7332 3721 7332 3720 7332 3718 7333 3717 7333 4078 7333 3711 7334 3710 7334 4078 7334 4078 7335 3710 7335 3709 7335 3720 7336 3718 7336 3719 7336 3719 7337 3718 7337 4078 7337 3719 7338 4078 7338 3707 7338 3707 7339 4078 7339 3709 7339 3707 7340 3709 7340 3708 7340 3717 7341 3716 7341 4078 7341 4078 7342 3716 7342 3715 7342 4078 7343 3715 7343 3714 7343 3714 7344 3713 7344 4078 7344 4078 7345 3713 7345 3712 7345 4078 7346 3712 7346 3711 7346 3700 7347 3705 7347 4079 7347 4079 7348 3705 7348 3706 7348 3701 7349 3700 7349 3702 7349 3702 7350 3700 7350 4079 7350 3702 7351 4079 7351 3703 7351 3703 7352 4079 7352 3704 7352 3689 7353 3688 7353 3690 7353 3690 7354 3688 7354 4080 7354 3693 7355 3692 7355 4080 7355 4080 7356 3692 7356 3691 7356 4080 7357 3691 7357 3690 7357 4081 7358 3696 7358 3695 7358 3688 7359 3704 7359 4080 7359 4080 7360 3704 7360 4079 7360 4080 7361 4079 7361 3693 7361 3693 7362 4079 7362 4081 7362 3693 7363 4081 7363 3694 7363 3694 7364 4081 7364 3695 7364 3706 7365 3699 7365 4079 7365 4079 7366 3699 7366 3698 7366 4079 7367 3698 7367 4081 7367 4081 7368 3698 7368 3697 7368 4081 7369 3697 7369 3696 7369 3681 7370 3686 7370 4082 7370 4082 7371 3686 7371 3687 7371 3682 7372 3681 7372 3683 7372 3683 7373 3681 7373 4082 7373 3683 7374 4082 7374 3684 7374 3684 7375 4082 7375 3685 7375 3670 7376 3669 7376 3671 7376 3671 7377 3669 7377 4083 7377 3674 7378 3673 7378 4083 7378 4083 7379 3673 7379 3672 7379 4083 7380 3672 7380 3671 7380 4084 7381 3677 7381 3676 7381 3669 7382 3685 7382 4083 7382 4083 7383 3685 7383 4082 7383 4083 7384 4082 7384 3674 7384 3674 7385 4082 7385 4084 7385 3674 7386 4084 7386 3675 7386 3675 7387 4084 7387 3676 7387 3687 7388 3680 7388 4082 7388 4082 7389 3680 7389 3679 7389 4082 7390 3679 7390 4084 7390 4084 7391 3679 7391 3678 7391 4084 7392 3678 7392 3677 7392 3662 7393 3667 7393 4085 7393 4085 7394 3667 7394 3668 7394 3663 7395 3662 7395 3664 7395 3664 7396 3662 7396 4085 7396 3664 7397 4085 7397 3665 7397 3665 7398 4085 7398 3666 7398 3651 7399 3650 7399 3652 7399 3652 7400 3650 7400 4086 7400 3655 7401 3654 7401 4086 7401 4086 7402 3654 7402 3653 7402 4086 7403 3653 7403 3652 7403 4087 7404 3658 7404 3657 7404 3650 7405 3666 7405 4086 7405 4086 7406 3666 7406 4085 7406 4086 7407 4085 7407 3655 7407 3655 7408 4085 7408 4087 7408 3655 7409 4087 7409 3656 7409 3656 7410 4087 7410 3657 7410 3668 7411 3661 7411 4085 7411 4085 7412 3661 7412 3660 7412 4085 7413 3660 7413 4087 7413 4087 7414 3660 7414 3659 7414 4087 7415 3659 7415 3658 7415 3643 7416 3648 7416 4088 7416 4088 7417 3648 7417 3649 7417 3644 7418 3643 7418 3645 7418 3645 7419 3643 7419 4088 7419 3645 7420 4088 7420 3646 7420 3646 7421 4088 7421 3647 7421 3632 7422 3631 7422 3633 7422 3633 7423 3631 7423 4089 7423 3636 7424 3635 7424 4089 7424 4089 7425 3635 7425 3634 7425 4089 7426 3634 7426 3633 7426 4090 7427 3639 7427 3638 7427 3631 7428 3647 7428 4089 7428 4089 7429 3647 7429 4088 7429 4089 7430 4088 7430 3636 7430 3636 7431 4088 7431 4090 7431 3636 7432 4090 7432 3637 7432 3637 7433 4090 7433 3638 7433 3649 7434 3642 7434 4088 7434 4088 7435 3642 7435 3641 7435 4088 7436 3641 7436 4090 7436 4090 7437 3641 7437 3640 7437 4090 7438 3640 7438 3639 7438 3624 7439 3629 7439 4091 7439 4091 7440 3629 7440 3630 7440 3625 7441 3624 7441 3626 7441 3626 7442 3624 7442 4091 7442 3626 7443 4091 7443 3627 7443 3627 7444 4091 7444 3628 7444 3613 7445 3612 7445 3614 7445 3614 7446 3612 7446 4092 7446 3617 7447 3616 7447 4092 7447 4092 7448 3616 7448 3615 7448 4092 7449 3615 7449 3614 7449 4093 7450 3620 7450 3619 7450 3612 7451 3628 7451 4092 7451 4092 7452 3628 7452 4091 7452 4092 7453 4091 7453 3617 7453 3617 7454 4091 7454 4093 7454 3617 7455 4093 7455 3618 7455 3618 7456 4093 7456 3619 7456 3630 7457 3623 7457 4091 7457 4091 7458 3623 7458 3622 7458 4091 7459 3622 7459 4093 7459 4093 7460 3622 7460 3621 7460 4093 7461 3621 7461 3620 7461 3605 7462 3610 7462 4094 7462 4094 7463 3610 7463 3611 7463 3606 7464 3605 7464 3607 7464 3607 7465 3605 7465 4094 7465 3607 7466 4094 7466 3608 7466 3608 7467 4094 7467 3609 7467 3594 7468 3593 7468 3595 7468 3595 7469 3593 7469 4095 7469 3598 7470 3597 7470 4095 7470 4095 7471 3597 7471 3596 7471 4095 7472 3596 7472 3595 7472 4096 7473 3601 7473 3600 7473 3593 7474 3609 7474 4095 7474 4095 7475 3609 7475 4094 7475 4095 7476 4094 7476 3598 7476 3598 7477 4094 7477 4096 7477 3598 7478 4096 7478 3599 7478 3599 7479 4096 7479 3600 7479 3611 7480 3604 7480 4094 7480 4094 7481 3604 7481 3603 7481 4094 7482 3603 7482 4096 7482 4096 7483 3603 7483 3602 7483 4096 7484 3602 7484 3601 7484 3586 7485 3591 7485 4097 7485 4097 7486 3591 7486 3592 7486 3587 7487 3586 7487 3588 7487 3588 7488 3586 7488 4097 7488 3588 7489 4097 7489 3589 7489 3589 7490 4097 7490 3590 7490 3575 7491 3574 7491 3576 7491 3576 7492 3574 7492 4098 7492 3579 7493 3578 7493 4098 7493 4098 7494 3578 7494 3577 7494 4098 7495 3577 7495 3576 7495 4099 7496 3582 7496 3581 7496 3574 7497 3590 7497 4098 7497 4098 7498 3590 7498 4097 7498 4098 7499 4097 7499 3579 7499 3579 7500 4097 7500 4099 7500 3579 7501 4099 7501 3580 7501 3580 7502 4099 7502 3581 7502 3592 7503 3585 7503 4097 7503 4097 7504 3585 7504 3584 7504 4097 7505 3584 7505 4099 7505 4099 7506 3584 7506 3583 7506 4099 7507 3583 7507 3582 7507 3567 7508 3572 7508 4100 7508 4100 7509 3572 7509 3573 7509 3568 7510 3567 7510 3569 7510 3569 7511 3567 7511 4100 7511 3569 7512 4100 7512 3570 7512 3570 7513 4100 7513 3571 7513 3556 7514 3555 7514 3557 7514 3557 7515 3555 7515 4101 7515 3560 7516 3559 7516 4101 7516 4101 7517 3559 7517 3558 7517 4101 7518 3558 7518 3557 7518 4102 7519 3563 7519 3562 7519 3555 7520 3571 7520 4101 7520 4101 7521 3571 7521 4100 7521 4101 7522 4100 7522 3560 7522 3560 7523 4100 7523 4102 7523 3560 7524 4102 7524 3561 7524 3561 7525 4102 7525 3562 7525 3573 7526 3566 7526 4100 7526 4100 7527 3566 7527 3565 7527 4100 7528 3565 7528 4102 7528 4102 7529 3565 7529 3564 7529 4102 7530 3564 7530 3563 7530 3549 7531 3548 7531 3544 7531 3554 7532 3544 7532 3545 7532 3545 7533 3544 7533 3548 7533 3545 7534 3548 7534 3546 7534 3546 7535 3548 7535 3551 7535 3544 7536 3543 7536 4103 7536 3537 7537 3536 7537 4103 7537 4103 7538 3536 7538 3535 7538 3549 7539 3544 7539 3550 7539 3550 7540 3544 7540 4103 7540 3550 7541 4103 7541 3533 7541 3533 7542 4103 7542 3535 7542 3533 7543 3535 7543 3534 7543 3543 7544 3542 7544 4103 7544 4103 7545 3542 7545 3541 7545 4103 7546 3541 7546 3540 7546 3540 7547 3539 7547 4103 7547 4103 7548 3539 7548 3538 7548 4103 7549 3538 7549 3537 7549 3526 7550 3531 7550 4104 7550 4104 7551 3531 7551 3532 7551 3527 7552 3526 7552 3528 7552 3528 7553 3526 7553 4104 7553 3528 7554 4104 7554 3529 7554 3529 7555 4104 7555 3530 7555 3515 7556 3514 7556 3516 7556 3516 7557 3514 7557 4105 7557 3519 7558 3518 7558 4105 7558 4105 7559 3518 7559 3517 7559 4105 7560 3517 7560 3516 7560 4106 7561 3522 7561 3521 7561 3514 7562 3530 7562 4105 7562 4105 7563 3530 7563 4104 7563 4105 7564 4104 7564 3519 7564 3519 7565 4104 7565 4106 7565 3519 7566 4106 7566 3520 7566 3520 7567 4106 7567 3521 7567 3532 7568 3525 7568 4104 7568 4104 7569 3525 7569 3524 7569 4104 7570 3524 7570 4106 7570 4106 7571 3524 7571 3523 7571 4106 7572 3523 7572 3522 7572 3507 7573 3512 7573 4107 7573 4107 7574 3512 7574 3513 7574 3508 7575 3507 7575 3509 7575 3509 7576 3507 7576 4107 7576 3509 7577 4107 7577 3510 7577 3510 7578 4107 7578 3511 7578 3496 7579 3495 7579 3497 7579 3497 7580 3495 7580 4108 7580 3500 7581 3499 7581 4108 7581 4108 7582 3499 7582 3498 7582 4108 7583 3498 7583 3497 7583 4109 7584 3503 7584 3502 7584 3495 7585 3511 7585 4108 7585 4108 7586 3511 7586 4107 7586 4108 7587 4107 7587 3500 7587 3500 7588 4107 7588 4109 7588 3500 7589 4109 7589 3501 7589 3501 7590 4109 7590 3502 7590 3513 7591 3506 7591 4107 7591 4107 7592 3506 7592 3505 7592 4107 7593 3505 7593 4109 7593 4109 7594 3505 7594 3504 7594 4109 7595 3504 7595 3503 7595 3488 7596 3493 7596 4110 7596 4110 7597 3493 7597 3494 7597 3489 7598 3488 7598 3490 7598 3490 7599 3488 7599 4110 7599 3490 7600 4110 7600 3491 7600 3491 7601 4110 7601 3492 7601 3477 7602 3476 7602 3478 7602 3478 7603 3476 7603 4111 7603 3481 7604 3480 7604 4111 7604 4111 7605 3480 7605 3479 7605 4111 7606 3479 7606 3478 7606 4112 7607 3484 7607 3483 7607 3476 7608 3492 7608 4111 7608 4111 7609 3492 7609 4110 7609 4111 7610 4110 7610 3481 7610 3481 7611 4110 7611 4112 7611 3481 7612 4112 7612 3482 7612 3482 7613 4112 7613 3483 7613 3494 7614 3487 7614 4110 7614 4110 7615 3487 7615 3486 7615 4110 7616 3486 7616 4112 7616 4112 7617 3486 7617 3485 7617 4112 7618 3485 7618 3484 7618 3469 7619 3474 7619 4113 7619 4113 7620 3474 7620 3475 7620 3470 7621 3469 7621 3471 7621 3471 7622 3469 7622 4113 7622 3471 7623 4113 7623 3472 7623 3472 7624 4113 7624 3473 7624 3458 7625 3457 7625 3459 7625 3459 7626 3457 7626 4114 7626 3462 7627 3461 7627 4114 7627 4114 7628 3461 7628 3460 7628 4114 7629 3460 7629 3459 7629 4115 7630 3465 7630 3464 7630 3457 7631 3473 7631 4114 7631 4114 7632 3473 7632 4113 7632 4114 7633 4113 7633 3462 7633 3462 7634 4113 7634 4115 7634 3462 7635 4115 7635 3463 7635 3463 7636 4115 7636 3464 7636 3475 7637 3468 7637 4113 7637 4113 7638 3468 7638 3467 7638 4113 7639 3467 7639 4115 7639 4115 7640 3467 7640 3466 7640 4115 7641 3466 7641 3465 7641 3450 7642 3455 7642 4116 7642 4116 7643 3455 7643 3456 7643 3451 7644 3450 7644 3452 7644 3452 7645 3450 7645 4116 7645 3452 7646 4116 7646 3453 7646 3453 7647 4116 7647 3454 7647 3439 7648 3438 7648 3440 7648 3440 7649 3438 7649 4117 7649 3443 7650 3442 7650 4117 7650 4117 7651 3442 7651 3441 7651 4117 7652 3441 7652 3440 7652 4118 7653 3446 7653 3445 7653 3438 7654 3454 7654 4117 7654 4117 7655 3454 7655 4116 7655 4117 7656 4116 7656 3443 7656 3443 7657 4116 7657 4118 7657 3443 7658 4118 7658 3444 7658 3444 7659 4118 7659 3445 7659 3456 7660 3449 7660 4116 7660 4116 7661 3449 7661 3448 7661 4116 7662 3448 7662 4118 7662 4118 7663 3448 7663 3447 7663 4118 7664 3447 7664 3446 7664 3431 7665 3436 7665 4119 7665 4119 7666 3436 7666 3437 7666 3432 7667 3431 7667 3433 7667 3433 7668 3431 7668 4119 7668 3433 7669 4119 7669 3434 7669 3434 7670 4119 7670 3435 7670 3420 7671 3419 7671 3421 7671 3421 7672 3419 7672 4120 7672 3424 7673 3423 7673 4120 7673 4120 7674 3423 7674 3422 7674 4120 7675 3422 7675 3421 7675 4121 7676 3427 7676 3426 7676 3419 7677 3435 7677 4120 7677 4120 7678 3435 7678 4119 7678 4120 7679 4119 7679 3424 7679 3424 7680 4119 7680 4121 7680 3424 7681 4121 7681 3425 7681 3425 7682 4121 7682 3426 7682 3437 7683 3430 7683 4119 7683 4119 7684 3430 7684 3429 7684 4119 7685 3429 7685 4121 7685 4121 7686 3429 7686 3428 7686 4121 7687 3428 7687 3427 7687 3412 7688 3417 7688 4122 7688 4122 7689 3417 7689 3418 7689 3413 7690 3412 7690 3414 7690 3414 7691 3412 7691 4122 7691 3414 7692 4122 7692 3415 7692 3415 7693 4122 7693 3416 7693 3401 7694 3400 7694 3402 7694 3402 7695 3400 7695 4123 7695 3405 7696 3404 7696 4123 7696 4123 7697 3404 7697 3403 7697 4123 7698 3403 7698 3402 7698 4124 7699 3408 7699 3407 7699 3400 7700 3416 7700 4123 7700 4123 7701 3416 7701 4122 7701 4123 7702 4122 7702 3405 7702 3405 7703 4122 7703 4124 7703 3405 7704 4124 7704 3406 7704 3406 7705 4124 7705 3407 7705 3418 7706 3411 7706 4122 7706 4122 7707 3411 7707 3410 7707 4122 7708 3410 7708 4124 7708 4124 7709 3410 7709 3409 7709 4124 7710 3409 7710 3408 7710 3393 7711 3398 7711 4125 7711 4125 7712 3398 7712 3399 7712 3394 7713 3393 7713 3395 7713 3395 7714 3393 7714 4125 7714 3395 7715 4125 7715 3396 7715 3396 7716 4125 7716 3397 7716 3382 7717 3381 7717 3383 7717 3383 7718 3381 7718 4126 7718 3386 7719 3385 7719 4126 7719 4126 7720 3385 7720 3384 7720 4126 7721 3384 7721 3383 7721 4127 7722 3389 7722 3388 7722 3381 7723 3397 7723 4126 7723 4126 7724 3397 7724 4125 7724 4126 7725 4125 7725 3386 7725 3386 7726 4125 7726 4127 7726 3386 7727 4127 7727 3387 7727 3387 7728 4127 7728 3388 7728 3399 7729 3392 7729 4125 7729 4125 7730 3392 7730 3391 7730 4125 7731 3391 7731 4127 7731 4127 7732 3391 7732 3390 7732 4127 7733 3390 7733 3389 7733 1754 7734 1753 7734 1747 7734 1747 7735 1753 7735 1752 7735 1747 7736 1761 7736 1754 7736 1754 7737 1761 7737 1760 7737 1754 7738 1760 7738 1755 7738 1755 7739 1760 7739 1759 7739 1748 7740 1747 7740 1749 7740 1749 7741 1747 7741 1752 7741 1749 7742 1752 7742 1750 7742 1750 7743 1752 7743 1751 7743 1759 7744 1758 7744 1755 7744 1755 7745 1758 7745 1757 7745 1755 7746 1757 7746 1756 7746 1734 7747 1733 7747 1732 7747 1739 7748 1738 7748 1732 7748 1744 7749 1743 7749 1745 7749 1745 7750 1743 7750 1742 7750 1745 7751 1742 7751 1741 7751 1732 7752 1746 7752 1739 7752 1739 7753 1746 7753 1745 7753 1739 7754 1745 7754 1740 7754 1740 7755 1745 7755 1741 7755 1735 7756 1734 7756 1736 7756 1736 7757 1734 7757 1732 7757 1736 7758 1732 7758 1737 7758 1737 7759 1732 7759 1738 7759 1719 7760 1718 7760 1717 7760 1724 7761 1723 7761 1717 7761 1729 7762 1728 7762 1730 7762 1730 7763 1728 7763 1727 7763 1730 7764 1727 7764 1726 7764 1717 7765 1731 7765 1724 7765 1724 7766 1731 7766 1730 7766 1724 7767 1730 7767 1725 7767 1725 7768 1730 7768 1726 7768 1720 7769 1719 7769 1721 7769 1721 7770 1719 7770 1717 7770 1721 7771 1717 7771 1722 7771 1722 7772 1717 7772 1723 7772 1704 7773 1703 7773 1702 7773 1716 7774 1709 7774 1702 7774 1702 7775 1709 7775 1708 7775 1711 7776 1710 7776 1712 7776 1712 7777 1710 7777 1709 7777 1705 7778 1704 7778 1706 7778 1706 7779 1704 7779 1702 7779 1706 7780 1702 7780 1707 7780 1707 7781 1702 7781 1708 7781 1713 7782 1712 7782 1714 7782 1714 7783 1712 7783 1709 7783 1714 7784 1709 7784 1715 7784 1715 7785 1709 7785 1716 7785 1694 7786 1693 7786 1687 7786 1687 7787 1693 7787 1692 7787 1687 7788 1692 7788 1691 7788 1699 7789 1698 7789 1700 7789 1700 7790 1698 7790 1697 7790 1700 7791 1697 7791 1696 7791 1687 7792 1701 7792 1694 7792 1694 7793 1701 7793 1700 7793 1694 7794 1700 7794 1695 7794 1695 7795 1700 7795 1696 7795 1691 7796 1690 7796 1687 7796 1687 7797 1690 7797 1689 7797 1687 7798 1689 7798 1688 7798 1674 7799 1673 7799 1672 7799 1679 7800 1678 7800 1672 7800 1672 7801 1686 7801 1679 7801 1679 7802 1686 7802 1685 7802 1679 7803 1685 7803 1684 7803 1681 7804 1680 7804 1682 7804 1682 7805 1680 7805 1679 7805 1682 7806 1679 7806 1683 7806 1683 7807 1679 7807 1684 7807 1675 7808 1674 7808 1676 7808 1676 7809 1674 7809 1672 7809 1676 7810 1672 7810 1677 7810 1677 7811 1672 7811 1678 7811 1659 7812 1658 7812 1657 7812 1663 7813 1657 7813 1664 7813 1664 7814 1657 7814 1671 7814 1664 7815 1671 7815 1670 7815 1670 7816 1669 7816 1668 7816 1660 7817 1659 7817 1661 7817 1661 7818 1659 7818 1657 7818 1661 7819 1657 7819 1662 7819 1662 7820 1657 7820 1663 7820 1665 7821 1664 7821 1666 7821 1666 7822 1664 7822 1670 7822 1666 7823 1670 7823 1667 7823 1667 7824 1670 7824 1668 7824 1656 7825 1649 7825 1642 7825 1642 7826 1649 7826 1648 7826 1642 7827 1648 7827 1647 7827 1643 7828 1642 7828 1644 7828 1644 7829 1642 7829 1647 7829 1644 7830 1647 7830 1645 7830 1645 7831 1647 7831 1646 7831 1654 7832 1653 7832 1652 7832 1656 7833 1655 7833 1649 7833 1649 7834 1655 7834 1654 7834 1649 7835 1654 7835 1650 7835 1650 7836 1654 7836 1652 7836 1650 7837 1652 7837 1651 7837 1628 7838 1627 7838 1633 7838 1633 7839 1627 7839 1634 7839 1630 7840 1629 7840 1631 7840 1631 7841 1629 7841 1628 7841 1631 7842 1628 7842 1632 7842 1632 7843 1628 7843 1633 7843 1639 7844 1638 7844 1640 7844 1640 7845 1638 7845 1637 7845 1627 7846 1641 7846 1634 7846 1634 7847 1641 7847 1640 7847 1634 7848 1640 7848 1635 7848 1635 7849 1640 7849 1637 7849 1635 7850 1637 7850 1636 7850 1612 7851 1618 7851 1617 7851 1618 7852 1612 7852 1619 7852 1612 7853 1626 7853 1619 7853 1619 7854 1626 7854 1625 7854 1619 7855 1625 7855 1624 7855 1613 7856 1612 7856 1614 7856 1614 7857 1612 7857 1617 7857 1614 7858 1617 7858 1615 7858 1615 7859 1617 7859 1616 7859 1621 7860 1620 7860 1622 7860 1622 7861 1620 7861 1619 7861 1622 7862 1619 7862 1623 7862 1623 7863 1619 7863 1624 7863 1598 7864 1597 7864 1603 7864 1603 7865 1597 7865 1604 7865 1600 7866 1599 7866 1601 7866 1601 7867 1599 7867 1598 7867 1601 7868 1598 7868 1602 7868 1602 7869 1598 7869 1603 7869 1609 7870 1608 7870 1610 7870 1610 7871 1608 7871 1607 7871 1597 7872 1611 7872 1604 7872 1604 7873 1611 7873 1610 7873 1604 7874 1610 7874 1605 7874 1605 7875 1610 7875 1607 7875 1605 7876 1607 7876 1606 7876 1582 7877 1588 7877 1587 7877 1588 7878 1582 7878 1589 7878 1582 7879 1596 7879 1589 7879 1589 7880 1596 7880 1595 7880 1589 7881 1595 7881 1590 7881 1590 7882 1595 7882 1594 7882 1583 7883 1582 7883 1584 7883 1584 7884 1582 7884 1587 7884 1584 7885 1587 7885 1585 7885 1585 7886 1587 7886 1586 7886 1594 7887 1593 7887 1590 7887 1590 7888 1593 7888 1592 7888 1590 7889 1592 7889 1591 7889 1567 7890 1581 7890 1574 7890 1574 7891 1581 7891 1580 7891 1574 7892 1580 7892 1579 7892 1574 7893 1573 7893 1567 7893 1567 7894 1573 7894 1572 7894 1567 7895 1572 7895 1571 7895 1571 7896 1570 7896 1567 7896 1567 7897 1570 7897 1569 7897 1567 7898 1569 7898 1568 7898 1576 7899 1575 7899 1577 7899 1577 7900 1575 7900 1574 7900 1577 7901 1574 7901 1578 7901 1578 7902 1574 7902 1579 7902 1559 7903 1558 7903 1552 7903 1556 7904 1555 7904 1554 7904 1552 7905 1566 7905 1559 7905 1559 7906 1566 7906 1565 7906 1559 7907 1565 7907 1564 7907 1558 7908 1557 7908 1552 7908 1552 7909 1557 7909 1556 7909 1552 7910 1556 7910 1553 7910 1553 7911 1556 7911 1554 7911 1561 7912 1560 7912 1562 7912 1562 7913 1560 7913 1559 7913 1562 7914 1559 7914 1563 7914 1563 7915 1559 7915 1564 7915 1543 7916 1537 7916 1544 7916 1544 7917 1537 7917 1551 7917 1544 7918 1551 7918 1550 7918 1550 7919 1549 7919 1548 7919 1541 7920 1540 7920 1539 7920 1543 7921 1542 7921 1537 7921 1537 7922 1542 7922 1541 7922 1537 7923 1541 7923 1538 7923 1538 7924 1541 7924 1539 7924 1545 7925 1544 7925 1546 7925 1546 7926 1544 7926 1550 7926 1546 7927 1550 7927 1547 7927 1547 7928 1550 7928 1548 7928 1522 7929 1536 7929 1529 7929 1529 7930 1536 7930 1535 7930 1535 7931 1534 7931 1533 7931 1530 7932 1529 7932 1531 7932 1531 7933 1529 7933 1535 7933 1531 7934 1535 7934 1532 7934 1532 7935 1535 7935 1533 7935 1525 7936 1524 7936 1526 7936 1526 7937 1524 7937 1523 7937 1526 7938 1523 7938 1527 7938 1527 7939 1523 7939 1522 7939 1527 7940 1522 7940 1528 7940 1528 7941 1522 7941 1529 7941 3547 7942 3546 7942 3552 7942 3552 7943 3546 7943 3551 7943 3547 7944 3552 7944 3553 7944 4128 7945 3722 7945 3721 7945 4129 7946 4128 7946 4130 7946 4130 7947 4128 7947 3721 7947 4130 7948 3721 7948 4077 7948 4077 7949 3730 7949 4130 7949 4130 7950 3730 7950 3726 7950 4130 7951 3726 7951 4129 7951 3726 7952 3725 7952 4129 7952 4129 7953 3725 7953 3724 7953 4129 7954 3724 7954 4128 7954 3722 7955 4128 7955 3724 7955 1822 7956 4131 7956 429 7956 429 7957 4131 7957 4132 7957 429 7958 4132 7958 4133 7958 592 7959 491 7959 595 7959 595 7960 491 7960 485 7960 4134 7961 1521 7961 4133 7961 4133 7962 1521 7962 595 7962 4133 7963 595 7963 429 7963 429 7964 595 7964 485 7964 429 7965 485 7965 394 7965 391 7966 478 7966 390 7966 390 7967 478 7967 453 7967 543 7968 354 7968 461 7968 461 7969 354 7969 364 7969 543 7970 541 7970 354 7970 354 7971 541 7971 352 7971 514 7972 478 7972 389 7972 389 7973 478 7973 391 7973 514 7974 389 7974 396 7974 514 7975 396 7975 516 7975 516 7976 396 7976 415 7976 516 7977 415 7977 518 7977 518 7978 415 7978 417 7978 518 7979 417 7979 529 7979 529 7980 417 7980 404 7980 529 7981 404 7981 530 7981 530 7982 404 7982 406 7982 530 7983 406 7983 497 7983 497 7984 406 7984 408 7984 497 7985 408 7985 499 7985 499 7986 408 7986 410 7986 499 7987 410 7987 502 7987 502 7988 410 7988 397 7988 502 7989 397 7989 504 7989 504 7990 397 7990 399 7990 504 7991 399 7991 507 7991 507 7992 399 7992 401 7992 507 7993 401 7993 481 7993 481 7994 401 7994 392 7994 481 7995 392 7995 488 7995 488 7996 392 7996 394 7996 488 7997 394 7997 485 7997 574 7998 572 7998 4135 7998 4135 7999 4136 7999 574 7999 574 8000 4136 8000 4137 8000 574 8001 4137 8001 576 8001 352 8002 541 8002 350 8002 350 8003 541 8003 539 8003 350 8004 539 8004 3241 8004 3241 8005 539 8005 4138 8005 3241 8006 4138 8006 3243 8006 3243 8007 4138 8007 4139 8007 3243 8008 4139 8008 3245 8008 3245 8009 4139 8009 4140 8009 3245 8010 4140 8010 580 8010 580 8011 4140 8011 4141 8011 580 8012 4141 8012 571 8012 571 8013 4141 8013 4142 8013 571 8014 4142 8014 572 8014 572 8015 4142 8015 4143 8015 572 8016 4143 8016 4135 8016 4137 8017 4144 8017 576 8017 576 8018 4144 8018 4145 8018 576 8019 4145 8019 578 8019 578 8020 4145 8020 4146 8020 578 8021 4146 8021 3223 8021 491 8022 592 8022 489 8022 489 8023 592 8023 590 8023 489 8024 590 8024 4147 8024 4147 8025 590 8025 588 8025 4147 8026 588 8026 4148 8026 4148 8027 588 8027 586 8027 4148 8028 586 8028 4149 8028 4149 8029 586 8029 584 8029 4149 8030 584 8030 4150 8030 4150 8031 584 8031 583 8031 4150 8032 583 8032 4151 8032 4151 8033 583 8033 3239 8033 4151 8034 3239 8034 4152 8034 4152 8035 3239 8035 3237 8035 4152 8036 3237 8036 4153 8036 4153 8037 3237 8037 3235 8037 4153 8038 3235 8038 4154 8038 4154 8039 3235 8039 3233 8039 4154 8040 3233 8040 4155 8040 4155 8041 3233 8041 3231 8041 4155 8042 3231 8042 4156 8042 4146 8043 4157 8043 3223 8043 3223 8044 4157 8044 4158 8044 3223 8045 4158 8045 3221 8045 3221 8046 4158 8046 4159 8046 3221 8047 4159 8047 3219 8047 3219 8048 4159 8048 4160 8048 3219 8049 4160 8049 3216 8049 3216 8050 4160 8050 4161 8050 3216 8051 4161 8051 3214 8051 3214 8052 4161 8052 4162 8052 3214 8053 4162 8053 3212 8053 3212 8054 4162 8054 4163 8054 3212 8055 4163 8055 3209 8055 3209 8056 4163 8056 4164 8056 3209 8057 4164 8057 3227 8057 3227 8058 4164 8058 4156 8058 3227 8059 4156 8059 3229 8059 3229 8060 4156 8060 3231 8060 606 8061 607 8061 1822 8061 1822 8062 607 8062 4131 8062 1521 8063 4134 8063 611 8063 611 8064 4134 8064 610 8064 628 8065 4165 8065 4166 8065 628 8066 4166 8066 626 8066 626 8067 4166 8067 4167 8067 626 8068 4167 8068 624 8068 624 8069 4167 8069 4168 8069 624 8070 4168 8070 622 8070 622 8071 4168 8071 4169 8071 622 8072 4169 8072 620 8072 620 8073 4169 8073 4170 8073 620 8074 4170 8074 618 8074 618 8075 4170 8075 4171 8075 618 8076 4171 8076 616 8076 616 8077 4171 8077 4172 8077 616 8078 4172 8078 614 8078 4173 8079 4174 8079 4175 8079 4173 8080 4176 8080 4174 8080 4174 8081 4176 8081 4177 8081 4174 8082 4177 8082 4178 8082 4177 8083 4179 8083 4178 8083 4178 8084 4179 8084 4180 8084 4178 8085 4180 8085 4181 8085 4180 8086 4182 8086 4181 8086 4181 8087 4182 8087 4183 8087 4181 8088 4183 8088 4184 8088 4183 8089 4185 8089 4184 8089 4184 8090 4185 8090 4186 8090 4184 8091 4186 8091 4187 8091 4186 8092 4188 8092 4187 8092 4187 8093 4188 8093 4189 8093 4187 8094 4189 8094 4190 8094 4189 8095 4191 8095 4190 8095 4190 8096 4191 8096 4192 8096 4190 8097 4192 8097 4193 8097 4192 8098 4194 8098 4193 8098 4193 8099 4194 8099 4195 8099 4193 8100 4195 8100 4196 8100 4195 8101 4197 8101 4196 8101 4196 8102 4197 8102 4198 8102 4196 8103 4198 8103 4199 8103 4198 8104 4200 8104 4199 8104 4199 8105 4200 8105 4201 8105 4199 8106 4201 8106 4202 8106 4201 8107 4203 8107 4202 8107 4202 8108 4203 8108 4204 8108 4202 8109 4204 8109 4205 8109 4204 8110 4206 8110 4205 8110 4205 8111 4206 8111 4207 8111 4205 8112 4207 8112 4175 8112 4175 8113 4207 8113 4208 8113 4175 8114 4208 8114 4173 8114 612 8115 614 8115 605 8115 605 8116 614 8116 4172 8116 4209 8117 4132 8117 4131 8117 607 8118 605 8118 4131 8118 4131 8119 605 8119 4172 8119 4131 8120 4172 8120 4209 8120 4133 8121 4210 8121 4134 8121 4134 8122 4210 8122 4165 8122 610 8123 4134 8123 608 8123 608 8124 4134 8124 4165 8124 608 8125 4165 8125 630 8125 630 8126 4165 8126 628 8126 4211 8127 4212 8127 4213 8127 4213 8128 4212 8128 4214 8128 4213 8129 4214 8129 4215 8129 4215 8130 4214 8130 4216 8130 4215 8131 4216 8131 4217 8131 4217 8132 4216 8132 4218 8132 4217 8133 4218 8133 4219 8133 4219 8134 4218 8134 4220 8134 4219 8135 4220 8135 4221 8135 4221 8136 4220 8136 4222 8136 4221 8137 4222 8137 4223 8137 4223 8138 4222 8138 4224 8138 4223 8139 4224 8139 4225 8139 4225 8140 4224 8140 4226 8140 4225 8141 4226 8141 4227 8141 4227 8142 4226 8142 4228 8142 4227 8143 4228 8143 4229 8143 4229 8144 4228 8144 4230 8144 4229 8145 4230 8145 4231 8145 4231 8146 4230 8146 4232 8146 4231 8147 4232 8147 4233 8147 4233 8148 4232 8148 4234 8148 4233 8149 4234 8149 4211 8149 4211 8150 4234 8150 4212 8150 4235 8151 4236 8151 4237 8151 4237 8152 4236 8152 4238 8152 4237 8153 4238 8153 4239 8153 4239 8154 4238 8154 4240 8154 4239 8155 4240 8155 4241 8155 4241 8156 4240 8156 4242 8156 4241 8157 4242 8157 4243 8157 4243 8158 4242 8158 4244 8158 4243 8159 4244 8159 4245 8159 4245 8160 4244 8160 4246 8160 4245 8161 4246 8161 4247 8161 4247 8162 4246 8162 4248 8162 4247 8163 4248 8163 4249 8163 4249 8164 4248 8164 4250 8164 4249 8165 4250 8165 4251 8165 4251 8166 4250 8166 4252 8166 4251 8167 4252 8167 4253 8167 4253 8168 4252 8168 4254 8168 4253 8169 4254 8169 4255 8169 4255 8170 4254 8170 4256 8170 4255 8171 4256 8171 4257 8171 4257 8172 4256 8172 4258 8172 4257 8173 4258 8173 4235 8173 4235 8174 4258 8174 4236 8174 4259 8175 4220 8175 4260 8175 4260 8176 4220 8176 4218 8176 4260 8177 4218 8177 4261 8177 4261 8178 4218 8178 4216 8178 4261 8179 4216 8179 4262 8179 4262 8180 4216 8180 4214 8180 4262 8181 4214 8181 4263 8181 4263 8182 4214 8182 4212 8182 4263 8183 4212 8183 4264 8183 4264 8184 4212 8184 4234 8184 4264 8185 4234 8185 4265 8185 4265 8186 4234 8186 4232 8186 4265 8187 4232 8187 4266 8187 4266 8188 4232 8188 4230 8188 4266 8189 4230 8189 4267 8189 4267 8190 4230 8190 4228 8190 4267 8191 4228 8191 4268 8191 4268 8192 4228 8192 4226 8192 4268 8193 4226 8193 4269 8193 4269 8194 4226 8194 4224 8194 4269 8195 4224 8195 4270 8195 4270 8196 4224 8196 4222 8196 4270 8197 4222 8197 4259 8197 4259 8198 4222 8198 4220 8198 4271 8199 4244 8199 4272 8199 4272 8200 4244 8200 4242 8200 4272 8201 4242 8201 4273 8201 4273 8202 4242 8202 4240 8202 4273 8203 4240 8203 4274 8203 4274 8204 4240 8204 4238 8204 4274 8205 4238 8205 4275 8205 4275 8206 4238 8206 4236 8206 4275 8207 4236 8207 4276 8207 4276 8208 4236 8208 4258 8208 4276 8209 4258 8209 4277 8209 4277 8210 4258 8210 4256 8210 4277 8211 4256 8211 4278 8211 4278 8212 4256 8212 4254 8212 4278 8213 4254 8213 4279 8213 4279 8214 4254 8214 4252 8214 4279 8215 4252 8215 4280 8215 4280 8216 4252 8216 4250 8216 4280 8217 4250 8217 4281 8217 4281 8218 4250 8218 4248 8218 4281 8219 4248 8219 4282 8219 4282 8220 4248 8220 4246 8220 4282 8221 4246 8221 4271 8221 4271 8222 4246 8222 4244 8222 4263 8223 4283 8223 4262 8223 4262 8224 4283 8224 4284 8224 4262 8225 4284 8225 4261 8225 4261 8226 4284 8226 4285 8226 4261 8227 4285 8227 4260 8227 4260 8228 4285 8228 4286 8228 4260 8229 4286 8229 4259 8229 4259 8230 4286 8230 4287 8230 4259 8231 4287 8231 4270 8231 4270 8232 4287 8232 4288 8232 4270 8233 4288 8233 4269 8233 4269 8234 4288 8234 4289 8234 4269 8235 4289 8235 4268 8235 4268 8236 4289 8236 4290 8236 4268 8237 4290 8237 4267 8237 4267 8238 4290 8238 4291 8238 4267 8239 4291 8239 4266 8239 4266 8240 4291 8240 4292 8240 4266 8241 4292 8241 4265 8241 4265 8242 4292 8242 4293 8242 4265 8243 4293 8243 4264 8243 4264 8244 4293 8244 4294 8244 4264 8245 4294 8245 4263 8245 4263 8246 4294 8246 4283 8246 4275 8247 4295 8247 4274 8247 4274 8248 4295 8248 4296 8248 4274 8249 4296 8249 4273 8249 4273 8250 4296 8250 4297 8250 4273 8251 4297 8251 4272 8251 4272 8252 4297 8252 4298 8252 4272 8253 4298 8253 4271 8253 4271 8254 4298 8254 4299 8254 4271 8255 4299 8255 4282 8255 4282 8256 4299 8256 4300 8256 4282 8257 4300 8257 4281 8257 4281 8258 4300 8258 4301 8258 4281 8259 4301 8259 4280 8259 4280 8260 4301 8260 4302 8260 4280 8261 4302 8261 4279 8261 4279 8262 4302 8262 4303 8262 4279 8263 4303 8263 4278 8263 4278 8264 4303 8264 4304 8264 4278 8265 4304 8265 4277 8265 4277 8266 4304 8266 4305 8266 4277 8267 4305 8267 4276 8267 4276 8268 4305 8268 4306 8268 4276 8269 4306 8269 4275 8269 4275 8270 4306 8270 4295 8270 4307 8271 4301 8271 4300 8271 4307 8272 4300 8272 4308 8272 4308 8273 4300 8273 4299 8273 4308 8274 4299 8274 4288 8274 4288 8275 4287 8275 4308 8275 4308 8276 4287 8276 4286 8276 4308 8277 4286 8277 4309 8277 4309 8278 4286 8278 4285 8278 4309 8279 4285 8279 4310 8279 4310 8280 4285 8280 4311 8280 4311 8281 4285 8281 4284 8281 4311 8282 4284 8282 4312 8282 4312 8283 4284 8283 4283 8283 4312 8284 4283 8284 4313 8284 4313 8285 4283 8285 4294 8285 4313 8286 4294 8286 4314 8286 4314 8287 4294 8287 4293 8287 4314 8288 4293 8288 4315 8288 4315 8289 4293 8289 4292 8289 4315 8290 4292 8290 4316 8290 4301 8291 4307 8291 4302 8291 4302 8292 4307 8292 4317 8292 4302 8293 4317 8293 4303 8293 4303 8294 4317 8294 4318 8294 4303 8295 4318 8295 4304 8295 4304 8296 4318 8296 4319 8296 4304 8297 4319 8297 4305 8297 4305 8298 4319 8298 4320 8298 4305 8299 4320 8299 4306 8299 4306 8300 4320 8300 4321 8300 4306 8301 4321 8301 4295 8301 4295 8302 4321 8302 4316 8302 4295 8303 4316 8303 4296 8303 4296 8304 4316 8304 4292 8304 4296 8305 4292 8305 4297 8305 4297 8306 4292 8306 4291 8306 4297 8307 4291 8307 4298 8307 4298 8308 4291 8308 4290 8308 4298 8309 4290 8309 4299 8309 4299 8310 4290 8310 4289 8310 4299 8311 4289 8311 4288 8311 4322 8312 4323 8312 4324 8312 4325 8313 4326 8313 4327 8313 4328 8314 4329 8314 4325 8314 4330 8315 4331 8315 4332 8315 4333 8316 4334 8316 4335 8316 4327 8317 4326 8317 4336 8317 4336 8318 4326 8318 4337 8318 4336 8319 4337 8319 4332 8319 4332 8320 4337 8320 4338 8320 4332 8321 4338 8321 4330 8321 4330 8322 4338 8322 4339 8322 4330 8323 4339 8323 4340 8323 4340 8324 4339 8324 4333 8324 4340 8325 4333 8325 4341 8325 4341 8326 4333 8326 4335 8326 4341 8327 4335 8327 4308 8327 4342 8328 4343 8328 4344 8328 4344 8329 4343 8329 4345 8329 4344 8330 4345 8330 4346 8330 4346 8331 4345 8331 4347 8331 4343 8332 4348 8332 4345 8332 4345 8333 4348 8333 4349 8333 4345 8334 4349 8334 4347 8334 4347 8335 4349 8335 4350 8335 4326 8336 4350 8336 4337 8336 4337 8337 4350 8337 4349 8337 4337 8338 4349 8338 4338 8338 4338 8339 4349 8339 4348 8339 4338 8340 4348 8340 4339 8340 4339 8341 4348 8341 4343 8341 4339 8342 4343 8342 4333 8342 4333 8343 4343 8343 4342 8343 4333 8344 4342 8344 4334 8344 4351 8345 4352 8345 4322 8345 4322 8346 4324 8346 4351 8346 4351 8347 4324 8347 4353 8347 4351 8348 4353 8348 4354 8348 4355 8349 4352 8349 4356 8349 4356 8350 4352 8350 4351 8350 4356 8351 4351 8351 4357 8351 4357 8352 4351 8352 4354 8352 4357 8353 4354 8353 4358 8353 4329 8354 4358 8354 4325 8354 4325 8355 4358 8355 4354 8355 4325 8356 4354 8356 4326 8356 4326 8357 4354 8357 4353 8357 4326 8358 4353 8358 4350 8358 4350 8359 4353 8359 4324 8359 4350 8360 4324 8360 4347 8360 4347 8361 4324 8361 4323 8361 4347 8362 4323 8362 4346 8362 4307 8363 4359 8363 4360 8363 4307 8364 4360 8364 4317 8364 4317 8365 4360 8365 4361 8365 4317 8366 4361 8366 4318 8366 4318 8367 4361 8367 4362 8367 4318 8368 4362 8368 4319 8368 4319 8369 4362 8369 4363 8369 4319 8370 4363 8370 4320 8370 4320 8371 4363 8371 4364 8371 4320 8372 4364 8372 4321 8372 4321 8373 4364 8373 4365 8373 4321 8374 4365 8374 4316 8374 4316 8375 4365 8375 4366 8375 4316 8376 4366 8376 4315 8376 4315 8377 4366 8377 4367 8377 4315 8378 4367 8378 4314 8378 4314 8379 4367 8379 4368 8379 4314 8380 4368 8380 4313 8380 4313 8381 4368 8381 4369 8381 4313 8382 4369 8382 4312 8382 4312 8383 4369 8383 4370 8383 4312 8384 4370 8384 4311 8384 4311 8385 4370 8385 4371 8385 4311 8386 4371 8386 4310 8386 4310 8387 4371 8387 4372 8387 4310 8388 4372 8388 4309 8388 4309 8389 4372 8389 4341 8389 4309 8390 4341 8390 4308 8390 4373 8391 4331 8391 4330 8391 4330 8392 4374 8392 4373 8392 4373 8393 4374 8393 4375 8393 4373 8394 4375 8394 4376 8394 4376 8395 4375 8395 4377 8395 4376 8396 4377 8396 4378 8396 4378 8397 4377 8397 4379 8397 4378 8398 4379 8398 4380 8398 4380 8399 4379 8399 4381 8399 4380 8400 4381 8400 4382 8400 4382 8401 4381 8401 4383 8401 4383 8402 4381 8402 4384 8402 4383 8403 4384 8403 4385 8403 4385 8404 4384 8404 4386 8404 4386 8405 4384 8405 4387 8405 4386 8406 4387 8406 4388 8406 4388 8407 4387 8407 4389 8407 4389 8408 4387 8408 4390 8408 4389 8409 4390 8409 4391 8409 4391 8410 4390 8410 4392 8410 4392 8411 4390 8411 4393 8411 4392 8412 4393 8412 4394 8412 4394 8413 4393 8413 4395 8413 4394 8414 4395 8414 4396 8414 4396 8415 4395 8415 4397 8415 4396 8416 4397 8416 4398 8416 4398 8417 4397 8417 4399 8417 4398 8418 4399 8418 4400 8418 4400 8419 4399 8419 4401 8419 4400 8420 4401 8420 4402 8420 4402 8421 4401 8421 4403 8421 4402 8422 4403 8422 4404 8422 4359 8423 4405 8423 4360 8423 4360 8424 4405 8424 4406 8424 4360 8425 4406 8425 4361 8425 4361 8426 4406 8426 4407 8426 4361 8427 4407 8427 4362 8427 4362 8428 4407 8428 4408 8428 4362 8429 4408 8429 4363 8429 4363 8430 4408 8430 4409 8430 4363 8431 4409 8431 4364 8431 4364 8432 4409 8432 4410 8432 4364 8433 4410 8433 4365 8433 4365 8434 4410 8434 4411 8434 4365 8435 4411 8435 4366 8435 4366 8436 4411 8436 4412 8436 4366 8437 4412 8437 4367 8437 4367 8438 4412 8438 4413 8438 4367 8439 4413 8439 4368 8439 4368 8440 4413 8440 4414 8440 4368 8441 4414 8441 4369 8441 4369 8442 4414 8442 4415 8442 4369 8443 4415 8443 4370 8443 4370 8444 4415 8444 4416 8444 4370 8445 4416 8445 4371 8445 4371 8446 4416 8446 4417 8446 4371 8447 4417 8447 4372 8447 4372 8448 4417 8448 4418 8448 4372 8449 4418 8449 4341 8449 4341 8450 4418 8450 4340 8450 4405 8451 4403 8451 4406 8451 4406 8452 4403 8452 4401 8452 4406 8453 4401 8453 4407 8453 4407 8454 4401 8454 4399 8454 4407 8455 4399 8455 4408 8455 4408 8456 4399 8456 4397 8456 4408 8457 4397 8457 4409 8457 4409 8458 4397 8458 4395 8458 4409 8459 4395 8459 4410 8459 4410 8460 4395 8460 4393 8460 4410 8461 4393 8461 4411 8461 4411 8462 4393 8462 4390 8462 4411 8463 4390 8463 4412 8463 4412 8464 4390 8464 4387 8464 4412 8465 4387 8465 4413 8465 4413 8466 4387 8466 4384 8466 4413 8467 4384 8467 4414 8467 4414 8468 4384 8468 4381 8468 4414 8469 4381 8469 4415 8469 4415 8470 4381 8470 4379 8470 4415 8471 4379 8471 4416 8471 4416 8472 4379 8472 4377 8472 4416 8473 4377 8473 4417 8473 4417 8474 4377 8474 4375 8474 4417 8475 4375 8475 4418 8475 4418 8476 4375 8476 4374 8476 4418 8477 4374 8477 4340 8477 4340 8478 4374 8478 4330 8478 4419 8479 4420 8479 4421 8479 4422 8480 4404 8480 4423 8480 4423 8481 4404 8481 4403 8481 4423 8482 4403 8482 4405 8482 4421 8483 4424 8483 4425 8483 4426 8484 4427 8484 4428 8484 4419 8485 4429 8485 4430 8485 4430 8486 4429 8486 4431 8486 4430 8487 4431 8487 4432 8487 4433 8488 4434 8488 4431 8488 4431 8489 4434 8489 4435 8489 4431 8490 4435 8490 4432 8490 4424 8491 4426 8491 4425 8491 4425 8492 4426 8492 4428 8492 4425 8493 4428 8493 4436 8493 4436 8494 4428 8494 4437 8494 4436 8495 4437 8495 4438 8495 4438 8496 4437 8496 4439 8496 4438 8497 4439 8497 4440 8497 4440 8498 4439 8498 4441 8498 4440 8499 4441 8499 4442 8499 4442 8500 4441 8500 4443 8500 4359 8501 4307 8501 4444 8501 4444 8502 4307 8502 4445 8502 4444 8503 4445 8503 4446 8503 4446 8504 4445 8504 4447 8504 4446 8505 4447 8505 4448 8505 4448 8506 4447 8506 4449 8506 4448 8507 4449 8507 4433 8507 4433 8508 4449 8508 4450 8508 4433 8509 4450 8509 4434 8509 4419 8510 4421 8510 4429 8510 4429 8511 4421 8511 4425 8511 4429 8512 4425 8512 4431 8512 4431 8513 4425 8513 4436 8513 4431 8514 4436 8514 4433 8514 4433 8515 4436 8515 4438 8515 4433 8516 4438 8516 4448 8516 4448 8517 4438 8517 4440 8517 4448 8518 4440 8518 4446 8518 4446 8519 4440 8519 4442 8519 4446 8520 4442 8520 4444 8520 4444 8521 4442 8521 4443 8521 4444 8522 4443 8522 4359 8522 4427 8523 4451 8523 4428 8523 4428 8524 4451 8524 4452 8524 4428 8525 4452 8525 4437 8525 4437 8526 4452 8526 4453 8526 4437 8527 4453 8527 4439 8527 4439 8528 4453 8528 4422 8528 4439 8529 4422 8529 4441 8529 4441 8530 4422 8530 4423 8530 4441 8531 4423 8531 4443 8531 4443 8532 4423 8532 4405 8532 4443 8533 4405 8533 4359 8533 4454 8534 4151 8534 4152 8534 4454 8535 4152 8535 4455 8535 4455 8536 4152 8536 4153 8536 4455 8537 4153 8537 4456 8537 4456 8538 4153 8538 4154 8538 4456 8539 4154 8539 4457 8539 4457 8540 4154 8540 4155 8540 4457 8541 4155 8541 4458 8541 4156 8542 4164 8542 4459 8542 4161 8543 4160 8543 4460 8543 4458 8544 4155 8544 4461 8544 4461 8545 4155 8545 4156 8545 4461 8546 4156 8546 4462 8546 4462 8547 4156 8547 4459 8547 4460 8548 4160 8548 4463 8548 4463 8549 4160 8549 4159 8549 4463 8550 4159 8550 4464 8550 4464 8551 4159 8551 4158 8551 4464 8552 4158 8552 4465 8552 4460 8553 4466 8553 4161 8553 4161 8554 4466 8554 4467 8554 4161 8555 4467 8555 4162 8555 4162 8556 4467 8556 4468 8556 4162 8557 4468 8557 4163 8557 4163 8558 4468 8558 4469 8558 4163 8559 4469 8559 4164 8559 4164 8560 4469 8560 4470 8560 4164 8561 4470 8561 4459 8561 4465 8562 4158 8562 4471 8562 4471 8563 4158 8563 4157 8563 4471 8564 4157 8564 4472 8564 4472 8565 4157 8565 4146 8565 4472 8566 4146 8566 4473 8566 4473 8567 4146 8567 4474 8567 4474 8568 4146 8568 4145 8568 4474 8569 4145 8569 4475 8569 4475 8570 4145 8570 4144 8570 4475 8571 4144 8571 4476 8571 4476 8572 4144 8572 4137 8572 4476 8573 4137 8573 4477 8573 4142 8574 4478 8574 4143 8574 4143 8575 4478 8575 4479 8575 4143 8576 4479 8576 4135 8576 4135 8577 4479 8577 4477 8577 4135 8578 4477 8578 4136 8578 4136 8579 4477 8579 4137 8579 4480 8580 4481 8580 4482 8580 4328 8581 4481 8581 4329 8581 4329 8582 4481 8582 4480 8582 4329 8583 4480 8583 4483 8583 4484 8584 4355 8584 4356 8584 4484 8585 4356 8585 4485 8585 4485 8586 4356 8586 4357 8586 4485 8587 4357 8587 4483 8587 4483 8588 4357 8588 4358 8588 4483 8589 4358 8589 4329 8589 4482 8590 4486 8590 4480 8590 4480 8591 4486 8591 4487 8591 4480 8592 4487 8592 4483 8592 4483 8593 4487 8593 4488 8593 4483 8594 4488 8594 4485 8594 4485 8595 4488 8595 4489 8595 4485 8596 4489 8596 4484 8596 4430 8597 4352 8597 4419 8597 4419 8598 4352 8598 4355 8598 4419 8599 4355 8599 4420 8599 4430 8600 4432 8600 4352 8600 4352 8601 4432 8601 4435 8601 4352 8602 4435 8602 4322 8602 4322 8603 4435 8603 4434 8603 4322 8604 4434 8604 4323 8604 4323 8605 4434 8605 4450 8605 4307 8606 4308 8606 4445 8606 4445 8607 4308 8607 4335 8607 4445 8608 4335 8608 4447 8608 4335 8609 4334 8609 4447 8609 4447 8610 4334 8610 4342 8610 4447 8611 4342 8611 4449 8611 4449 8612 4342 8612 4344 8612 4449 8613 4344 8613 4450 8613 4450 8614 4344 8614 4346 8614 4450 8615 4346 8615 4323 8615 4490 8616 4491 8616 4492 8616 4493 8617 4494 8617 4495 8617 4496 8618 4421 8618 4497 8618 4497 8619 4421 8619 4420 8619 4497 8620 4420 8620 4493 8620 4493 8621 4495 8621 4497 8621 4497 8622 4495 8622 4498 8622 4497 8623 4498 8623 4496 8623 4496 8624 4498 8624 4490 8624 4496 8625 4490 8625 4499 8625 4499 8626 4490 8626 4492 8626 4499 8627 4492 8627 4451 8627 4451 8628 4427 8628 4499 8628 4499 8629 4427 8629 4426 8629 4499 8630 4426 8630 4496 8630 4496 8631 4426 8631 4424 8631 4496 8632 4424 8632 4421 8632 4500 8633 4501 8633 4491 8633 4491 8634 4502 8634 4500 8634 4500 8635 4502 8635 4503 8635 4500 8636 4503 8636 4504 8636 4504 8637 4503 8637 4505 8637 4504 8638 4505 8638 4506 8638 4506 8639 4505 8639 4507 8639 4506 8640 4507 8640 4508 8640 4491 8641 4490 8641 4502 8641 4502 8642 4490 8642 4498 8642 4502 8643 4498 8643 4503 8643 4503 8644 4498 8644 4495 8644 4503 8645 4495 8645 4505 8645 4505 8646 4495 8646 4494 8646 4505 8647 4494 8647 4507 8647 4151 8648 4454 8648 4150 8648 4150 8649 4454 8649 4509 8649 4141 8650 4510 8650 4142 8650 4142 8651 4510 8651 4478 8651 4336 8652 4476 8652 4327 8652 4327 8653 4476 8653 4477 8653 4327 8654 4477 8654 4325 8654 4325 8655 4477 8655 4479 8655 4325 8656 4479 8656 4328 8656 4328 8657 4479 8657 4478 8657 4328 8658 4478 8658 4481 8658 4481 8659 4478 8659 4510 8659 4481 8660 4510 8660 4482 8660 4482 8661 4510 8661 4511 8661 4482 8662 4511 8662 4512 8662 4422 8663 4453 8663 4456 8663 4513 8664 4514 8664 4491 8664 4491 8665 4514 8665 4509 8665 4456 8666 4453 8666 4455 8666 4455 8667 4453 8667 4452 8667 4455 8668 4452 8668 4454 8668 4454 8669 4452 8669 4451 8669 4454 8670 4451 8670 4509 8670 4509 8671 4451 8671 4492 8671 4509 8672 4492 8672 4491 8672 4456 8673 4457 8673 4422 8673 4422 8674 4457 8674 4458 8674 4422 8675 4458 8675 4404 8675 4404 8676 4458 8676 4461 8676 4404 8677 4461 8677 4402 8677 4402 8678 4461 8678 4400 8678 4391 8679 4392 8679 4468 8679 4468 8680 4392 8680 4394 8680 4468 8681 4394 8681 4469 8681 4469 8682 4394 8682 4396 8682 4469 8683 4396 8683 4470 8683 4470 8684 4396 8684 4398 8684 4470 8685 4398 8685 4459 8685 4459 8686 4398 8686 4400 8686 4459 8687 4400 8687 4462 8687 4462 8688 4400 8688 4461 8688 4391 8689 4468 8689 4389 8689 4389 8690 4468 8690 4467 8690 4389 8691 4467 8691 4388 8691 4388 8692 4467 8692 4466 8692 4388 8693 4466 8693 4386 8693 4386 8694 4466 8694 4385 8694 4385 8695 4466 8695 4460 8695 4385 8696 4460 8696 4383 8696 4383 8697 4460 8697 4463 8697 4383 8698 4463 8698 4382 8698 4382 8699 4463 8699 4464 8699 4382 8700 4464 8700 4380 8700 4380 8701 4464 8701 4465 8701 4380 8702 4465 8702 4378 8702 4378 8703 4465 8703 4471 8703 4378 8704 4471 8704 4376 8704 4376 8705 4471 8705 4373 8705 4373 8706 4471 8706 4472 8706 4373 8707 4472 8707 4331 8707 4331 8708 4472 8708 4473 8708 4331 8709 4473 8709 4332 8709 4332 8710 4473 8710 4474 8710 4332 8711 4474 8711 4336 8711 4336 8712 4474 8712 4475 8712 4336 8713 4475 8713 4476 8713 4515 8714 4489 8714 4488 8714 4515 8715 4488 8715 4516 8715 4516 8716 4488 8716 4487 8716 4516 8717 4487 8717 4517 8717 4517 8718 4487 8718 4486 8718 4517 8719 4486 8719 4518 8719 4518 8720 4486 8720 4482 8720 4518 8721 4482 8721 4519 8721 4519 8722 4520 8722 4518 8722 4518 8723 4520 8723 4521 8723 4518 8724 4521 8724 4517 8724 4517 8725 4521 8725 4522 8725 4517 8726 4522 8726 4516 8726 4516 8727 4522 8727 4523 8727 4516 8728 4523 8728 4515 8728 4524 8729 4525 8729 4526 8729 4526 8730 4525 8730 4527 8730 4526 8731 4527 8731 4528 8731 4484 8732 4529 8732 4355 8732 4355 8733 4529 8733 4530 8733 4355 8734 4530 8734 4531 8734 4532 8735 4533 8735 4534 8735 4534 8736 4533 8736 4420 8736 4534 8737 4420 8737 4535 8737 4535 8738 4420 8738 4355 8738 4535 8739 4355 8739 4536 8739 4536 8740 4355 8740 4537 8740 4537 8741 4355 8741 4531 8741 4537 8742 4531 8742 4524 8742 4524 8743 4531 8743 4538 8743 4524 8744 4538 8744 4525 8744 4533 8745 4539 8745 4420 8745 4420 8746 4539 8746 4540 8746 4420 8747 4540 8747 4493 8747 4541 8748 4542 8748 4543 8748 4541 8749 4543 8749 4544 8749 4545 8750 4546 8750 4547 8750 4547 8751 4546 8751 4548 8751 4547 8752 4548 8752 4549 8752 4528 8753 4527 8753 4550 8753 4550 8754 4527 8754 4551 8754 4550 8755 4551 8755 4552 8755 4484 8756 4489 8756 4529 8756 4529 8757 4489 8757 4515 8757 4529 8758 4515 8758 4541 8758 4541 8759 4515 8759 4523 8759 4541 8760 4523 8760 4542 8760 4545 8761 4508 8761 4546 8761 4546 8762 4508 8762 4507 8762 4546 8763 4507 8763 4540 8763 4540 8764 4507 8764 4494 8764 4540 8765 4494 8765 4493 8765 4549 8766 4548 8766 4553 8766 4553 8767 4548 8767 4554 8767 4553 8768 4554 8768 4555 8768 4555 8769 4554 8769 4556 8769 4555 8770 4556 8770 4557 8770 4534 8771 4558 8771 4532 8771 4532 8772 4558 8772 4559 8772 4532 8773 4559 8773 4560 8773 4560 8774 4559 8774 4561 8774 4560 8775 4561 8775 4562 8775 4562 8776 4561 8776 4563 8776 4562 8777 4563 8777 4564 8777 4564 8778 4563 8778 4557 8778 4564 8779 4557 8779 4565 8779 4565 8780 4557 8780 4556 8780 4566 8781 4567 8781 4557 8781 4557 8782 4567 8782 4568 8782 4557 8783 4568 8783 4555 8783 4543 8784 4569 8784 4544 8784 4544 8785 4569 8785 4570 8785 4544 8786 4570 8786 4571 8786 4557 8787 4572 8787 4566 8787 4566 8788 4572 8788 4573 8788 4566 8789 4573 8789 4574 8789 4574 8790 4573 8790 4575 8790 4570 8791 4576 8791 4571 8791 4571 8792 4576 8792 4577 8792 4571 8793 4577 8793 4578 8793 4575 8794 4550 8794 4574 8794 4574 8795 4550 8795 4552 8795 4574 8796 4552 8796 4579 8796 4579 8797 4552 8797 4578 8797 4579 8798 4578 8798 4580 8798 4580 8799 4578 8799 4577 8799 4501 8800 4500 8800 4581 8800 4581 8801 4500 8801 4582 8801 4581 8802 4582 8802 4583 8802 4583 8803 4582 8803 4584 8803 4583 8804 4584 8804 4585 8804 4585 8805 4584 8805 4586 8805 4585 8806 4586 8806 4587 8806 4587 8807 4586 8807 4588 8807 4588 8808 4586 8808 4589 8808 4588 8809 4589 8809 4590 8809 4590 8810 4589 8810 4591 8810 4590 8811 4591 8811 4592 8811 4592 8812 4591 8812 4593 8812 4592 8813 4593 8813 4594 8813 4594 8814 4593 8814 4595 8814 4594 8815 4595 8815 4596 8815 4596 8816 4595 8816 4597 8816 4596 8817 4597 8817 4598 8817 4506 8818 4508 8818 4599 8818 4599 8819 4508 8819 4545 8819 4599 8820 4545 8820 4600 8820 4600 8821 4545 8821 4547 8821 4600 8822 4547 8822 4601 8822 4601 8823 4547 8823 4549 8823 4601 8824 4549 8824 4602 8824 4602 8825 4549 8825 4553 8825 4602 8826 4553 8826 4603 8826 4603 8827 4553 8827 4555 8827 4603 8828 4555 8828 4604 8828 4604 8829 4555 8829 4568 8829 4604 8830 4568 8830 4605 8830 4605 8831 4568 8831 4567 8831 4605 8832 4567 8832 4606 8832 4606 8833 4567 8833 4566 8833 4504 8834 4506 8834 4607 8834 4607 8835 4506 8835 4599 8835 4607 8836 4599 8836 4608 8836 4608 8837 4599 8837 4600 8837 4608 8838 4600 8838 4609 8838 4609 8839 4600 8839 4601 8839 4609 8840 4601 8840 4610 8840 4610 8841 4601 8841 4602 8841 4610 8842 4602 8842 4611 8842 4611 8843 4602 8843 4603 8843 4611 8844 4603 8844 4612 8844 4612 8845 4603 8845 4604 8845 4612 8846 4604 8846 4613 8846 4613 8847 4604 8847 4605 8847 4613 8848 4605 8848 4614 8848 4614 8849 4605 8849 4606 8849 4500 8850 4504 8850 4582 8850 4582 8851 4504 8851 4607 8851 4582 8852 4607 8852 4584 8852 4584 8853 4607 8853 4608 8853 4584 8854 4608 8854 4586 8854 4586 8855 4608 8855 4609 8855 4586 8856 4609 8856 4589 8856 4589 8857 4609 8857 4610 8857 4589 8858 4610 8858 4591 8858 4591 8859 4610 8859 4611 8859 4591 8860 4611 8860 4593 8860 4593 8861 4611 8861 4612 8861 4593 8862 4612 8862 4595 8862 4595 8863 4612 8863 4613 8863 4595 8864 4613 8864 4597 8864 4597 8865 4613 8865 4614 8865 4491 8866 4501 8866 4513 8866 4513 8867 4501 8867 4615 8867 4513 8868 4615 8868 4616 8868 490 8869 489 8869 4147 8869 490 8870 4147 8870 4616 8870 4616 8871 4147 8871 4148 8871 4616 8872 4148 8872 4513 8872 4513 8873 4148 8873 4149 8873 4513 8874 4149 8874 4514 8874 4514 8875 4149 8875 4150 8875 4514 8876 4150 8876 4509 8876 4617 8877 4618 8877 4619 8877 4620 8878 4621 8878 4622 8878 4623 8879 4624 8879 4620 8879 483 8880 4625 8880 484 8880 484 8881 4625 8881 4626 8881 484 8882 4626 8882 493 8882 4626 8883 4627 8883 493 8883 493 8884 4627 8884 4628 8884 493 8885 4628 8885 494 8885 451 8886 495 8886 452 8886 452 8887 495 8887 4629 8887 452 8888 4629 8888 454 8888 4630 8889 450 8889 455 8889 4631 8890 448 8890 450 8890 4632 8891 447 8891 446 8891 4633 8892 437 8892 440 8892 4634 8893 4635 8893 4636 8893 4636 8894 4635 8894 4630 8894 4636 8895 4630 8895 4629 8895 4629 8896 4630 8896 455 8896 4629 8897 455 8897 454 8897 4637 8898 4617 8898 4638 8898 4638 8899 4617 8899 4619 8899 4638 8900 4619 8900 4625 8900 4625 8901 4619 8901 4639 8901 4625 8902 4639 8902 4626 8902 4626 8903 4639 8903 4634 8903 4626 8904 4634 8904 4627 8904 4627 8905 4634 8905 4636 8905 4627 8906 4636 8906 4628 8906 4628 8907 4636 8907 4629 8907 4628 8908 4629 8908 494 8908 494 8909 4629 8909 495 8909 4640 8910 4641 8910 4642 8910 4642 8911 4641 8911 4643 8911 4642 8912 4643 8912 4631 8912 4631 8913 4643 8913 443 8913 4631 8914 443 8914 448 8914 450 8915 4630 8915 4631 8915 4631 8916 4630 8916 4635 8916 4631 8917 4635 8917 4642 8917 4642 8918 4635 8918 4634 8918 4642 8919 4634 8919 4640 8919 4640 8920 4634 8920 4639 8920 4640 8921 4639 8921 4644 8921 4644 8922 4639 8922 4619 8922 4644 8923 4619 8923 4645 8923 4645 8924 4619 8924 4618 8924 4645 8925 4618 8925 4646 8925 4647 8926 4648 8926 4649 8926 4649 8927 4648 8927 4632 8927 4649 8928 4632 8928 4650 8928 4650 8929 4632 8929 446 8929 4650 8930 446 8930 444 8930 4624 8931 4623 8931 4646 8931 4646 8932 4623 8932 4651 8932 4646 8933 4651 8933 4645 8933 4645 8934 4651 8934 4652 8934 4645 8935 4652 8935 4644 8935 4644 8936 4652 8936 4647 8936 4644 8937 4647 8937 4640 8937 4640 8938 4647 8938 4649 8938 4640 8939 4649 8939 4641 8939 4641 8940 4649 8940 4650 8940 4641 8941 4650 8941 4643 8941 4643 8942 4650 8942 444 8942 4643 8943 444 8943 443 8943 4618 8944 4653 8944 4646 8944 4646 8945 4653 8945 4654 8945 4646 8946 4654 8946 4624 8946 4624 8947 4654 8947 4655 8947 4624 8948 4655 8948 4620 8948 438 8949 437 8949 4656 8949 4656 8950 437 8950 4633 8950 4656 8951 4633 8951 4657 8951 4620 8952 4622 8952 4623 8952 4623 8953 4622 8953 4658 8953 4623 8954 4658 8954 4651 8954 4651 8955 4658 8955 4659 8955 4651 8956 4659 8956 4652 8956 4652 8957 4659 8957 4657 8957 4652 8958 4657 8958 4647 8958 4647 8959 4657 8959 4633 8959 4647 8960 4633 8960 4648 8960 4648 8961 4633 8961 440 8961 4648 8962 440 8962 4632 8962 4632 8963 440 8963 442 8963 4632 8964 442 8964 447 8964 456 8965 438 8965 4656 8965 456 8966 4656 8966 4660 8966 4660 8967 4656 8967 4657 8967 4660 8968 4657 8968 4661 8968 4661 8969 4657 8969 4659 8969 4661 8970 4659 8970 4662 8970 4662 8971 4659 8971 4658 8971 4662 8972 4658 8972 4663 8972 4663 8973 4658 8973 4622 8973 4663 8974 4622 8974 4664 8974 4664 8975 4622 8975 4621 8975 4664 8976 4621 8976 4665 8976 458 8977 456 8977 4660 8977 459 8978 458 8978 4666 8978 458 8979 4660 8979 4666 8979 4666 8980 4660 8980 4661 8980 4666 8981 4661 8981 4667 8981 4667 8982 4661 8982 4662 8982 4667 8983 4662 8983 4668 8983 4668 8984 4662 8984 4663 8984 4668 8985 4663 8985 4669 8985 4669 8986 4663 8986 4664 8986 4669 8987 4664 8987 4670 8987 4670 8988 4664 8988 4665 8988 4670 8989 4665 8989 4671 8989 459 8990 4666 8990 4672 8990 4672 8991 4666 8991 4667 8991 4672 8992 4667 8992 4673 8992 4673 8993 4667 8993 4668 8993 4673 8994 4668 8994 4674 8994 4674 8995 4668 8995 4669 8995 4674 8996 4669 8996 4675 8996 4675 8997 4669 8997 4670 8997 4675 8998 4670 8998 4676 8998 4676 8999 4670 8999 4671 8999 4676 9000 4671 9000 4677 9000 4678 9001 473 9001 469 9001 544 9002 4679 9002 4680 9002 4679 9003 544 9003 460 9003 4681 9004 542 9004 4682 9004 4682 9005 542 9005 546 9005 4682 9006 546 9006 4683 9006 4683 9007 546 9007 548 9007 4683 9008 548 9008 4684 9008 4684 9009 548 9009 547 9009 4685 9010 4686 9010 4687 9010 4688 9011 4689 9011 4690 9011 4690 9012 4689 9012 4691 9012 4690 9013 4691 9013 4692 9013 4691 9014 4693 9014 4692 9014 4692 9015 4693 9015 4694 9015 4692 9016 4694 9016 464 9016 464 9017 4694 9017 462 9017 4695 9018 4684 9018 4696 9018 4696 9019 4684 9019 547 9019 4696 9020 547 9020 4680 9020 4680 9021 547 9021 545 9021 4680 9022 545 9022 544 9022 4697 9023 4698 9023 4672 9023 4672 9024 4698 9024 472 9024 4672 9025 472 9025 459 9025 4673 9026 4674 9026 4699 9026 4699 9027 4674 9027 4675 9027 4699 9028 4675 9028 4700 9028 4700 9029 4675 9029 4676 9029 4700 9030 4676 9030 4685 9030 4685 9031 4676 9031 4677 9031 4685 9032 4677 9032 4686 9032 4701 9033 4702 9033 4703 9033 4703 9034 4702 9034 4704 9034 4703 9035 4704 9035 471 9035 4705 9036 4706 9036 4687 9036 4687 9037 4706 9037 4707 9037 4687 9038 4707 9038 4685 9038 4685 9039 4707 9039 4708 9039 4685 9040 4708 9040 4700 9040 4700 9041 4708 9041 4709 9041 4700 9042 4709 9042 4699 9042 4699 9043 4709 9043 4697 9043 4699 9044 4697 9044 4673 9044 4673 9045 4697 9045 4672 9045 4706 9046 4710 9046 4707 9046 4707 9047 4710 9047 4711 9047 4707 9048 4711 9048 4708 9048 4708 9049 4711 9049 4712 9049 4708 9050 4712 9050 4709 9050 4709 9051 4712 9051 4701 9051 4709 9052 4701 9052 4697 9052 4697 9053 4701 9053 4703 9053 4697 9054 4703 9054 4698 9054 4698 9055 4703 9055 471 9055 4698 9056 471 9056 472 9056 464 9057 468 9057 4692 9057 4692 9058 468 9058 467 9058 4692 9059 467 9059 4690 9059 4690 9060 467 9060 466 9060 4690 9061 466 9061 4688 9061 4688 9062 466 9062 475 9062 4688 9063 475 9063 474 9063 4713 9064 4682 9064 4710 9064 4710 9065 4682 9065 4683 9065 4710 9066 4683 9066 4711 9066 4711 9067 4683 9067 4684 9067 4711 9068 4684 9068 4712 9068 4712 9069 4684 9069 4695 9069 4712 9070 4695 9070 4701 9070 4701 9071 4695 9071 4714 9071 4701 9072 4714 9072 4702 9072 4702 9073 4714 9073 4678 9073 4702 9074 4678 9074 4704 9074 4704 9075 4678 9075 469 9075 4704 9076 469 9076 471 9076 460 9077 462 9077 4679 9077 4679 9078 462 9078 4694 9078 4679 9079 4694 9079 4680 9079 4680 9080 4694 9080 4693 9080 4680 9081 4693 9081 4696 9081 4696 9082 4693 9082 4691 9082 4696 9083 4691 9083 4695 9083 4695 9084 4691 9084 4689 9084 4695 9085 4689 9085 4714 9085 4714 9086 4689 9086 4688 9086 4714 9087 4688 9087 4678 9087 4678 9088 4688 9088 474 9088 4678 9089 474 9089 473 9089 4542 9090 4523 9090 4522 9090 4715 9091 4716 9091 4717 9091 4718 9092 4719 9092 4720 9092 4720 9093 4719 9093 4721 9093 4720 9094 4721 9094 4722 9094 4722 9095 4721 9095 4723 9095 4724 9096 4725 9096 4726 9096 4726 9097 4725 9097 4727 9097 4726 9098 4727 9098 4718 9098 4718 9099 4727 9099 4728 9099 4718 9100 4728 9100 4719 9100 4729 9101 4730 9101 4731 9101 4731 9102 4730 9102 4521 9102 4731 9103 4521 9103 4520 9103 4729 9104 4732 9104 4733 9104 4733 9105 4732 9105 4734 9105 4543 9106 4542 9106 4730 9106 4730 9107 4542 9107 4522 9107 4730 9108 4522 9108 4521 9108 4729 9109 4733 9109 4730 9109 4730 9110 4733 9110 4569 9110 4730 9111 4569 9111 4543 9111 4580 9112 4577 9112 4734 9112 4734 9113 4577 9113 4576 9113 4734 9114 4576 9114 4733 9114 4733 9115 4576 9115 4570 9115 4733 9116 4570 9116 4569 9116 4579 9117 4580 9117 4735 9117 4735 9118 4580 9118 4734 9118 4735 9119 4734 9119 4736 9119 4736 9120 4734 9120 4732 9120 4736 9121 4732 9121 4737 9121 4519 9122 4724 9122 4520 9122 4520 9123 4724 9123 4726 9123 4520 9124 4726 9124 4731 9124 4731 9125 4726 9125 4718 9125 4731 9126 4718 9126 4729 9126 4729 9127 4718 9127 4720 9127 4729 9128 4720 9128 4732 9128 4732 9129 4720 9129 4722 9129 4732 9130 4722 9130 4737 9130 4737 9131 4722 9131 4723 9131 4737 9132 4723 9132 4738 9132 4574 9133 4579 9133 4739 9133 4739 9134 4579 9134 4735 9134 4739 9135 4735 9135 4740 9135 4740 9136 4735 9136 4736 9136 4740 9137 4736 9137 4717 9137 4717 9138 4736 9138 4737 9138 4717 9139 4737 9139 4715 9139 4715 9140 4737 9140 4738 9140 4510 9141 4141 9141 4140 9141 4510 9142 4140 9142 4511 9142 4511 9143 4140 9143 4139 9143 4511 9144 4139 9144 4512 9144 4512 9145 4139 9145 4138 9145 4512 9146 4138 9146 4741 9146 539 9147 538 9147 4138 9147 4138 9148 538 9148 4742 9148 4138 9149 4742 9149 4741 9149 4519 9150 4482 9150 4741 9150 4741 9151 4482 9151 4512 9151 4574 9152 4739 9152 4566 9152 4566 9153 4739 9153 4606 9153 4606 9154 4739 9154 4614 9154 4614 9155 4739 9155 4740 9155 4614 9156 4740 9156 4597 9156 4740 9157 4717 9157 4597 9157 4597 9158 4717 9158 4716 9158 4597 9159 4716 9159 4598 9159 4581 9160 4583 9160 4743 9160 4596 9161 4598 9161 4744 9161 4596 9162 4744 9162 4594 9162 4592 9163 4745 9163 4590 9163 4590 9164 4745 9164 4746 9164 4590 9165 4746 9165 4588 9165 4588 9166 4746 9166 4747 9166 4588 9167 4747 9167 4587 9167 4743 9168 4583 9168 4747 9168 4747 9169 4583 9169 4585 9169 4747 9170 4585 9170 4587 9170 4501 9171 4581 9171 4615 9171 4615 9172 4581 9172 4743 9172 4615 9173 4743 9173 4616 9173 4616 9174 4743 9174 490 9174 492 9175 490 9175 4748 9175 4748 9176 490 9176 4743 9176 4748 9177 4743 9177 4749 9177 4749 9178 4743 9178 4747 9178 4750 9179 4751 9179 4745 9179 4745 9180 4751 9180 4752 9180 4745 9181 4752 9181 4746 9181 4746 9182 4752 9182 4753 9182 4746 9183 4753 9183 4747 9183 4747 9184 4753 9184 4754 9184 4747 9185 4754 9185 4749 9185 187 9186 4750 9186 4744 9186 4744 9187 4750 9187 4745 9187 4744 9188 4745 9188 4594 9188 4594 9189 4745 9189 4592 9189 4755 9190 527 9190 526 9190 189 9191 182 9191 4756 9191 4757 9192 4752 9192 4758 9192 4758 9193 4752 9193 4751 9193 4758 9194 4751 9194 4759 9194 4759 9195 4751 9195 4750 9195 4759 9196 4750 9196 4760 9196 4760 9197 4750 9197 187 9197 4760 9198 187 9198 189 9198 189 9199 4756 9199 4760 9199 4760 9200 4756 9200 4761 9200 4760 9201 4761 9201 4759 9201 4759 9202 4761 9202 4762 9202 4759 9203 4762 9203 4758 9203 4758 9204 4762 9204 4763 9204 4758 9205 4763 9205 4757 9205 4757 9206 4763 9206 4764 9206 4757 9207 4764 9207 4765 9207 4765 9208 4764 9208 4755 9208 4765 9209 4755 9209 4766 9209 4766 9210 4755 9210 526 9210 4766 9211 526 9211 492 9211 492 9212 4748 9212 4766 9212 4766 9213 4748 9213 4749 9213 4766 9214 4749 9214 4765 9214 4765 9215 4749 9215 4754 9215 4765 9216 4754 9216 4757 9216 4757 9217 4754 9217 4753 9217 4757 9218 4753 9218 4752 9218 4767 9219 528 9219 527 9219 486 9220 528 9220 4768 9220 4768 9221 528 9221 4767 9221 4768 9222 4767 9222 4769 9222 184 9223 186 9223 4770 9223 4771 9224 4772 9224 4770 9224 4770 9225 4772 9225 4773 9225 4770 9226 4773 9226 184 9226 4771 9227 4774 9227 4772 9227 4772 9228 4774 9228 4775 9228 4772 9229 4775 9229 4776 9229 4776 9230 4775 9230 4777 9230 4776 9231 4777 9231 4778 9231 4778 9232 4777 9232 4779 9232 4778 9233 4779 9233 4769 9233 4769 9234 4779 9234 4780 9234 4769 9235 4780 9235 4768 9235 527 9236 4755 9236 4767 9236 4767 9237 4755 9237 4764 9237 4767 9238 4764 9238 4769 9238 4769 9239 4764 9239 4763 9239 4769 9240 4763 9240 4778 9240 4778 9241 4763 9241 4762 9241 4778 9242 4762 9242 4776 9242 4776 9243 4762 9243 4761 9243 4776 9244 4761 9244 4772 9244 4772 9245 4761 9245 4756 9245 4772 9246 4756 9246 4773 9246 4773 9247 4756 9247 182 9247 4773 9248 182 9248 184 9248 4781 9249 4782 9249 4783 9249 4784 9250 4785 9250 4786 9250 4787 9251 4788 9251 4789 9251 4774 9252 4771 9252 4790 9252 4777 9253 4775 9253 4791 9253 4780 9254 4779 9254 4792 9254 4793 9255 487 9255 4794 9255 4794 9256 487 9256 486 9256 4794 9257 486 9257 4768 9257 4795 9258 511 9258 4793 9258 4793 9259 511 9259 510 9259 4793 9260 510 9260 487 9260 509 9261 480 9261 4796 9261 4796 9262 480 9262 479 9262 4796 9263 479 9263 4795 9263 4795 9264 479 9264 512 9264 4795 9265 512 9265 511 9265 4797 9266 506 9266 4796 9266 4796 9267 506 9267 508 9267 4796 9268 508 9268 509 9268 505 9269 525 9269 4798 9269 4798 9270 525 9270 524 9270 4798 9271 524 9271 4797 9271 4797 9272 524 9272 523 9272 4797 9273 523 9273 506 9273 505 9274 4798 9274 503 9274 503 9275 4798 9275 4799 9275 503 9276 4799 9276 501 9276 4800 9277 521 9277 4799 9277 4799 9278 521 9278 520 9278 4799 9279 520 9279 501 9279 4801 9280 500 9280 4800 9280 4800 9281 500 9281 522 9281 4800 9282 522 9282 521 9282 4802 9283 496 9283 4801 9283 4801 9284 496 9284 498 9284 4801 9285 498 9285 500 9285 537 9286 536 9286 4802 9286 4802 9287 536 9287 535 9287 4802 9288 535 9288 496 9288 537 9289 4802 9289 531 9289 531 9290 4802 9290 4803 9290 531 9291 4803 9291 532 9291 532 9292 4803 9292 4804 9292 532 9293 4804 9293 533 9293 533 9294 4804 9294 4805 9294 533 9295 4805 9295 534 9295 534 9296 4805 9296 519 9296 519 9297 4805 9297 4806 9297 519 9298 4806 9298 517 9298 517 9299 4806 9299 515 9299 515 9300 4806 9300 4807 9300 515 9301 4807 9301 513 9301 513 9302 4807 9302 476 9302 476 9303 4807 9303 4789 9303 476 9304 4789 9304 477 9304 477 9305 4789 9305 4788 9305 477 9306 4788 9306 482 9306 4784 9307 4786 9307 4808 9307 4781 9308 4783 9308 4809 9308 4810 9309 4811 9309 4812 9309 4812 9310 4811 9310 4813 9310 4812 9311 4813 9311 4783 9311 4783 9312 4813 9312 4814 9312 4783 9313 4814 9313 4809 9313 4815 9314 4816 9314 4817 9314 4817 9315 4816 9315 4818 9315 4817 9316 4818 9316 4819 9316 4819 9317 4818 9317 4820 9317 4819 9318 4820 9318 4821 9318 4821 9319 4820 9319 4822 9319 4821 9320 4822 9320 4810 9320 4810 9321 4822 9321 4823 9321 4810 9322 4823 9322 4811 9322 4824 9323 4825 9323 4826 9323 4826 9324 4825 9324 4827 9324 4826 9325 4827 9325 4828 9325 4828 9326 4827 9326 4829 9326 4828 9327 4829 9327 4830 9327 4830 9328 4829 9328 4831 9328 4830 9329 4831 9329 4815 9329 4815 9330 4831 9330 4832 9330 4815 9331 4832 9331 4816 9331 4785 9332 4787 9332 4786 9332 4786 9333 4787 9333 4789 9333 4786 9334 4789 9334 4833 9334 4833 9335 4789 9335 4807 9335 4833 9336 4807 9336 4834 9336 4834 9337 4807 9337 4806 9337 4834 9338 4806 9338 4835 9338 4835 9339 4806 9339 4805 9339 4835 9340 4805 9340 4836 9340 4836 9341 4805 9341 4804 9341 4836 9342 4804 9342 4837 9342 4837 9343 4804 9343 4803 9343 4837 9344 4803 9344 4838 9344 4838 9345 4803 9345 4802 9345 4838 9346 4802 9346 4839 9346 4839 9347 4802 9347 4801 9347 4839 9348 4801 9348 4840 9348 4840 9349 4801 9349 4800 9349 4840 9350 4800 9350 4841 9350 4841 9351 4800 9351 4799 9351 4841 9352 4799 9352 4842 9352 4842 9353 4799 9353 4798 9353 4842 9354 4798 9354 4843 9354 4843 9355 4798 9355 4797 9355 4843 9356 4797 9356 4844 9356 4844 9357 4797 9357 4796 9357 4844 9358 4796 9358 4845 9358 4845 9359 4796 9359 4795 9359 4845 9360 4795 9360 4846 9360 4846 9361 4795 9361 4793 9361 4846 9362 4793 9362 4792 9362 4792 9363 4793 9363 4794 9363 4792 9364 4794 9364 4780 9364 4780 9365 4794 9365 4768 9365 4779 9366 4777 9366 4792 9366 4792 9367 4777 9367 4791 9367 4792 9368 4791 9368 4846 9368 4846 9369 4791 9369 4847 9369 4846 9370 4847 9370 4845 9370 4845 9371 4847 9371 4848 9371 4845 9372 4848 9372 4844 9372 4844 9373 4848 9373 4849 9373 4844 9374 4849 9374 4843 9374 4843 9375 4849 9375 4850 9375 4843 9376 4850 9376 4842 9376 4842 9377 4850 9377 4851 9377 4842 9378 4851 9378 4841 9378 4841 9379 4851 9379 4852 9379 4841 9380 4852 9380 4840 9380 4840 9381 4852 9381 4853 9381 4840 9382 4853 9382 4839 9382 4839 9383 4853 9383 4854 9383 4839 9384 4854 9384 4838 9384 4838 9385 4854 9385 4855 9385 4838 9386 4855 9386 4837 9386 4837 9387 4855 9387 4856 9387 4837 9388 4856 9388 4836 9388 4836 9389 4856 9389 4857 9389 4836 9390 4857 9390 4835 9390 4835 9391 4857 9391 4858 9391 4835 9392 4858 9392 4834 9392 4834 9393 4858 9393 4859 9393 4834 9394 4859 9394 4833 9394 4833 9395 4859 9395 4860 9395 4833 9396 4860 9396 4786 9396 4786 9397 4860 9397 4861 9397 4786 9398 4861 9398 4808 9398 4782 9399 4808 9399 4783 9399 4783 9400 4808 9400 4861 9400 4783 9401 4861 9401 4812 9401 4812 9402 4861 9402 4860 9402 4812 9403 4860 9403 4810 9403 4810 9404 4860 9404 4859 9404 4810 9405 4859 9405 4821 9405 4821 9406 4859 9406 4858 9406 4821 9407 4858 9407 4819 9407 4819 9408 4858 9408 4857 9408 4819 9409 4857 9409 4817 9409 4817 9410 4857 9410 4856 9410 4817 9411 4856 9411 4815 9411 4815 9412 4856 9412 4855 9412 4815 9413 4855 9413 4830 9413 4830 9414 4855 9414 4854 9414 4830 9415 4854 9415 4828 9415 4828 9416 4854 9416 4853 9416 4828 9417 4853 9417 4826 9417 4826 9418 4853 9418 4852 9418 4826 9419 4852 9419 4824 9419 4824 9420 4852 9420 4851 9420 4824 9421 4851 9421 4862 9421 4862 9422 4851 9422 4850 9422 4862 9423 4850 9423 4863 9423 4863 9424 4850 9424 4849 9424 4863 9425 4849 9425 4864 9425 4864 9426 4849 9426 4848 9426 4864 9427 4848 9427 4865 9427 4865 9428 4848 9428 4847 9428 4865 9429 4847 9429 4790 9429 4790 9430 4847 9430 4791 9430 4790 9431 4791 9431 4774 9431 4774 9432 4791 9432 4775 9432 4770 9433 186 9433 4866 9433 4771 9434 4770 9434 4790 9434 4790 9435 4770 9435 4866 9435 4790 9436 4866 9436 4865 9436 4865 9437 4866 9437 4867 9437 4865 9438 4867 9438 4864 9438 4864 9439 4867 9439 4868 9439 4864 9440 4868 9440 4863 9440 4863 9441 4868 9441 4869 9441 4863 9442 4869 9442 4862 9442 4862 9443 4869 9443 4870 9443 4862 9444 4870 9444 4824 9444 4824 9445 4870 9445 4871 9445 4824 9446 4871 9446 4825 9446 4872 9447 483 9447 482 9447 4654 9448 4653 9448 4872 9448 4653 9449 4618 9449 4872 9449 4872 9450 4618 9450 4617 9450 4872 9451 4617 9451 4637 9451 4637 9452 4638 9452 4872 9452 4872 9453 4638 9453 4625 9453 4872 9454 4625 9454 483 9454 4873 9455 4665 9455 4621 9455 4874 9456 4620 9456 4872 9456 4872 9457 4620 9457 4655 9457 4872 9458 4655 9458 4654 9458 4875 9459 4876 9459 4877 9459 4878 9460 4808 9460 4879 9460 4879 9461 4808 9461 4782 9461 4879 9462 4782 9462 4880 9462 4880 9463 4782 9463 4781 9463 4880 9464 4781 9464 4881 9464 4881 9465 4781 9465 4809 9465 4881 9466 4809 9466 4875 9466 4875 9467 4877 9467 4881 9467 4881 9468 4877 9468 4882 9468 4881 9469 4882 9469 4880 9469 4880 9470 4882 9470 4883 9470 4880 9471 4883 9471 4879 9471 4879 9472 4883 9472 4884 9472 4879 9473 4884 9473 4878 9473 4878 9474 4884 9474 4873 9474 4878 9475 4873 9475 4874 9475 4874 9476 4873 9476 4621 9476 4874 9477 4621 9477 4620 9477 482 9478 4788 9478 4872 9478 4872 9479 4788 9479 4787 9479 4872 9480 4787 9480 4874 9480 4874 9481 4787 9481 4785 9481 4874 9482 4785 9482 4878 9482 4878 9483 4785 9483 4784 9483 4878 9484 4784 9484 4808 9484 4681 9485 4682 9485 4885 9485 4671 9486 4665 9486 4873 9486 4886 9487 4686 9487 4677 9487 4885 9488 4682 9488 4887 9488 4887 9489 4682 9489 4713 9489 4887 9490 4713 9490 4710 9490 4710 9491 4706 9491 4887 9491 4887 9492 4706 9492 4705 9492 4887 9493 4705 9493 4886 9493 4886 9494 4705 9494 4687 9494 4886 9495 4687 9495 4686 9495 4888 9496 4889 9496 4890 9496 4877 9497 4876 9497 4889 9497 4889 9498 4888 9498 4877 9498 4877 9499 4888 9499 4891 9499 4877 9500 4891 9500 4882 9500 4882 9501 4891 9501 4892 9501 4882 9502 4892 9502 4883 9502 4883 9503 4892 9503 4893 9503 4883 9504 4893 9504 4884 9504 4884 9505 4893 9505 4886 9505 4884 9506 4886 9506 4873 9506 4873 9507 4886 9507 4677 9507 4873 9508 4677 9508 4671 9508 4890 9509 4894 9509 4888 9509 4888 9510 4894 9510 4895 9510 4888 9511 4895 9511 4891 9511 4891 9512 4895 9512 4896 9512 4891 9513 4896 9513 4892 9513 4892 9514 4896 9514 4897 9514 4892 9515 4897 9515 4893 9515 4893 9516 4897 9516 4898 9516 4893 9517 4898 9517 4886 9517 4886 9518 4898 9518 4899 9518 4886 9519 4899 9519 4887 9519 4887 9520 4899 9520 540 9520 4887 9521 540 9521 4885 9521 4885 9522 540 9522 542 9522 4885 9523 542 9523 4681 9523 4725 9524 4724 9524 4900 9524 4900 9525 4742 9525 538 9525 4742 9526 4900 9526 4741 9526 4741 9527 4900 9527 4724 9527 4741 9528 4724 9528 4519 9528 4725 9529 4900 9529 4727 9529 4727 9530 4900 9530 4901 9530 4727 9531 4901 9531 4728 9531 4728 9532 4901 9532 4902 9532 4728 9533 4902 9533 4719 9533 4719 9534 4902 9534 4721 9534 4721 9535 4902 9535 4903 9535 4721 9536 4903 9536 4723 9536 4723 9537 4903 9537 4904 9537 4723 9538 4904 9538 4738 9538 4738 9539 4904 9539 4715 9539 4715 9540 4904 9540 4905 9540 4715 9541 4905 9541 4716 9541 4890 9542 4905 9542 4894 9542 4894 9543 4905 9543 4904 9543 4894 9544 4904 9544 4895 9544 4895 9545 4904 9545 4903 9545 4895 9546 4903 9546 4896 9546 4896 9547 4903 9547 4902 9547 4896 9548 4902 9548 4897 9548 4897 9549 4902 9549 4901 9549 4897 9550 4901 9550 4898 9550 4898 9551 4901 9551 4900 9551 4898 9552 4900 9552 4899 9552 4899 9553 4900 9553 538 9553 4899 9554 538 9554 540 9554 4245 9555 4906 9555 4243 9555 4243 9556 4906 9556 4907 9556 4243 9557 4907 9557 4241 9557 4241 9558 4907 9558 4908 9558 4241 9559 4908 9559 4239 9559 4239 9560 4908 9560 4909 9560 4239 9561 4909 9561 4237 9561 4237 9562 4909 9562 4910 9562 4237 9563 4910 9563 4235 9563 4235 9564 4910 9564 4911 9564 4235 9565 4911 9565 4257 9565 4257 9566 4911 9566 4912 9566 4257 9567 4912 9567 4255 9567 4255 9568 4912 9568 4913 9568 4255 9569 4913 9569 4253 9569 4253 9570 4913 9570 4914 9570 4253 9571 4914 9571 4251 9571 4251 9572 4914 9572 4915 9572 4251 9573 4915 9573 4249 9573 4249 9574 4915 9574 4916 9574 4249 9575 4916 9575 4247 9575 4247 9576 4916 9576 4917 9576 4247 9577 4917 9577 4245 9577 4245 9578 4917 9578 4906 9578 4918 9579 4919 9579 4908 9579 4908 9580 4919 9580 4920 9580 4908 9581 4920 9581 4909 9581 4909 9582 4920 9582 4921 9582 4909 9583 4921 9583 4910 9583 4910 9584 4921 9584 4922 9584 4910 9585 4922 9585 4911 9585 4911 9586 4922 9586 4923 9586 4911 9587 4923 9587 4912 9587 4912 9588 4923 9588 4924 9588 4912 9589 4924 9589 4913 9589 4913 9590 4924 9590 4925 9590 4913 9591 4925 9591 4914 9591 4914 9592 4925 9592 4926 9592 4914 9593 4926 9593 4915 9593 4915 9594 4926 9594 4927 9594 4915 9595 4927 9595 4916 9595 4916 9596 4927 9596 4928 9596 4916 9597 4928 9597 4917 9597 4917 9598 4928 9598 4929 9598 4917 9599 4929 9599 4906 9599 4906 9600 4929 9600 4930 9600 4906 9601 4930 9601 4907 9601 4907 9602 4930 9602 4918 9602 4907 9603 4918 9603 4908 9603 4221 9604 4931 9604 4219 9604 4219 9605 4931 9605 4932 9605 4219 9606 4932 9606 4217 9606 4217 9607 4932 9607 4933 9607 4217 9608 4933 9608 4215 9608 4215 9609 4933 9609 4934 9609 4215 9610 4934 9610 4213 9610 4213 9611 4934 9611 4935 9611 4213 9612 4935 9612 4211 9612 4211 9613 4935 9613 4936 9613 4211 9614 4936 9614 4233 9614 4233 9615 4936 9615 4937 9615 4233 9616 4937 9616 4231 9616 4231 9617 4937 9617 4938 9617 4231 9618 4938 9618 4229 9618 4229 9619 4938 9619 4939 9619 4229 9620 4939 9620 4227 9620 4227 9621 4939 9621 4940 9621 4227 9622 4940 9622 4225 9622 4225 9623 4940 9623 4941 9623 4225 9624 4941 9624 4223 9624 4223 9625 4941 9625 4942 9625 4223 9626 4942 9626 4221 9626 4221 9627 4942 9627 4931 9627 4943 9628 4944 9628 4933 9628 4933 9629 4944 9629 4945 9629 4933 9630 4945 9630 4934 9630 4934 9631 4945 9631 4946 9631 4934 9632 4946 9632 4935 9632 4935 9633 4946 9633 4947 9633 4935 9634 4947 9634 4936 9634 4936 9635 4947 9635 4948 9635 4936 9636 4948 9636 4937 9636 4937 9637 4948 9637 4949 9637 4937 9638 4949 9638 4938 9638 4938 9639 4949 9639 4950 9639 4938 9640 4950 9640 4939 9640 4939 9641 4950 9641 4951 9641 4939 9642 4951 9642 4940 9642 4940 9643 4951 9643 4952 9643 4940 9644 4952 9644 4941 9644 4941 9645 4952 9645 4953 9645 4941 9646 4953 9646 4942 9646 4942 9647 4953 9647 4954 9647 4942 9648 4954 9648 4931 9648 4931 9649 4954 9649 4955 9649 4931 9650 4955 9650 4932 9650 4932 9651 4955 9651 4943 9651 4932 9652 4943 9652 4933 9652 4956 9653 4957 9653 4209 9653 4209 9654 4957 9654 4958 9654 4209 9655 4958 9655 4210 9655 4958 9656 4959 9656 4210 9656 4210 9657 4959 9657 4960 9657 4210 9658 4960 9658 4961 9658 4956 9659 4209 9659 4962 9659 4962 9660 4209 9660 4172 9660 4962 9661 4172 9661 4963 9661 4963 9662 4172 9662 4171 9662 4963 9663 4171 9663 4964 9663 4964 9664 4171 9664 4170 9664 4964 9665 4170 9665 4965 9665 4965 9666 4170 9666 4169 9666 4965 9667 4169 9667 4966 9667 4966 9668 4169 9668 4168 9668 4966 9669 4168 9669 4967 9669 4967 9670 4168 9670 4167 9670 4967 9671 4167 9671 4968 9671 4968 9672 4167 9672 4166 9672 4968 9673 4166 9673 4961 9673 4961 9674 4166 9674 4165 9674 4961 9675 4165 9675 4210 9675 4132 9676 4209 9676 4133 9676 4133 9677 4209 9677 4210 9677 4960 9678 4959 9678 4206 9678 4206 9679 4204 9679 4960 9679 4960 9680 4204 9680 4203 9680 4960 9681 4203 9681 4961 9681 4203 9682 4201 9682 4961 9682 4961 9683 4201 9683 4200 9683 4961 9684 4200 9684 4968 9684 4200 9685 4198 9685 4968 9685 4968 9686 4198 9686 4197 9686 4968 9687 4197 9687 4967 9687 4197 9688 4195 9688 4967 9688 4967 9689 4195 9689 4194 9689 4967 9690 4194 9690 4966 9690 4966 9691 4194 9691 4192 9691 4966 9692 4192 9692 4965 9692 4192 9693 4191 9693 4965 9693 4965 9694 4191 9694 4189 9694 4965 9695 4189 9695 4964 9695 4189 9696 4188 9696 4964 9696 4964 9697 4188 9697 4186 9697 4964 9698 4186 9698 4963 9698 4186 9699 4185 9699 4963 9699 4963 9700 4185 9700 4183 9700 4963 9701 4183 9701 4962 9701 4183 9702 4182 9702 4962 9702 4962 9703 4182 9703 4180 9703 4962 9704 4180 9704 4956 9704 4180 9705 4179 9705 4956 9705 4956 9706 4179 9706 4177 9706 4956 9707 4177 9707 4957 9707 4177 9708 4176 9708 4957 9708 4957 9709 4176 9709 4173 9709 4957 9710 4173 9710 4958 9710 4958 9711 4173 9711 4208 9711 4958 9712 4208 9712 4959 9712 4959 9713 4208 9713 4207 9713 4959 9714 4207 9714 4206 9714 4969 9715 4970 9715 4971 9715 4971 9716 4970 9716 4972 9716 4971 9717 4972 9717 4973 9717 4973 9718 4972 9718 4974 9718 4975 9719 4976 9719 4973 9719 4975 9720 4973 9720 4977 9720 4977 9721 4973 9721 4974 9721 4977 9722 4974 9722 4978 9722 4979 9723 4980 9723 4971 9723 4979 9724 4971 9724 4981 9724 4981 9725 4971 9725 4973 9725 4981 9726 4973 9726 4976 9726 4982 9727 4983 9727 4969 9727 4982 9728 4969 9728 4984 9728 4984 9729 4969 9729 4971 9729 4984 9730 4971 9730 4980 9730 4985 9731 4986 9731 4970 9731 4985 9732 4970 9732 4987 9732 4987 9733 4970 9733 4969 9733 4987 9734 4969 9734 4983 9734 4970 9735 4986 9735 4988 9735 4970 9736 4988 9736 4972 9736 4972 9737 4988 9737 4989 9737 4972 9738 4989 9738 4990 9738 4991 9739 4978 9739 4974 9739 4991 9740 4974 9740 4992 9740 4992 9741 4974 9741 4972 9741 4992 9742 4972 9742 4990 9742 4978 9743 4993 9743 4977 9743 4977 9744 4993 9744 4975 9744 4975 9745 4993 9745 4994 9745 4975 9746 4994 9746 4976 9746 4976 9747 4995 9747 4981 9747 4981 9748 4995 9748 4979 9748 4979 9749 4995 9749 4996 9749 4979 9750 4996 9750 4980 9750 4980 9751 4997 9751 4984 9751 4984 9752 4997 9752 4982 9752 4982 9753 4997 9753 4998 9753 4982 9754 4998 9754 4983 9754 4983 9755 4999 9755 4987 9755 4987 9756 4999 9756 4985 9756 4985 9757 4999 9757 5000 9757 4985 9758 5000 9758 4986 9758 4986 9759 5001 9759 4988 9759 4988 9760 5001 9760 4989 9760 4989 9761 5001 9761 5002 9761 4989 9762 5002 9762 4990 9762 4990 9763 5003 9763 4992 9763 4992 9764 5003 9764 4991 9764 4991 9765 5003 9765 5004 9765 4991 9766 5004 9766 4978 9766 5005 9767 4999 9767 5006 9767 5006 9768 4999 9768 4983 9768 5006 9769 4983 9769 5007 9769 5008 9770 4995 9770 5009 9770 5009 9771 4995 9771 4976 9771 5009 9772 4976 9772 5010 9772 5011 9773 5003 9773 5012 9773 5012 9774 5003 9774 4990 9774 5012 9775 4990 9775 5013 9775 4990 9776 5002 9776 5013 9776 5013 9777 5002 9777 5001 9777 5013 9778 5001 9778 5014 9778 5014 9779 5001 9779 4986 9779 5014 9780 4986 9780 5005 9780 5005 9781 4986 9781 5000 9781 5005 9782 5000 9782 4999 9782 4983 9783 4998 9783 5007 9783 5007 9784 4998 9784 4997 9784 5007 9785 4997 9785 5015 9785 5015 9786 4997 9786 4980 9786 5015 9787 4980 9787 5008 9787 5008 9788 4980 9788 4996 9788 5008 9789 4996 9789 4995 9789 4976 9790 4994 9790 5010 9790 5010 9791 4994 9791 4993 9791 5010 9792 4993 9792 5016 9792 5016 9793 4993 9793 4978 9793 5016 9794 4978 9794 5011 9794 5011 9795 4978 9795 5004 9795 5011 9796 5004 9796 5003 9796 5012 9797 5017 9797 5011 9797 5011 9798 5017 9798 5018 9798 5019 9799 5020 9799 5013 9799 5013 9800 5020 9800 5021 9800 5013 9801 5021 9801 5012 9801 5012 9802 5021 9802 5022 9802 5012 9803 5022 9803 5017 9803 5009 9804 5023 9804 5008 9804 5008 9805 5023 9805 5024 9805 5008 9806 5024 9806 5015 9806 5015 9807 5024 9807 5025 9807 5015 9808 5025 9808 5007 9808 5007 9809 5025 9809 5026 9809 5007 9810 5026 9810 5006 9810 5006 9811 5026 9811 5027 9811 5006 9812 5027 9812 5005 9812 5005 9813 5027 9813 5019 9813 5005 9814 5019 9814 5014 9814 5014 9815 5019 9815 5013 9815 5010 9816 5028 9816 5009 9816 5009 9817 5028 9817 5029 9817 5009 9818 5029 9818 5023 9818 5016 9819 5030 9819 5010 9819 5010 9820 5030 9820 5031 9820 5010 9821 5031 9821 5028 9821 5018 9822 5032 9822 5011 9822 5011 9823 5032 9823 5033 9823 5011 9824 5033 9824 5016 9824 5016 9825 5033 9825 5034 9825 5016 9826 5034 9826 5030 9826 4951 9827 5019 9827 5027 9827 4951 9828 5027 9828 4952 9828 4952 9829 5027 9829 5026 9829 4952 9830 5026 9830 4953 9830 4953 9831 5026 9831 5025 9831 4953 9832 5025 9832 4954 9832 4954 9833 5025 9833 5024 9833 4954 9834 5024 9834 4955 9834 4955 9835 5024 9835 5023 9835 4955 9836 5023 9836 4943 9836 4943 9837 5023 9837 5029 9837 4943 9838 5029 9838 4944 9838 4944 9839 5029 9839 5028 9839 4944 9840 5028 9840 4945 9840 4945 9841 5028 9841 5031 9841 4945 9842 5031 9842 4946 9842 5031 9843 5030 9843 4946 9843 4946 9844 5030 9844 5034 9844 4946 9845 5034 9845 4947 9845 5034 9846 5033 9846 4947 9846 4947 9847 5033 9847 5032 9847 4947 9848 5032 9848 4948 9848 5032 9849 5018 9849 4948 9849 4948 9850 5018 9850 5017 9850 4948 9851 5017 9851 4949 9851 5017 9852 5022 9852 4949 9852 4949 9853 5022 9853 5021 9853 4949 9854 5021 9854 4950 9854 5021 9855 5020 9855 4950 9855 4950 9856 5020 9856 5019 9856 4950 9857 5019 9857 4951 9857 4919 9858 5035 9858 5036 9858 4919 9859 5036 9859 4920 9859 4920 9860 5036 9860 5037 9860 4920 9861 5037 9861 4921 9861 5037 9862 5038 9862 4921 9862 4921 9863 5038 9863 5039 9863 4921 9864 5039 9864 4922 9864 5039 9865 5040 9865 4922 9865 4922 9866 5040 9866 5041 9866 4922 9867 5041 9867 4923 9867 5041 9868 5042 9868 4923 9868 4923 9869 5042 9869 5043 9869 4923 9870 5043 9870 4924 9870 5043 9871 5044 9871 4924 9871 4924 9872 5044 9872 5045 9872 4924 9873 5045 9873 4925 9873 5045 9874 5046 9874 4925 9874 4925 9875 5046 9875 5047 9875 4925 9876 5047 9876 4926 9876 4926 9877 5047 9877 5048 9877 4926 9878 5048 9878 4927 9878 4927 9879 5048 9879 5049 9879 4927 9880 5049 9880 4928 9880 4928 9881 5049 9881 5050 9881 4928 9882 5050 9882 4929 9882 4929 9883 5050 9883 5051 9883 4929 9884 5051 9884 4930 9884 4930 9885 5051 9885 5052 9885 4930 9886 5052 9886 4918 9886 4918 9887 5052 9887 5035 9887 4918 9888 5035 9888 4919 9888 5053 9889 5054 9889 5055 9889 5055 9890 5054 9890 5056 9890 5055 9891 5056 9891 5057 9891 5057 9892 5056 9892 5058 9892 5059 9893 5060 9893 5054 9893 5059 9894 5054 9894 5061 9894 5061 9895 5054 9895 5053 9895 5061 9896 5053 9896 5062 9896 5063 9897 5062 9897 5053 9897 5063 9898 5053 9898 5064 9898 5064 9899 5053 9899 5055 9899 5064 9900 5055 9900 5065 9900 5066 9901 5065 9901 5055 9901 5066 9902 5055 9902 5067 9902 5067 9903 5055 9903 5057 9903 5067 9904 5057 9904 5068 9904 5069 9905 5068 9905 5057 9905 5069 9906 5057 9906 5070 9906 5070 9907 5057 9907 5058 9907 5070 9908 5058 9908 5071 9908 5072 9909 5071 9909 5058 9909 5072 9910 5058 9910 5073 9910 5073 9911 5058 9911 5056 9911 5073 9912 5056 9912 5074 9912 5054 9913 5060 9913 5075 9913 5054 9914 5075 9914 5056 9914 5056 9915 5075 9915 5076 9915 5056 9916 5076 9916 5074 9916 5062 9917 5077 9917 5061 9917 5061 9918 5077 9918 5059 9918 5059 9919 5077 9919 5078 9919 5059 9920 5078 9920 5060 9920 5065 9921 5079 9921 5064 9921 5064 9922 5079 9922 5063 9922 5063 9923 5079 9923 5080 9923 5063 9924 5080 9924 5062 9924 5068 9925 5081 9925 5067 9925 5067 9926 5081 9926 5066 9926 5066 9927 5081 9927 5082 9927 5066 9928 5082 9928 5065 9928 5071 9929 5083 9929 5070 9929 5070 9930 5083 9930 5069 9930 5069 9931 5083 9931 5084 9931 5069 9932 5084 9932 5068 9932 5074 9933 5085 9933 5073 9933 5073 9934 5085 9934 5072 9934 5072 9935 5085 9935 5086 9935 5072 9936 5086 9936 5071 9936 5060 9937 5087 9937 5075 9937 5075 9938 5087 9938 5076 9938 5076 9939 5087 9939 5088 9939 5076 9940 5088 9940 5074 9940 5089 9941 5077 9941 5090 9941 5090 9942 5077 9942 5062 9942 5090 9943 5062 9943 5091 9943 5092 9944 5081 9944 5093 9944 5093 9945 5081 9945 5068 9945 5093 9946 5068 9946 5094 9946 5095 9947 5085 9947 5096 9947 5096 9948 5085 9948 5074 9948 5096 9949 5074 9949 5097 9949 5074 9950 5088 9950 5097 9950 5097 9951 5088 9951 5087 9951 5097 9952 5087 9952 5098 9952 5098 9953 5087 9953 5060 9953 5098 9954 5060 9954 5089 9954 5089 9955 5060 9955 5078 9955 5089 9956 5078 9956 5077 9956 5062 9957 5080 9957 5091 9957 5091 9958 5080 9958 5079 9958 5091 9959 5079 9959 5099 9959 5099 9960 5079 9960 5065 9960 5099 9961 5065 9961 5092 9961 5092 9962 5065 9962 5082 9962 5092 9963 5082 9963 5081 9963 5068 9964 5084 9964 5094 9964 5094 9965 5084 9965 5083 9965 5094 9966 5083 9966 5100 9966 5100 9967 5083 9967 5071 9967 5100 9968 5071 9968 5095 9968 5095 9969 5071 9969 5086 9969 5095 9970 5086 9970 5085 9970 5096 9971 5043 9971 5095 9971 5095 9972 5043 9972 5042 9972 5047 9973 5046 9973 5097 9973 5097 9974 5046 9974 5045 9974 5097 9975 5045 9975 5096 9975 5096 9976 5045 9976 5044 9976 5096 9977 5044 9977 5043 9977 5093 9978 5052 9978 5092 9978 5092 9979 5052 9979 5051 9979 5092 9980 5051 9980 5099 9980 5099 9981 5051 9981 5050 9981 5099 9982 5050 9982 5091 9982 5091 9983 5050 9983 5049 9983 5091 9984 5049 9984 5090 9984 5090 9985 5049 9985 5048 9985 5090 9986 5048 9986 5089 9986 5089 9987 5048 9987 5047 9987 5089 9988 5047 9988 5098 9988 5098 9989 5047 9989 5097 9989 5094 9990 5036 9990 5093 9990 5093 9991 5036 9991 5035 9991 5093 9992 5035 9992 5052 9992 5100 9993 5038 9993 5094 9993 5094 9994 5038 9994 5037 9994 5094 9995 5037 9995 5036 9995 5042 9996 5041 9996 5095 9996 5095 9997 5041 9997 5040 9997 5095 9998 5040 9998 5100 9998 5100 9999 5040 9999 5039 9999 5100 10000 5039 10000 5038 10000 5101 10001 5102 10001 3275 10001 3275 10002 5102 10002 3263 10002 559 10003 558 10003 5103 10003 5103 10004 558 10004 5104 10004 3263 10005 5102 10005 3264 10005 3264 10006 5102 10006 5105 10006 558 10007 3277 10007 5104 10007 5104 10008 3277 10008 3278 10008 5104 10009 3278 10009 5105 10009 5105 10010 3278 10010 3265 10010 5105 10011 3265 10011 3264 10011 3827 10012 5106 10012 3268 10012 3268 10013 5106 10013 5107 10013 3268 10014 5107 10014 3269 10014 3269 10015 5107 10015 3270 10015 3270 10016 5107 10016 5108 10016 3270 10017 5108 10017 3272 10017 5101 10018 3275 10018 5108 10018 5108 10019 3275 10019 3274 10019 5108 10020 3274 10020 3272 10020 559 10021 5103 10021 560 10021 560 10022 5103 10022 5109 10022 560 10023 5109 10023 3904 10023 3904 10024 5109 10024 5110 10024 3904 10025 5110 10025 3905 10025 3905 10026 5110 10026 5111 10026 3905 10027 5111 10027 3906 10027 3906 10028 5111 10028 5112 10028 3906 10029 5112 10029 3907 10029 3907 10030 5112 10030 5113 10030 3907 10031 5113 10031 3908 10031 3908 10032 5113 10032 3909 10032 3909 10033 5113 10033 5114 10033 3909 10034 5114 10034 5115 10034 3909 10035 5115 10035 3910 10035 3910 10036 5115 10036 5116 10036 3910 10037 5116 10037 3913 10037 3913 10038 5116 10038 5117 10038 3913 10039 5117 10039 3912 10039 3912 10040 5117 10040 5118 10040 3912 10041 5118 10041 3911 10041 3911 10042 5118 10042 3826 10042 3826 10043 5118 10043 5106 10043 3826 10044 5106 10044 3827 10044 5118 10045 5102 10045 5101 10045 5114 10046 5113 10046 5102 10046 5116 10047 5115 10047 5114 10047 5108 10048 5107 10048 5101 10048 5101 10049 5107 10049 5106 10049 5101 10050 5106 10050 5118 10050 5113 10051 5112 10051 5111 10051 5102 10052 5118 10052 5114 10052 5114 10053 5118 10053 5117 10053 5114 10054 5117 10054 5116 10054 5104 10055 5105 10055 5103 10055 5103 10056 5105 10056 5102 10056 5103 10057 5102 10057 5109 10057 5109 10058 5102 10058 5113 10058 5109 10059 5113 10059 5110 10059 5110 10060 5113 10060 5111 10060 390 10061 453 10061 366 10061 366 10062 453 10062 368 10062 5119 10063 374 10063 5120 10063 5120 10064 374 10064 368 10064 5120 10065 368 10065 5121 10065 5121 10066 368 10066 453 10066 5121 10067 453 10067 5122 10067 5122 10068 453 10068 449 10068 5122 10069 449 10069 5123 10069 5123 10070 449 10070 445 10070 5123 10071 445 10071 5124 10071 5124 10072 445 10072 441 10072 5124 10073 441 10073 5125 10073 5125 10074 441 10074 439 10074 5125 10075 439 10075 5126 10075 5126 10076 439 10076 457 10076 5126 10077 457 10077 5127 10077 5127 10078 457 10078 470 10078 5127 10079 470 10079 5128 10079 5128 10080 470 10080 465 10080 5128 10081 465 10081 5129 10081 465 10082 463 10082 5129 10082 5129 10083 463 10083 461 10083 5129 10084 461 10084 5130 10084 461 10085 364 10085 363 10085 461 10086 363 10086 5130 10086 5130 10087 363 10087 385 10087 5130 10088 385 10088 5131 10088 5131 10089 385 10089 382 10089 5131 10090 382 10090 5132 10090 369 10091 374 10091 5119 10091 369 10092 5119 10092 370 10092 370 10093 5119 10093 5133 10093 370 10094 5133 10094 378 10094 382 10095 380 10095 5132 10095 5132 10096 380 10096 378 10096 5132 10097 378 10097 5134 10097 5134 10098 378 10098 5133 10098 5135 10099 5136 10099 5137 10099 5137 10100 5136 10100 5138 10100 5135 10101 5139 10101 5140 10101 5141 10102 5142 10102 5143 10102 5143 10103 5144 10103 5141 10103 5141 10104 5144 10104 5136 10104 5141 10105 5136 10105 5135 10105 5145 10106 5146 10106 5141 10106 5141 10107 5146 10107 5147 10107 5141 10108 5147 10108 5142 10108 5135 10109 5140 10109 5141 10109 5141 10110 5140 10110 5148 10110 5141 10111 5148 10111 5145 10111 5149 10112 5150 10112 5151 10112 5152 10113 5153 10113 5154 10113 5154 10114 5153 10114 5155 10114 5149 10115 5156 10115 5150 10115 5150 10116 5156 10116 5157 10116 5150 10117 5157 10117 5158 10117 5158 10118 5157 10118 5152 10118 5158 10119 5152 10119 5159 10119 5159 10120 5152 10120 5154 10120 5160 10121 5161 10121 5162 10121 5162 10122 5161 10122 5163 10122 5161 10123 5164 10123 5163 10123 5163 10124 5164 10124 5165 10124 5163 10125 5165 10125 5166 10125 5162 10126 5167 10126 5160 10126 5160 10127 5167 10127 5151 10127 5160 10128 5151 10128 5168 10128 5168 10129 5151 10129 5150 10129 5168 10130 5150 10130 5169 10130 5169 10131 5150 10131 5158 10131 5169 10132 5158 10132 5170 10132 5170 10133 5158 10133 5159 10133 5170 10134 5159 10134 5171 10134 5171 10135 5159 10135 5154 10135 5171 10136 5154 10136 5172 10136 5172 10137 5154 10137 5155 10137 5173 10138 5165 10138 5174 10138 5174 10139 5165 10139 5164 10139 5174 10140 5164 10140 5175 10140 5175 10141 5164 10141 5161 10141 5175 10142 5161 10142 5176 10142 5176 10143 5161 10143 5160 10143 5176 10144 5160 10144 5177 10144 5177 10145 5160 10145 5168 10145 5177 10146 5168 10146 5178 10146 5178 10147 5168 10147 5169 10147 5178 10148 5169 10148 5179 10148 5179 10149 5169 10149 5170 10149 5179 10150 5170 10150 5180 10150 5180 10151 5170 10151 5171 10151 5180 10152 5171 10152 5181 10152 5181 10153 5171 10153 5172 10153 5140 10154 5173 10154 5148 10154 5148 10155 5173 10155 5174 10155 5148 10156 5174 10156 5145 10156 5145 10157 5174 10157 5175 10157 5145 10158 5175 10158 5146 10158 5146 10159 5175 10159 5176 10159 5146 10160 5176 10160 5147 10160 5147 10161 5176 10161 5177 10161 5147 10162 5177 10162 5142 10162 5142 10163 5177 10163 5178 10163 5142 10164 5178 10164 5143 10164 5143 10165 5178 10165 5179 10165 5143 10166 5179 10166 5144 10166 5144 10167 5179 10167 5180 10167 5144 10168 5180 10168 5136 10168 5136 10169 5180 10169 5181 10169 5182 10170 5183 10170 5184 10170 5182 10171 5184 10171 5185 10171 5185 10172 5184 10172 5186 10172 5185 10173 5186 10173 5187 10173 5187 10174 5186 10174 5188 10174 5187 10175 5188 10175 5189 10175 5189 10176 5188 10176 5138 10176 5189 10177 5138 10177 5136 10177 5136 10178 5181 10178 5189 10178 5189 10179 5181 10179 5172 10179 5189 10180 5172 10180 5187 10180 5187 10181 5172 10181 5155 10181 5187 10182 5155 10182 5185 10182 5185 10183 5155 10183 5153 10183 5185 10184 5153 10184 5182 10184 5190 10185 5191 10185 5192 10185 5193 10186 5194 10186 5195 10186 5195 10187 5194 10187 5196 10187 5195 10188 5196 10188 5197 10188 5197 10189 5196 10189 5198 10189 5197 10190 5198 10190 5199 10190 5200 10191 5201 10191 5193 10191 5193 10192 5201 10192 5202 10192 5193 10193 5202 10193 5194 10193 5183 10194 5203 10194 5184 10194 5184 10195 5203 10195 5204 10195 5184 10196 5204 10196 5200 10196 5200 10197 5204 10197 5205 10197 5200 10198 5205 10198 5201 10198 5186 10199 5184 10199 5206 10199 5206 10200 5184 10200 5200 10200 5206 10201 5200 10201 5207 10201 5207 10202 5200 10202 5193 10202 5207 10203 5193 10203 5208 10203 5208 10204 5193 10204 5195 10204 5208 10205 5195 10205 5192 10205 5192 10206 5195 10206 5197 10206 5192 10207 5197 10207 5190 10207 5190 10208 5197 10208 5199 10208 5188 10209 5186 10209 5209 10209 5209 10210 5186 10210 5206 10210 5209 10211 5206 10211 5210 10211 5210 10212 5206 10212 5207 10212 5210 10213 5207 10213 5211 10213 5211 10214 5207 10214 5208 10214 5211 10215 5208 10215 5212 10215 5212 10216 5208 10216 5192 10216 5212 10217 5192 10217 5213 10217 5213 10218 5192 10218 5191 10218 5138 10219 5188 10219 5214 10219 5214 10220 5188 10220 5209 10220 5214 10221 5209 10221 5215 10221 5215 10222 5209 10222 5210 10222 5215 10223 5210 10223 5216 10223 5216 10224 5210 10224 5211 10224 5216 10225 5211 10225 5217 10225 5217 10226 5211 10226 5212 10226 5217 10227 5212 10227 5218 10227 5218 10228 5212 10228 5213 10228 5219 10229 5220 10229 5221 10229 5221 10230 5220 10230 5222 10230 5221 10231 5222 10231 5223 10231 5223 10232 5222 10232 5224 10232 5225 10233 5226 10233 5227 10233 5225 10234 5227 10234 5228 10234 5228 10235 5227 10235 5229 10235 5228 10236 5229 10236 5230 10236 5230 10237 5229 10237 5231 10237 5230 10238 5231 10238 5219 10238 5219 10239 5231 10239 5232 10239 5219 10240 5232 10240 5220 10240 5233 10241 5225 10241 5234 10241 5234 10242 5225 10242 5228 10242 5234 10243 5228 10243 5235 10243 5235 10244 5228 10244 5230 10244 5235 10245 5230 10245 5236 10245 5236 10246 5230 10246 5219 10246 5236 10247 5219 10247 5237 10247 5237 10248 5219 10248 5221 10248 5237 10249 5221 10249 5238 10249 5238 10250 5221 10250 5223 10250 5239 10251 5233 10251 5240 10251 5240 10252 5233 10252 5234 10252 5240 10253 5234 10253 5241 10253 5241 10254 5234 10254 5235 10254 5241 10255 5235 10255 5242 10255 5242 10256 5235 10256 5236 10256 5242 10257 5236 10257 5243 10257 5243 10258 5236 10258 5237 10258 5243 10259 5237 10259 5244 10259 5244 10260 5237 10260 5238 10260 5245 10261 5239 10261 5246 10261 5246 10262 5239 10262 5240 10262 5246 10263 5240 10263 5247 10263 5247 10264 5240 10264 5241 10264 5247 10265 5241 10265 5248 10265 5248 10266 5241 10266 5242 10266 5248 10267 5242 10267 5249 10267 5249 10268 5242 10268 5243 10268 5249 10269 5243 10269 5250 10269 5250 10270 5243 10270 5244 10270 5251 10271 5252 10271 5253 10271 5253 10272 5252 10272 5250 10272 5251 10273 5253 10273 5254 10273 5254 10274 5253 10274 5255 10274 5254 10275 5255 10275 5256 10275 5256 10276 5255 10276 5257 10276 5257 10277 5255 10277 5258 10277 5257 10278 5258 10278 5259 10278 5259 10279 5258 10279 5260 10279 5259 10280 5260 10280 5261 10280 5250 10281 5244 10281 5253 10281 5253 10282 5244 10282 5238 10282 5253 10283 5238 10283 5255 10283 5255 10284 5238 10284 5223 10284 5255 10285 5223 10285 5258 10285 5258 10286 5223 10286 5224 10286 5258 10287 5224 10287 5260 10287 5251 10288 5254 10288 5262 10288 5256 10289 5257 10289 5263 10289 5264 10290 5265 10290 5266 10290 5264 10291 5266 10291 5267 10291 5267 10292 5266 10292 5268 10292 5267 10293 5268 10293 5269 10293 5269 10294 5268 10294 5270 10294 5269 10295 5270 10295 5271 10295 5272 10296 5273 10296 5274 10296 5274 10297 5273 10297 5275 10297 5274 10298 5275 10298 5276 10298 5276 10299 5275 10299 5277 10299 5276 10300 5277 10300 5278 10300 5278 10301 5277 10301 5279 10301 5278 10302 5279 10302 5280 10302 5272 10303 5274 10303 5281 10303 5281 10304 5274 10304 5282 10304 5281 10305 5282 10305 5283 10305 5283 10306 5282 10306 5259 10306 5283 10307 5259 10307 5261 10307 5257 10308 5259 10308 5263 10308 5263 10309 5259 10309 5282 10309 5263 10310 5282 10310 5284 10310 5284 10311 5282 10311 5274 10311 5284 10312 5274 10312 5285 10312 5285 10313 5274 10313 5276 10313 5285 10314 5276 10314 5286 10314 5286 10315 5276 10315 5278 10315 5286 10316 5278 10316 5270 10316 5270 10317 5278 10317 5280 10317 5270 10318 5280 10318 5271 10318 5254 10319 5256 10319 5262 10319 5262 10320 5256 10320 5263 10320 5262 10321 5263 10321 5287 10321 5287 10322 5263 10322 5284 10322 5287 10323 5284 10323 5288 10323 5288 10324 5284 10324 5285 10324 5288 10325 5285 10325 5289 10325 5289 10326 5285 10326 5286 10326 5289 10327 5286 10327 5290 10327 5290 10328 5286 10328 5270 10328 5290 10329 5270 10329 5291 10329 5291 10330 5270 10330 5268 10330 5291 10331 5268 10331 5292 10331 5292 10332 5268 10332 5266 10332 5292 10333 5266 10333 5293 10333 5293 10334 5266 10334 5265 10334 5252 10335 5251 10335 5294 10335 5294 10336 5251 10336 5262 10336 5294 10337 5262 10337 5295 10337 5295 10338 5262 10338 5287 10338 5295 10339 5287 10339 5296 10339 5296 10340 5287 10340 5288 10340 5296 10341 5288 10341 5297 10341 5297 10342 5288 10342 5289 10342 5297 10343 5289 10343 5298 10343 5298 10344 5289 10344 5290 10344 5298 10345 5290 10345 5299 10345 5299 10346 5290 10346 5291 10346 5299 10347 5291 10347 5300 10347 5300 10348 5291 10348 5292 10348 5300 10349 5292 10349 5301 10349 5301 10350 5292 10350 5293 10350 5252 10351 5302 10351 5250 10351 5250 10352 5302 10352 5303 10352 5250 10353 5303 10353 5304 10353 5246 10354 5304 10354 5245 10354 5245 10355 5304 10355 5305 10355 5245 10356 5305 10356 5306 10356 5249 10357 5250 10357 5248 10357 5248 10358 5250 10358 5304 10358 5248 10359 5304 10359 5247 10359 5247 10360 5304 10360 5246 10360 5307 10361 5218 10361 5308 10361 5308 10362 5218 10362 5245 10362 5308 10363 5245 10363 5309 10363 5309 10364 5245 10364 5306 10364 5307 10365 5310 10365 5218 10365 5218 10366 5310 10366 5311 10366 5218 10367 5311 10367 5137 10367 5137 10368 5311 10368 5312 10368 5137 10369 5138 10369 5214 10369 5217 10370 5218 10370 5216 10370 5216 10371 5218 10371 5137 10371 5216 10372 5137 10372 5215 10372 5215 10373 5137 10373 5214 10373 5137 10374 5312 10374 5135 10374 5135 10375 5312 10375 5313 10375 5198 10376 5226 10376 5199 10376 5199 10377 5226 10377 5225 10377 5199 10378 5225 10378 5190 10378 5190 10379 5225 10379 5233 10379 5190 10380 5233 10380 5191 10380 5191 10381 5233 10381 5239 10381 5191 10382 5239 10382 5213 10382 5213 10383 5239 10383 5245 10383 5213 10384 5245 10384 5218 10384 5139 10385 5301 10385 5293 10385 5265 10386 5264 10386 5314 10386 5265 10387 5314 10387 5293 10387 5293 10388 5314 10388 5315 10388 5293 10389 5315 10389 5139 10389 5314 10390 5166 10390 5315 10390 5315 10391 5166 10391 5165 10391 5165 10392 5173 10392 5315 10392 5315 10393 5173 10393 5140 10393 5315 10394 5140 10394 5139 10394 5133 10395 5226 10395 5134 10395 5134 10396 5226 10396 5198 10396 5264 10397 5125 10397 5314 10397 5314 10398 5125 10398 5126 10398 5314 10399 5126 10399 5166 10399 5227 10400 5226 10400 5133 10400 5227 10401 5133 10401 5229 10401 5229 10402 5133 10402 5119 10402 5229 10403 5119 10403 5231 10403 5231 10404 5119 10404 5120 10404 5231 10405 5120 10405 5232 10405 5232 10406 5120 10406 5220 10406 5220 10407 5120 10407 5121 10407 5220 10408 5121 10408 5222 10408 5261 10409 5260 10409 5121 10409 5121 10410 5260 10410 5224 10410 5121 10411 5224 10411 5222 10411 5123 10412 5277 10412 5122 10412 5122 10413 5277 10413 5275 10413 5122 10414 5275 10414 5273 10414 5273 10415 5272 10415 5122 10415 5122 10416 5272 10416 5281 10416 5122 10417 5281 10417 5121 10417 5121 10418 5281 10418 5283 10418 5121 10419 5283 10419 5261 10419 5271 10420 5280 10420 5123 10420 5123 10421 5280 10421 5279 10421 5123 10422 5279 10422 5277 10422 5271 10423 5123 10423 5269 10423 5269 10424 5123 10424 5124 10424 5269 10425 5124 10425 5267 10425 5267 10426 5124 10426 5125 10426 5267 10427 5125 10427 5264 10427 5166 10428 5126 10428 5163 10428 5163 10429 5126 10429 5127 10429 5128 10430 5156 10430 5149 10430 5149 10431 5151 10431 5128 10431 5128 10432 5151 10432 5167 10432 5128 10433 5167 10433 5127 10433 5127 10434 5167 10434 5162 10434 5127 10435 5162 10435 5163 10435 5130 10436 5203 10436 5183 10436 5183 10437 5182 10437 5130 10437 5130 10438 5182 10438 5153 10438 5130 10439 5153 10439 5129 10439 5129 10440 5153 10440 5152 10440 5129 10441 5152 10441 5128 10441 5128 10442 5152 10442 5157 10442 5128 10443 5157 10443 5156 10443 5131 10444 5205 10444 5130 10444 5130 10445 5205 10445 5204 10445 5130 10446 5204 10446 5203 10446 5196 10447 5194 10447 5131 10447 5194 10448 5202 10448 5131 10448 5131 10449 5202 10449 5201 10449 5131 10450 5201 10450 5205 10450 5131 10451 5132 10451 5196 10451 5196 10452 5132 10452 5134 10452 5196 10453 5134 10453 5198 10453 5316 10454 5317 10454 5139 10454 5316 10455 5139 10455 5318 10455 5135 10456 5313 10456 5319 10456 5135 10457 5319 10457 5139 10457 5139 10458 5319 10458 5320 10458 5139 10459 5320 10459 5318 10459 5317 10460 5321 10460 5139 10460 5139 10461 5321 10461 5322 10461 5139 10462 5322 10462 5301 10462 5322 10463 5323 10463 5301 10463 5301 10464 5323 10464 5324 10464 5301 10465 5324 10465 5325 10465 5325 10466 5326 10466 5301 10466 5301 10467 5326 10467 5327 10467 5301 10468 5327 10468 5300 10468 5300 10469 5327 10469 5328 10469 5295 10470 5296 10470 5329 10470 5296 10471 5297 10471 5329 10471 5329 10472 5297 10472 5298 10472 5329 10473 5298 10473 5328 10473 5328 10474 5298 10474 5299 10474 5328 10475 5299 10475 5300 10475 5302 10476 5252 10476 5329 10476 5329 10477 5252 10477 5294 10477 5329 10478 5294 10478 5295 10478 5321 10479 5317 10479 5330 10479 5304 10480 5303 10480 5331 10480 5331 10481 5303 10481 5302 10481 5331 10482 5302 10482 5332 10482 5304 10483 5331 10483 5305 10483 5305 10484 5331 10484 5333 10484 5305 10485 5333 10485 5306 10485 5312 10486 5311 10486 5334 10486 5334 10487 5311 10487 5310 10487 5334 10488 5310 10488 5335 10488 5335 10489 5310 10489 5307 10489 5335 10490 5307 10490 5336 10490 5336 10491 5307 10491 5308 10491 5336 10492 5308 10492 5333 10492 5333 10493 5308 10493 5309 10493 5333 10494 5309 10494 5306 10494 5312 10495 5334 10495 5313 10495 5313 10496 5334 10496 5337 10496 5313 10497 5337 10497 5319 10497 5330 10498 5317 10498 5338 10498 5317 10499 5316 10499 5338 10499 5338 10500 5316 10500 5318 10500 5338 10501 5318 10501 5337 10501 5337 10502 5318 10502 5320 10502 5337 10503 5320 10503 5319 10503 5321 10504 5330 10504 5322 10504 5322 10505 5330 10505 5339 10505 5322 10506 5339 10506 5323 10506 5323 10507 5339 10507 5340 10507 5323 10508 5340 10508 5324 10508 5341 10509 5326 10509 5340 10509 5340 10510 5326 10510 5325 10510 5340 10511 5325 10511 5324 10511 5302 10512 5329 10512 5332 10512 5332 10513 5329 10513 5328 10513 5332 10514 5328 10514 5341 10514 5341 10515 5328 10515 5327 10515 5341 10516 5327 10516 5326 10516 4202 10517 4205 10517 5342 10517 5342 10518 4205 10518 4175 10518 5342 10519 4175 10519 4174 10519 4193 10520 4196 10520 5342 10520 5342 10521 4196 10521 4199 10521 5342 10522 4199 10522 4202 10522 4184 10523 4187 10523 5342 10523 5342 10524 4187 10524 4190 10524 5342 10525 4190 10525 4193 10525 4174 10526 4178 10526 5342 10526 5342 10527 4178 10527 4181 10527 5342 10528 4181 10528 4184 10528 5334 10529 5335 10529 5343 10529 5343 10530 5335 10530 5336 10530 5343 10531 5336 10531 5333 10531 5330 10532 5338 10532 5343 10532 5343 10533 5338 10533 5337 10533 5343 10534 5337 10534 5334 10534 5341 10535 5340 10535 5343 10535 5343 10536 5340 10536 5339 10536 5343 10537 5339 10537 5330 10537 5333 10538 5331 10538 5343 10538 5343 10539 5331 10539 5332 10539 5343 10540 5332 10540 5341 10540 5344 10541 4535 10541 5345 10541 5345 10542 4535 10542 4536 10542 5345 10543 4536 10543 5346 10543 5346 10544 4536 10544 4537 10544 5346 10545 4537 10545 5347 10545 5347 10546 4537 10546 4524 10546 5344 10547 5348 10547 4535 10547 4535 10548 5348 10548 4534 10548 5349 10549 4561 10549 5350 10549 5350 10550 4561 10550 4559 10550 5350 10551 4559 10551 5351 10551 5351 10552 4559 10552 4558 10552 5351 10553 4558 10553 5348 10553 5348 10554 4558 10554 4534 10554 5349 10555 5352 10555 4561 10555 4561 10556 5352 10556 4563 10556 5353 10557 4573 10557 5354 10557 5354 10558 4573 10558 4572 10558 5354 10559 4572 10559 5355 10559 5355 10560 4572 10560 4557 10560 5355 10561 4557 10561 5352 10561 5352 10562 4557 10562 4563 10562 5353 10563 5356 10563 4573 10563 4573 10564 5356 10564 4575 10564 5357 10565 4526 10565 5358 10565 5358 10566 4526 10566 4528 10566 5358 10567 4528 10567 5359 10567 5359 10568 4528 10568 4550 10568 5359 10569 4550 10569 5356 10569 5356 10570 4550 10570 4575 10570 5357 10571 5347 10571 4526 10571 4526 10572 5347 10572 4524 10572 5357 10573 5355 10573 5347 10573 5347 10574 5355 10574 5352 10574 5347 10575 5352 10575 5349 10575 5345 10576 5346 10576 5344 10576 5344 10577 5346 10577 5347 10577 5344 10578 5347 10578 5348 10578 5348 10579 5347 10579 5349 10579 5348 10580 5349 10580 5351 10580 5351 10581 5349 10581 5350 10581 5358 10582 5359 10582 5357 10582 5357 10583 5359 10583 5356 10583 5357 10584 5356 10584 5355 10584 5355 10585 5356 10585 5353 10585 5355 10586 5353 10586 5354 10586 5360 10587 4531 10587 5361 10587 5361 10588 4531 10588 4530 10588 5361 10589 4530 10589 5362 10589 5362 10590 4530 10590 4529 10590 5362 10591 4529 10591 5363 10591 5363 10592 4529 10592 4541 10592 5363 10593 4541 10593 5364 10593 5364 10594 4541 10594 4544 10594 5364 10595 4544 10595 5365 10595 5365 10596 4544 10596 4571 10596 5365 10597 4571 10597 5366 10597 5366 10598 4571 10598 4578 10598 5366 10599 4578 10599 5367 10599 5367 10600 4578 10600 4552 10600 5367 10601 4552 10601 5368 10601 5368 10602 4552 10602 4551 10602 5368 10603 4551 10603 5369 10603 5369 10604 4551 10604 4527 10604 5369 10605 4527 10605 5370 10605 5370 10606 4527 10606 4525 10606 5370 10607 4525 10607 5371 10607 5371 10608 4525 10608 4538 10608 5371 10609 4538 10609 5360 10609 5360 10610 4538 10610 4531 10610 5370 10611 5371 10611 5372 10611 5372 10612 5371 10612 5360 10612 5372 10613 5360 10613 5361 10613 5367 10614 5368 10614 5372 10614 5372 10615 5368 10615 5369 10615 5372 10616 5369 10616 5370 10616 5364 10617 5365 10617 5372 10617 5372 10618 5365 10618 5366 10618 5372 10619 5366 10619 5367 10619 5361 10620 5362 10620 5372 10620 5372 10621 5362 10621 5363 10621 5372 10622 5363 10622 5364 10622 5373 10623 4533 10623 5374 10623 5374 10624 4533 10624 4532 10624 5374 10625 4532 10625 5375 10625 5375 10626 4532 10626 4560 10626 5375 10627 4560 10627 5376 10627 5376 10628 4560 10628 4562 10628 5376 10629 4562 10629 5377 10629 5377 10630 4562 10630 4564 10630 5377 10631 4564 10631 5378 10631 5378 10632 4564 10632 4565 10632 5378 10633 4565 10633 5379 10633 5379 10634 4565 10634 4556 10634 5379 10635 4556 10635 5380 10635 5380 10636 4556 10636 4554 10636 5380 10637 4554 10637 5381 10637 5381 10638 4554 10638 4548 10638 5381 10639 4548 10639 5382 10639 5382 10640 4548 10640 4546 10640 5382 10641 4546 10641 5383 10641 5383 10642 4546 10642 4540 10642 5383 10643 4540 10643 5384 10643 5384 10644 4540 10644 4539 10644 5384 10645 4539 10645 5373 10645 5373 10646 4539 10646 4533 10646 5383 10647 5384 10647 5385 10647 5385 10648 5384 10648 5373 10648 5385 10649 5373 10649 5374 10649 5380 10650 5381 10650 5385 10650 5385 10651 5381 10651 5382 10651 5385 10652 5382 10652 5383 10652 5377 10653 5378 10653 5385 10653 5385 10654 5378 10654 5379 10654 5385 10655 5379 10655 5380 10655 5374 10656 5375 10656 5385 10656 5385 10657 5375 10657 5376 10657 5385 10658 5376 10658 5377 10658 216 10659 193 10659 5386 10659 257 10660 190 10660 275 10660 275 10661 190 10661 188 10661 5387 10662 5388 10662 5389 10662 275 10663 5390 10663 262 10663 262 10664 5390 10664 5391 10664 262 10665 5391 10665 5392 10665 185 10666 183 10666 218 10666 218 10667 183 10667 191 10667 218 10668 191 10668 199 10668 5393 10669 246 10669 5394 10669 5394 10670 246 10670 262 10670 5394 10671 262 10671 5395 10671 5387 10672 5389 10672 5396 10672 5397 10673 5398 10673 5399 10673 5400 10674 5401 10674 5402 10674 5402 10675 5401 10675 5403 10675 5402 10676 5403 10676 188 10676 5403 10677 5404 10677 188 10677 188 10678 5404 10678 5405 10678 188 10679 5405 10679 275 10679 275 10680 5405 10680 5406 10680 275 10681 5406 10681 5390 10681 5392 10682 5407 10682 262 10682 262 10683 5407 10683 5408 10683 262 10684 5408 10684 5395 10684 5395 10685 5408 10685 5409 10685 5395 10686 5409 10686 5410 10686 191 10687 190 10687 199 10687 199 10688 190 10688 257 10688 199 10689 257 10689 193 10689 193 10690 257 10690 246 10690 193 10691 246 10691 5386 10691 5386 10692 246 10692 5393 10692 218 10693 5411 10693 5412 10693 5397 10694 5399 10694 5386 10694 5400 10695 5413 10695 5401 10695 5401 10696 5413 10696 5410 10696 5401 10697 5410 10697 5414 10697 5414 10698 5410 10698 5409 10698 218 10699 5412 10699 185 10699 185 10700 5412 10700 5415 10700 185 10701 5415 10701 5416 10701 5416 10702 5415 10702 5417 10702 5416 10703 5417 10703 5418 10703 5418 10704 5417 10704 5389 10704 5418 10705 5389 10705 5419 10705 5398 10706 5397 10706 5420 10706 5420 10707 5397 10707 5421 10707 5420 10708 5421 10708 5389 10708 5389 10709 5421 10709 5422 10709 5389 10710 5422 10710 5396 10710 5399 10711 5423 10711 5386 10711 5386 10712 5423 10712 5424 10712 5386 10713 5424 10713 216 10713 216 10714 5424 10714 5425 10714 216 10715 5425 10715 218 10715 218 10716 5425 10716 5426 10716 218 10717 5426 10717 5411 10717 5388 10718 5427 10718 5389 10718 5389 10719 5427 10719 5428 10719 5389 10720 5428 10720 5419 10720 5413 10721 4716 10721 4905 10721 5413 10722 4905 10722 5410 10722 5410 10723 4905 10723 4890 10723 5410 10724 4890 10724 5395 10724 4809 10725 5397 10725 4875 10725 4875 10726 5397 10726 5386 10726 4875 10727 5386 10727 4876 10727 5386 10728 5393 10728 4876 10728 4876 10729 5393 10729 5394 10729 4876 10730 5394 10730 4889 10730 4889 10731 5394 10731 5395 10731 4889 10732 5395 10732 4890 10732 186 10733 185 10733 5416 10733 5397 10734 4809 10734 4814 10734 5397 10735 4814 10735 5421 10735 4814 10736 4813 10736 5421 10736 5421 10737 4813 10737 4811 10737 5421 10738 4811 10738 5422 10738 4811 10739 4823 10739 5422 10739 5422 10740 4823 10740 4822 10740 5422 10741 4822 10741 5396 10741 4822 10742 4820 10742 5396 10742 5396 10743 4820 10743 4818 10743 5396 10744 4818 10744 5387 10744 4818 10745 4816 10745 5387 10745 5387 10746 4816 10746 4832 10746 5387 10747 4832 10747 5388 10747 4832 10748 4831 10748 5388 10748 5388 10749 4831 10749 4829 10749 5388 10750 4829 10750 5427 10750 4829 10751 4827 10751 5427 10751 5427 10752 4827 10752 4825 10752 5427 10753 4825 10753 5428 10753 4825 10754 4871 10754 5428 10754 5428 10755 4871 10755 4870 10755 5428 10756 4870 10756 5419 10756 4870 10757 4869 10757 5419 10757 5419 10758 4869 10758 4868 10758 5419 10759 4868 10759 5418 10759 5418 10760 4868 10760 4867 10760 5418 10761 4867 10761 5416 10761 5416 10762 4867 10762 4866 10762 5416 10763 4866 10763 186 10763 188 10764 187 10764 4744 10764 188 10765 4744 10765 5402 10765 5402 10766 4744 10766 4598 10766 5402 10767 4598 10767 5400 10767 5413 10768 5400 10768 4716 10768 4716 10769 5400 10769 4598 10769 5429 10770 5430 10770 5431 10770 5431 10771 5430 10771 5432 10771 5431 10772 5432 10772 5433 10772 5434 10773 5435 10773 5431 10773 5431 10774 5435 10774 5436 10774 5431 10775 5436 10775 5429 10775 5437 10776 5438 10776 5431 10776 5431 10777 5438 10777 5439 10777 5431 10778 5439 10778 5434 10778 5433 10779 5440 10779 5431 10779 5431 10780 5440 10780 5441 10780 5431 10781 5441 10781 5437 10781 5389 10782 5432 10782 5420 10782 5420 10783 5432 10783 5430 10783 5420 10784 5430 10784 5398 10784 5398 10785 5430 10785 5429 10785 5398 10786 5429 10786 5399 10786 5399 10787 5429 10787 5436 10787 5399 10788 5436 10788 5423 10788 5423 10789 5436 10789 5435 10789 5423 10790 5435 10790 5424 10790 5424 10791 5435 10791 5434 10791 5424 10792 5434 10792 5425 10792 5425 10793 5434 10793 5439 10793 5425 10794 5439 10794 5426 10794 5426 10795 5439 10795 5438 10795 5426 10796 5438 10796 5411 10796 5411 10797 5438 10797 5437 10797 5411 10798 5437 10798 5412 10798 5412 10799 5437 10799 5441 10799 5412 10800 5441 10800 5415 10800 5415 10801 5441 10801 5440 10801 5415 10802 5440 10802 5417 10802 5417 10803 5440 10803 5433 10803 5417 10804 5433 10804 5389 10804 5389 10805 5433 10805 5432 10805 5442 10806 5443 10806 5444 10806 5444 10807 5443 10807 5445 10807 5444 10808 5445 10808 5446 10808 5447 10809 5448 10809 5444 10809 5444 10810 5448 10810 5449 10810 5444 10811 5449 10811 5442 10811 5450 10812 5451 10812 5444 10812 5444 10813 5451 10813 5452 10813 5444 10814 5452 10814 5447 10814 5446 10815 5453 10815 5444 10815 5444 10816 5453 10816 5454 10816 5444 10817 5454 10817 5450 10817 5391 10818 5445 10818 5392 10818 5392 10819 5445 10819 5443 10819 5392 10820 5443 10820 5407 10820 5407 10821 5443 10821 5442 10821 5407 10822 5442 10822 5408 10822 5408 10823 5442 10823 5449 10823 5408 10824 5449 10824 5409 10824 5409 10825 5449 10825 5448 10825 5409 10826 5448 10826 5414 10826 5414 10827 5448 10827 5447 10827 5414 10828 5447 10828 5401 10828 5401 10829 5447 10829 5452 10829 5401 10830 5452 10830 5403 10830 5403 10831 5452 10831 5451 10831 5403 10832 5451 10832 5404 10832 5404 10833 5451 10833 5450 10833 5404 10834 5450 10834 5405 10834 5405 10835 5450 10835 5454 10835 5405 10836 5454 10836 5406 10836 5406 10837 5454 10837 5453 10837 5406 10838 5453 10838 5390 10838 5390 10839 5453 10839 5446 10839 5390 10840 5446 10840 5391 10840 5391 10841 5446 10841 5445 10841 264 10842 262 10842 244 10842 244 10843 262 10843 246 10843 195 10844 193 10844 225 10844 225 10845 193 10845 216 10845 255 10846 257 10846 281 10846 281 10847 257 10847 275 10847 236 10848 218 10848 212 10848 212 10849 218 10849 199 10849 263 10850 243 10850 261 10850 261 10851 243 10851 245 10851 261 10852 245 10852 273 10852 273 10853 245 10853 247 10853 273 10854 247 10854 274 10854 274 10855 247 10855 260 10855 274 10856 260 10856 283 10856 283 10857 260 10857 259 10857 283 10858 259 10858 282 10858 282 10859 259 10859 258 10859 282 10860 258 10860 280 10860 280 10861 258 10861 256 10861 280 10862 256 10862 278 10862 278 10863 256 10863 253 10863 278 10864 253 10864 272 10864 272 10865 253 10865 251 10865 272 10866 251 10866 270 10866 270 10867 251 10867 249 10867 270 10868 249 10868 268 10868 268 10869 249 10869 238 10869 268 10870 238 10870 265 10870 265 10871 238 10871 241 10871 265 10872 241 10872 263 10872 263 10873 241 10873 243 10873 194 10874 224 10874 192 10874 192 10875 224 10875 226 10875 192 10876 226 10876 197 10876 197 10877 226 10877 227 10877 197 10878 227 10878 198 10878 198 10879 227 10879 215 10879 198 10880 215 10880 214 10880 214 10881 215 10881 217 10881 214 10882 217 10882 213 10882 213 10883 217 10883 219 10883 213 10884 219 10884 211 10884 211 10885 219 10885 235 10885 211 10886 235 10886 209 10886 209 10887 235 10887 228 10887 209 10888 228 10888 206 10888 206 10889 228 10889 230 10889 206 10890 230 10890 204 10890 204 10891 230 10891 232 10891 204 10892 232 10892 202 10892 202 10893 232 10893 220 10893 202 10894 220 10894 196 10894 196 10895 220 10895 222 10895 196 10896 222 10896 194 10896 194 10897 222 10897 224 10897 248 10898 271 10898 269 10898 248 10899 269 10899 239 10899 239 10900 269 10900 267 10900 239 10901 267 10901 240 10901 240 10902 267 10902 266 10902 240 10903 266 10903 242 10903 242 10904 266 10904 264 10904 242 10905 264 10905 244 10905 271 10906 248 10906 250 10906 271 10907 250 10907 276 10907 276 10908 250 10908 252 10908 276 10909 252 10909 277 10909 277 10910 252 10910 254 10910 277 10911 254 10911 279 10911 279 10912 254 10912 255 10912 279 10913 255 10913 281 10913 233 10914 205 10914 203 10914 233 10915 203 10915 234 10915 234 10916 203 10916 201 10916 234 10917 201 10917 221 10917 221 10918 201 10918 200 10918 221 10919 200 10919 223 10919 223 10920 200 10920 195 10920 223 10921 195 10921 225 10921 205 10922 233 10922 231 10922 205 10923 231 10923 207 10923 207 10924 231 10924 229 10924 207 10925 229 10925 208 10925 208 10926 229 10926 237 10926 208 10927 237 10927 210 10927 210 10928 237 10928 236 10928 210 10929 236 10929 212 10929 5455 10930 5456 10930 5457 10930 5457 10931 5456 10931 5458 10931 5457 10932 5458 10932 5459 10932 5460 10933 5461 10933 5462 10933 5462 10934 5461 10934 5463 10934 5462 10935 5463 10935 5464 10935 5464 10936 5465 10936 5462 10936 5462 10937 5465 10937 5466 10937 5462 10938 5466 10938 5458 10938 5458 10939 5466 10939 5467 10939 5458 10940 5467 10940 5459 10940 5455 10941 5468 10941 5456 10941 5456 10942 5468 10942 5469 10942 5456 10943 5469 10943 5460 10943 5460 10944 5469 10944 5470 10944 5460 10945 5470 10945 5461 10945 5471 10946 5460 10946 5472 10946 5472 10947 5460 10947 5462 10947 5473 10948 5474 10948 5475 10948 5475 10949 5474 10949 5476 10949 5476 10950 5474 10950 5477 10950 5476 10951 5477 10951 5478 10951 5473 10952 5475 10952 5479 10952 5479 10953 5475 10953 5471 10953 5479 10954 5471 10954 5480 10954 5478 10955 5481 10955 5476 10955 5476 10956 5481 10956 5482 10956 5476 10957 5482 10957 5472 10957 5472 10958 5482 10958 5483 10958 5483 10959 5484 10959 5472 10959 5472 10960 5484 10960 5485 10960 5472 10961 5485 10961 5471 10961 5471 10962 5485 10962 5486 10962 5471 10963 5486 10963 5480 10963 5475 10964 5476 10964 5487 10964 5487 10965 5476 10965 5488 10965 5487 10966 5488 10966 5489 10966 5489 10967 5488 10967 5490 10967 5489 10968 5490 10968 5491 10968 5491 10969 5490 10969 5492 10969 5491 10970 5492 10970 5493 10970 5493 10971 5492 10971 5494 10971 5493 10972 5494 10972 5495 10972 5495 10973 5494 10973 5496 10973 5495 10974 5496 10974 5497 10974 5497 10975 5496 10975 5498 10975 5497 10976 5498 10976 5499 10976 5499 10977 5498 10977 5500 10977 5499 10978 5500 10978 5501 10978 5501 10979 5500 10979 5502 10979 5501 10980 5502 10980 5503 10980 5503 10981 5502 10981 5504 10981 5503 10982 5504 10982 5505 10982 5505 10983 5504 10983 5506 10983 5505 10984 5506 10984 5507 10984 5507 10985 5506 10985 5508 10985 5507 10986 5508 10986 5509 10986 5509 10987 5508 10987 5510 10987 5509 10988 5510 10988 5511 10988 5511 10989 5510 10989 5512 10989 5511 10990 5512 10990 5513 10990 5513 10991 5512 10991 5514 10991 5513 10992 5514 10992 5515 10992 5515 10993 5514 10993 5516 10993 5515 10994 5516 10994 5517 10994 5517 10995 5516 10995 5518 10995 5517 10996 5518 10996 5519 10996 5519 10997 5518 10997 5520 10997 5519 10998 5520 10998 5521 10998 5521 10999 5520 10999 5522 10999 5523 11000 5524 11000 5525 11000 5525 11001 5524 11001 5526 11001 5525 11002 5526 11002 5527 11002 5527 11003 5526 11003 5528 11003 5523 11004 5525 11004 5529 11004 5529 11005 5525 11005 5521 11005 5529 11006 5521 11006 5530 11006 5531 11007 5522 11007 5532 11007 5532 11008 5522 11008 5527 11008 5532 11009 5527 11009 5533 11009 5533 11010 5527 11010 5528 11010 5531 11011 5534 11011 5522 11011 5522 11012 5534 11012 5535 11012 5522 11013 5535 11013 5521 11013 5521 11014 5535 11014 5536 11014 5521 11015 5536 11015 5530 11015 5537 11016 5525 11016 5538 11016 5538 11017 5525 11017 5527 11017 5539 11018 5537 11018 5540 11018 5540 11019 5537 11019 5538 11019 5540 11020 5538 11020 5541 11020 5542 11021 5543 11021 5544 11021 5544 11022 5543 11022 5545 11022 5544 11023 5545 11023 5546 11023 5546 11024 5547 11024 5544 11024 5544 11025 5547 11025 5548 11025 5544 11026 5548 11026 5538 11026 5538 11027 5548 11027 5549 11027 5538 11028 5549 11028 5541 11028 5539 11029 5550 11029 5537 11029 5537 11030 5550 11030 5551 11030 5537 11031 5551 11031 5542 11031 5542 11032 5551 11032 5552 11032 5542 11033 5552 11033 5543 11033 5542 11034 5544 11034 5553 11034 5542 11035 5553 11035 5554 11035 5554 11036 5553 11036 5555 11036 5554 11037 5555 11037 5556 11037 5556 11038 5555 11038 5557 11038 5556 11039 5557 11039 5558 11039 5558 11040 5557 11040 5559 11040 5558 11041 5559 11041 5560 11041 5560 11042 5559 11042 5561 11042 5560 11043 5561 11043 5562 11043 5562 11044 5561 11044 5563 11044 5562 11045 5563 11045 5564 11045 5564 11046 5563 11046 5565 11046 5564 11047 5565 11047 5566 11047 5566 11048 5565 11048 5567 11048 5566 11049 5567 11049 5568 11049 5568 11050 5567 11050 5569 11050 5568 11051 5569 11051 5570 11051 5570 11052 5569 11052 5571 11052 5570 11053 5571 11053 5572 11053 5572 11054 5571 11054 5573 11054 5572 11055 5573 11055 5574 11055 5574 11056 5573 11056 5575 11056 5574 11057 5575 11057 5576 11057 5576 11058 5575 11058 5577 11058 5576 11059 5577 11059 5578 11059 5578 11060 5577 11060 5579 11060 5578 11061 5579 11061 5580 11061 5580 11062 5579 11062 5581 11062 5580 11063 5581 11063 5582 11063 5582 11064 5581 11064 5583 11064 5582 11065 5583 11065 5584 11065 5584 11066 5583 11066 5458 11066 5584 11067 5458 11067 5456 11067 5456 11068 5460 11068 5471 11068 5525 11069 5537 11069 5521 11069 5521 11070 5537 11070 5542 11070 5521 11071 5542 11071 5519 11071 5471 11072 5475 11072 5456 11072 5456 11073 5475 11073 5487 11073 5456 11074 5487 11074 5584 11074 5584 11075 5487 11075 5489 11075 5584 11076 5489 11076 5582 11076 5582 11077 5489 11077 5491 11077 5582 11078 5491 11078 5580 11078 5580 11079 5491 11079 5493 11079 5580 11080 5493 11080 5578 11080 5578 11081 5493 11081 5495 11081 5578 11082 5495 11082 5576 11082 5576 11083 5495 11083 5497 11083 5576 11084 5497 11084 5574 11084 5574 11085 5497 11085 5499 11085 5574 11086 5499 11086 5572 11086 5572 11087 5499 11087 5501 11087 5572 11088 5501 11088 5570 11088 5570 11089 5501 11089 5503 11089 5519 11090 5542 11090 5517 11090 5517 11091 5542 11091 5554 11091 5517 11092 5554 11092 5515 11092 5515 11093 5554 11093 5556 11093 5515 11094 5556 11094 5513 11094 5513 11095 5556 11095 5558 11095 5513 11096 5558 11096 5511 11096 5511 11097 5558 11097 5560 11097 5511 11098 5560 11098 5509 11098 5509 11099 5560 11099 5562 11099 5509 11100 5562 11100 5507 11100 5507 11101 5562 11101 5564 11101 5507 11102 5564 11102 5505 11102 5505 11103 5564 11103 5566 11103 5505 11104 5566 11104 5503 11104 5503 11105 5566 11105 5568 11105 5503 11106 5568 11106 5570 11106 5544 11107 5538 11107 5527 11107 5472 11108 5462 11108 5476 11108 5476 11109 5462 11109 5458 11109 5527 11110 5522 11110 5544 11110 5544 11111 5522 11111 5520 11111 5544 11112 5520 11112 5553 11112 5553 11113 5520 11113 5518 11113 5553 11114 5518 11114 5555 11114 5555 11115 5518 11115 5516 11115 5555 11116 5516 11116 5557 11116 5557 11117 5516 11117 5514 11117 5557 11118 5514 11118 5559 11118 5559 11119 5514 11119 5512 11119 5559 11120 5512 11120 5561 11120 5561 11121 5512 11121 5510 11121 5561 11122 5510 11122 5563 11122 5563 11123 5510 11123 5508 11123 5563 11124 5508 11124 5565 11124 5565 11125 5508 11125 5506 11125 5565 11126 5506 11126 5567 11126 5567 11127 5506 11127 5504 11127 5567 11128 5504 11128 5569 11128 5569 11129 5504 11129 5502 11129 5569 11130 5502 11130 5571 11130 5571 11131 5502 11131 5573 11131 5573 11132 5502 11132 5500 11132 5573 11133 5500 11133 5575 11133 5575 11134 5500 11134 5498 11134 5575 11135 5498 11135 5577 11135 5577 11136 5498 11136 5496 11136 5577 11137 5496 11137 5579 11137 5579 11138 5496 11138 5494 11138 5579 11139 5494 11139 5581 11139 5581 11140 5494 11140 5492 11140 5581 11141 5492 11141 5583 11141 5583 11142 5492 11142 5490 11142 5583 11143 5490 11143 5458 11143 5458 11144 5490 11144 5488 11144 5458 11145 5488 11145 5476 11145 5535 11146 5545 11146 5536 11146 5536 11147 5545 11147 5543 11147 5536 11148 5543 11148 5530 11148 5530 11149 5543 11149 5552 11149 5530 11150 5552 11150 5529 11150 5529 11151 5552 11151 5551 11151 5529 11152 5551 11152 5523 11152 5523 11153 5551 11153 5550 11153 5523 11154 5550 11154 5524 11154 5524 11155 5550 11155 5539 11155 5524 11156 5539 11156 5526 11156 5526 11157 5539 11157 5540 11157 5526 11158 5540 11158 5528 11158 5528 11159 5540 11159 5541 11159 5528 11160 5541 11160 5533 11160 5533 11161 5541 11161 5549 11161 5533 11162 5549 11162 5532 11162 5532 11163 5549 11163 5548 11163 5532 11164 5548 11164 5531 11164 5531 11165 5548 11165 5547 11165 5531 11166 5547 11166 5534 11166 5534 11167 5547 11167 5546 11167 5534 11168 5546 11168 5535 11168 5535 11169 5546 11169 5545 11169 5485 11170 5463 11170 5486 11170 5486 11171 5463 11171 5461 11171 5486 11172 5461 11172 5480 11172 5480 11173 5461 11173 5470 11173 5480 11174 5470 11174 5479 11174 5479 11175 5470 11175 5469 11175 5479 11176 5469 11176 5473 11176 5473 11177 5469 11177 5468 11177 5473 11178 5468 11178 5474 11178 5474 11179 5468 11179 5455 11179 5474 11180 5455 11180 5477 11180 5477 11181 5455 11181 5457 11181 5477 11182 5457 11182 5478 11182 5478 11183 5457 11183 5459 11183 5478 11184 5459 11184 5481 11184 5481 11185 5459 11185 5467 11185 5481 11186 5467 11186 5482 11186 5482 11187 5467 11187 5466 11187 5482 11188 5466 11188 5483 11188 5483 11189 5466 11189 5465 11189 5483 11190 5465 11190 5484 11190 5484 11191 5465 11191 5464 11191 5484 11192 5464 11192 5485 11192 5485 11193 5464 11193 5463 11193</p>
        </triangles>
      </mesh>
    </geometry>
  </library_geometries>
  <library_visual_scenes>
    <visual_scene id="Scene" name="Scene">
      <node id="相機架組合" name="相機架組合" type="NODE">
        <matrix sid="transform">1 0 0 0 0 1 0 0 0 0 1 0 0 0 0 1</matrix>
        <instance_geometry url="#相機架組合-mesh" name="相機架組合">
          <bind_material>
            <technique_common>
              <instance_material symbol="材質-material" target="#材質-material"/>
              <instance_material symbol="材質-material" target="#材質-material"/>
            </technique_common>
          </bind_material>
        </instance_geometry>
      </node>
    </visual_scene>
  </library_visual_scenes>
  <scene>
    <instance_visual_scene url="#Scene"/>
  </scene>
</COLLADA>